content_id,tmdb_id,title,content_type,country_code,runtime_minutes,episode_count,overview
1,496243,기생충,영화,KR,131.0,,"전원 백수로 살 길 막막하지만 사이는 좋은 기택 가족. 장남 기우에게 명문대생 친구가 연결시켜 준 고액 과외 자리는 모처럼 싹튼 고정수입의 희망이다. 온 가족의 도움과 기대 속에 박 사장 집으로 향하는 기우. 글로벌 IT기업의 CEO인 박 사장의 저택에 도착하자 젊고 아름다운 사모님 연교와 가정부 문광이 기우를 맞이한다. 큰 문제 없이 박 사장의 딸 다혜의 과외를 시작한 기우. 그러나 이렇게 시작된 두 가족의 만남 뒤로, 걷잡을 수 없는 사건이 기다리고  있는데....."
2,269955,인간중독,영화,KR,132.0,,"베트남전이 막바지로 치달아가던 1969년, 엄격한 위계질서와 상하관계로 지배되는 군관사. 모두의 신임을 받으며 승승장구 중인 교육대장 김진평과 남편을 장군으로 만들려는 야망을 가진 진평의 아내 이숙진. 어느 날, 김진평의 부하로 충성을 맹세하는 경우진과 그의 아내 종가흔이 이사를 온다. 진평은 우진의 아내 가흔에게 첫 만남부터 강렬한 떨림을 느끼는데…"
3,670,올드보이,영화,KR,120.0,,"오대수는 어느 날 술이 거나하게 취해 집에 돌아가는 길에 누군가에게 납치, 사설 감금방에 갇히게 된다. 중국집 군만두만을 먹으며 8평이라는 제한된 공간에서 그가 할 수 있는 일이라곤 텔레비전 보는 게 전부. 1년이 지났을 무렵, 뉴스를 통해 나오는 아내의 살해소식. 게다가 아내의 살인범으로 자신이 지목되고 있음을 알게 된 오대수는 복수와 탈출을 위해 감금방 한쪽 구석을 쇠젓가락으로 파기 시작한다. 감금 15년을 맞이하는 해, 마침내 사람 몸 하나 빠져나갈 만큼의 탈출구가 생겼을 때, 어이없게도 15년 전 납치됐던 바로 그 장소로 풀려나 있는 자신을 발견하게 된다."
4,290098,아가씨,영화,KR,144.0,,"어릴 적 부모를 잃고 후견인 이모부의 보호 아래 살아가는 귀족 아가씨에게 백작이 추천한 새로운 하녀가 찾아온다. 이모부의 서재에서 책을 읽는 것이 일상의 전부인 아가씨는  순박해 보이는 하녀에게 조금씩 의지하기 시작한다. 하지만 하녀의 정체는 유명한 여도둑의 딸인 소매치기 고아 소녀 숙희. 막대한 재산을 상속받게 될 아가씨를 유혹하여 돈을 가로채겠다는 사기꾼 백작의 제안을 받고  아가씨가 백작을 사랑하게 만들기 위해 하녀가 된 것. 드디어 백작이 등장하고, 백작과 숙희는 자신만의 방식으로 아가씨의 마음을 흔들기 시작하는데..."
5,11423,살인의 추억,영화,KR,127.0,,"1986년 경기도. 젊은 여인이 무참히 강간, 살해당한 시체로 발견된다. 2개월 후 비슷한 수법의 강간살인사건이 연이어 발생하면서 사건은 세간의 주목을 받기 시작하고, 일대는 연쇄살인이라는 생소한 범죄의 공포에 휩싸인다. 사건 발생 지역에 특별수사본부가 설치되고, 수사본부는 구희봉 반장을 필두로 지역토박이 형사 박두만과 조용구, 그리고 서울 시경에서 자원해 온 서태윤이 배치된다. 육감과 폭력으로 수사를 진행하는 박형사와 증거와 과학수사를 추구하는 서형사는 수사 내내 마찰을 일으키는데..."
6,639988,어쩔수가없다,영화,KR,139.0,,"다 이루었다는 생각이 들 만큼 삶에 만족하던 25년 경력의 제지 전문가 만수. 아내 미리, 두 아이, 반려견들과 함께 행복한 일상을 보내던 만수는 회사로부터 돌연 해고 통보를 받는다. 목이 잘려 나가는 듯한 충격에 괴로워하던 만수는, 가족을 위해 석 달 안에 반드시 재취업하겠다고 다짐한다. 그 다짐이 무색하게도, 그는 1년 넘게 마트에서 일하며 면접장을 전전하고, 급기야 어렵게 장만한 집마저 빼앗길 위기에 처한다. 무작정 문 제지를 찾아가 필사적으로 이력서를 내밀지만, 선출 반장 앞에서 굴욕만 당한다. 문 제지의 자리는 누구보다 자신이 제격이라고 확신한 만수는 모종의 결심을 한다."
7,615173,마녀 2,영화,KR,137.0,,"자윤이 사라진 뒤, 정체불명의 집단의 무차별 습격으로 마녀 프로젝트가 진행되고 있는 아크가 초토화된다. 그곳에서 홀로 살아남은 소녀는 생애 처음 세상 밖으로 발을 내딛고 우연히 만난 경희의 도움으로 농장에서 지내며 따뜻한 일상에 적응해간다. 한편, 소녀가 망실되자 행방을 쫓는 책임자 장과 마녀 프로젝트의 창시자 백총괄의 지령을 받고 제거에 나선 본사 요원 조현, 경희의 농장 소유권을 노리는 조직의 보스 용두와 상해에서 온 의문의 4인방까지 각기 다른 목적을 지닌 세력이 하나 둘 모여들기 시작하면서 소녀 안에 숨겨진 본성이 깨어나는데…"
8,1268127,휴민트,영화,KR,120.0,,"러시아에서 마약 조직을 추적하던 남한 요원. 북한 요원과 정면충돌하면서, 두 사람은 거대한 위험과 거미줄처럼 얽힌 음모에 휘말린다."
9,287649,마담 뺑덕,영화,KR,111.0,,"불미스러운 오해에 휘말려, 지방 소도시 문화센터의 문학 강사로 내려온 교수 학규는 퇴락한 놀이공원의 매표소 직원으로, 고여있는 일상에 신물 난 처녀 덕이와 걷잡을 수 없는 사랑에 빠진다. 그러나 학규는 복직이 되자마자 서울로 돌아가고 덕이는 버림 받는다. 8년 후, 학규는 작가로 명성을 얻지만 딸 청이는 엄마의 자살이 아버지 탓이라 여기며 반항하고, 학규는 눈이 멀어져 가는 병까지 걸린다. 모든 것을 잃을 위기에 처한 학규의 앞 집으로 이사 온 여자 세정. 눈이 거의 보이지 않는 학규가 세정이 8년 전 덕이라는 걸 모른 채 그녀에게 의지하는 사이, 청이 또한 그녀에게 집착하게 된다. 덕이 없이 아무것도 못하게 된 학규, 그리고 두 사람 사이를 눈치채고 위험한 질투를 시작하는 청이. 세 사람의 위태로운 관계의 한 가운데, 마침내 주도권을 쥔 덕이는 학규의 모든 것을 망가뜨리려고 하는데…"
10,110415,설국열차,영화,KR,127.0,,"기상 이변으로 모든 것이 꽁꽁 얼어붙은 지구, 살아남은 사람들을 태운 기차 한 대가 끝없이 궤도를 달리고 있다. 춥고 배고픈 사람들이 바글대는 빈민굴 같은 꼬리칸, 그리고 선택된 사람들이 술과 마약까지 즐기며 호화로운 객실을 뒹굴고 있는 앞쪽칸. 열차 안의 세상은 결코 평등하지 않다. 기차가 달리기 시작한 17년째, 꼬리칸의 젊은 지도자 커티스는 긴 세월 준비해 온 폭동을 일으킨다. 기차의 심장인 엔진을 장악하고 기차 전체를 해방시키기 위해 절대권력자 윌포드가 도사리고 있는 엔진 칸을 향해 질주하는 커티스와 꼬리칸 사람들. 그들 앞에 예기치 못한 상황들이 기다리고 있는데..."
11,508642,곤지암,영화,KR,94.0,,"1979년 환자 42명의 집단 자살과 병원장의 실종 이후, 섬뜩한 괴담으로 둘러싸인 곤지암 정신병원으로 공포체험을 떠난 7명의 멤버들. 원장실, 집단 치료실, 실험실, 열리지 않는 402호. 괴담의 실체를 담아내기 위해 병원 내부를 촬영하기 시작하던 멤버들에게 상상도 못한 기이하고 공포스러운 일들이 실제로 벌어지기 시작 하는데…"
12,982843,대홍수,영화,KR,107.0,,대홍수가 덮친 지구 종말의 날. 물에 잠겨가는 아파트에 갇힌 연구원과 어린 아들이 탈출을 시도한다. 그 순간 도착한 중대 임무. 그녀는 인류의 운명이 걸린 과제를 끝까지 완수할 수 있을까.
13,49797,악마를 보았다,영화,KR,144.0,,"국정원 경호요원 수현은 약혼녀 주연이 잔인하게 살해당하자 자신에게 가장 소중한 사람을 지켜내지 못했다는 자괴감과 분노로 가장 고통스러운 복수를 다짐한다. 수현은 연쇄살인마 장경철이 범인임을 알아내고 죽을 만큼의 고통만 가하고 놓아주기를 반복하며 처절한 응징을 시작한다. 그러나, 악마보다 더 악랄한 살인마 장경철은 난생 처음 만난 대등한 적수의 출현을 즐기며 반격에 나서기 시작하는데…"
14,799379,늑대사냥,영화,KR,122.0,,"동남아시아로 도피한 인터폴 수배자들을 이송할 움직이는 교도소 프론티어 타이탄. 극악무도한 이들과 베테랑 형사들이 필리핀 마닐라 항구에 모이고 탈출을 꿈꾸는 종두, 한국으로 돌아가야만 하는 도일을 비롯해 이들은 각자의 목적과 경계심을 품고 탑승한다. 한국으로 향하던 중, 태평양 한 가운데에서 이들에게는 지금까지 보지 못한 극한의 상황과 마주하게 되는데…"
15,338803,간신,영화,KR,131.0,,"연산군 11년, 1만 미녀를 바쳐 왕을 쥐락펴락하려는 자가 득실거리니,  그야말로 간신들의 시대가 도래했다.  “단 하루에 천년의 쾌락을 누리실 수 있도록 준비하겠나이다!”  연산군은 임숭재를 채홍사로 임명하여 조선 각지의 미녀를 강제로 징집했고, 그들을 운평이라 칭하였다.  최악의 간신 임숭재는 이를 기회로 삼아 천하를 얻기 위한 계략을 세우고, 양반집 자제와 부녀자, 천민까지 가릴 것 없이 잡아들이니 백성들의 원성이 하늘을 찔렀다.  ""왕을 다스릴 힘이 내 손안에 있습니다!  내가 바로 왕 위의 왕이란 말입니다!""  임숭재와 임사홍 부자는 왕을 홀리기 위해 뛰어난 미색을 갖춘 단희를 간택해 직접 수련하기 시작하고, 임숭재 부자에게 권력을 뺏길까 전전긍긍하던 희대의 요부 장녹수는 조선 최고의 명기 설중매를 불러들여 단희를 견제한다.  한 치도 물러설 수 없는 간신들의 치열한 권력다툼이 시작되고, 단희와 설중매는 살아남기 위해 조선 최고의 색(色)이 되기 위한 수련을 하게 되는데…"
16,255709,소원,영화,KR,123.0,,"어느 비 오는 아침, 학교를 가던 9살 소녀 소원은 술에 취한 아저씨에게 끌려가 믿고 싶지 않은 사고를 당한다. 이 일로 몸과 마음에 지울 수 없는 상처를 받은 소원이네 가족. 하지만 절망 끝에서 희망을 찾아 나서는데..."
17,705996,헤어질 결심,영화,KR,138.0,,"산 정상에서 추락한 한 남자의 변사 사건. 담당 형사 해준은 사망자의 아내 서래와 마주하게 된다. 남편의 죽음 앞에서 특별한 동요를 보이지 않는 서래. 경찰은 보통의 유가족과는 다른 서래를 용의선상에 올린다. 해준은 사건 당일의 알리바이 탐문과 신문, 잠복수사를 통해 서래를 알아가면서 그녀에 대한 관심이 점점 커져가는 것을 느낀다. 한편 좀처럼 속을 짐작하기 어려운 서래는 상대가 자신을 의심한다는 것을 알면서도 조금의 망설임도 없이 해준을 대하는데..."
18,851644,20세기 소녀,영화,KR,119.0,,"보라의 둘도 없는 친구 연두는 심장 수술을 위해 미국에 가면서 자신이 좋아하는 남자 백현진에 대한 모든 정보를 수집해 달라고 보라에게 부탁한다. 보라는 백현진의 가장 친한 친구 풍운호와 먼저 친해지기로 한다. 하지만 보라의 서투른 계획은 예상치 못한 방향으로 전개된다. 새로운 세기가 오기 1년 전인 1999년, 17세가 된 보라는 첫사랑의 열병에 빠진다."
19,50727,방자전,영화,KR,124.0,,"몽룡을 따라간 청풍각에서 기생의 딸 춘향에게 한 눈에 반해 버린 몸종 방자. 도련님 또한 그녀를 눈여겨본다는 사실에 마음을 접으려 하지만, 자신을 하대하는 몽룡의 태도에 적개심으로 춘향에 대한 자신의 마음을 드러내 버린다. 춘향 역시 방자의 남자다움과 자상함에 흔들리고, 마침내 방자는 춘향을 품게 된다.  하지만, 신분 상승의 꿈을 접을 수 없는 춘향은 몽룡이 과거 시험을 위해 한양으로 떠나기 전 정인 서약을 맺고, 방자는 이를 알면서도 춘향에 대한 마음을 접지 못한다. 그러던 어느날, 장원 급제한 몽룡이 돌아와 춘향에게 더 큰 출세를 위해 모종의 거래를 제안하게 되는데…"
20,838209,파묘,영화,KR,133.0,,"미국 LA, 거액의 의뢰를 받은 무당 화림과 봉길은 기이한 병이 대물림되는 집안의 장손을 만난다. 조상의 묫자리가 화근임을 알아챈 화림은 이장을 권하고, 돈 냄새를 맡은 최고의 풍수사 상덕과 장의사 영근이 합류한다. 절대 사람이 묻힐 수 없는 악지에 자리한 기이한 묘. 상덕은 불길한 기운을 느끼고 제안을 거절하지만, 화림의 설득으로 결국 파묘가 시작되고… 나와서는 안될 것이 나왔다."
21,581392,반도,영화,KR,115.0,,전대미문의 재난 이후 4년이 흐른 대한민국은 버려진 땅이 되어버렸다. 사람들은 고립된 섬이 된 반도에 갇혔고 누구의 생사도 확인할 수 없는 상황에서 정석은 피할 수 없는 미션을 받고 한국 땅에 다시 발을 들인다. 정석은 미지의 세계인 그곳에서 예상치 못한 습격을 받고 일촉즉발의 순간 ‘반도’의 생존자들을 만나게 된다.
22,1466115,"오늘 밤, 세계에서 이 사랑이 사라진다 해도",영화,KR,106.0,,하루가 지나면 모든 기억이 사라지는 특별한 여고생. 그녀 앞에 조용하고 다정한 같은 반 남학생이 나타난다. 매일이 첫날처럼 새로운 그들의 사랑은 과연 피어날 수 있을까?
23,1255,괴물,영화,KR,119.0,,"아버지가 운영하는 한강매점, 늘어지게 낮잠 자던 강두는 우연히 특이한 광경을 목격하게 된다. 생전 보도 못한 무언가가 한강다리에 매달려 움직이는 것이다. 정체를 알 수 없는 괴물은 둔치 위로 올라와 사람들을 거침없이 깔아뭉개고, 무차별로 물어뜯기 시작한다. 순식간에 아수라장으로 돌변하는 한강변. 강두도 뒤늦게 딸 현서를 데리고 정신없이 도망가지만, 꼭 잡았던 현서의 손을 놓치고 만다. 하루아침에 집과 생계, 그리고 현서까지 모든 것을 잃게 된 강두 가족. 돈도 없고 빽도 없는 그들은 위험구역으로 선포된 한강 어딘가에 있을 현서를 찾아 나선다."
24,122126,후궁: 제왕의 첩,영화,KR,122.0,,"부모의 강요로 후궁이 되어야 하는 화연(조여정)은 오랜 연인인 권유(김민준)와 헤어져 궁으로 들어간다. 왕의 이복동생인 성원대군(김동욱)은 화연을 사랑하지만, 형수가 된 그녀를 어쩔 수는 없다. 5년 뒤, 선왕의 승하와 함께 성원대군은 왕위에 오른다. 섭정의 명목으로 왕의 머리 위에 오른 대비(박지영)와 그녀의 간신들이 선왕의 세력들을 처단하는 가운데, 화연 또한 위기에 놓인다. 하지만 여전히 그녀를 사랑하는 성원대군은 무능한 왕이고, 내시가 되어 궁에 들어온 옛 연인 권유는 화연과 화연의 부모를 향해 이를 갈고 있는데..."
25,491584,버닝,영화,KR,148.0,,유통회사 알바생 종수는 배달을 갔다가 어릴 적 같은 동네에서 살았던 친구 해미를 만난다. 종수는 해미에게서 아프리카 여행을 간 동안 자기가 키우는 고양이를 돌봐 달라는 부탁을 받는다. 여행에서 돌아온 해미는 아프리카에서 만난 벤이라는 정체불명의 남자를 종수에게 소개한다. 어느 날 벤은 해미와 함께 종수의 집으로 찾아와 자신의 비밀스러운 취미에 대해 고백한다. 그때부터 종수는 무서운 예감에 사로잡히게 되는데...
26,1131759,전지적 독자 시점,영화,KR,117.0,,"10년 이상 연재된 소설이 완결된 날 소설 속 세계가 현실이 되어 버리고, 유일한 독자였던 ‘김독자’가 소설의 주인공 ‘유중혁’ 그리고 동료들과 함께 멸망한 세계에서 살아남기 위한 이야기."
27,397567,신과함께-죄와 벌,영화,KR,139.0,,"살인, 나태, 거짓, 불의, 배신, 폭력, 천륜 7개의 지옥에서 7번의 재판을 무사히 통과한 망자만이 환생하여 새로운 삶을 시작할 수 있다. 화재 사고 현장에서 여자아이를 구하고 죽음을 맞이한 소방관 자홍, 그의 앞에 저승차사 해원맥과 덕춘이 나타난다. 자신의 죽음이 아직 믿기지도 않는데 덕춘은 정의로운 망자이자 귀인이라며 그를 치켜세운다. 저승으로 가는 입구, 초군문에서 그를 기다리는 또 한 명의 차사 강림, 그는 차사들의 리더이자 앞으로 자홍이 겪어야 할 7개의 재판에서 변호를 맡아줄 변호사이기도 하다. 염라대왕에게 천년 동안 49명의 망자를 환생시키면 자신들 역시 인간으로 환생시켜 주겠다는 약속을 받은 삼차사들, 그들은 자신들이 변호하고 호위해야 하는 48번째 망자이자 19년 만에 나타난 의로운 귀인 자홍의 환생을 확신하지만, 각 지옥에서 자홍의 과거가 하나 둘씩 드러나면서 예상치 못한 고난과 맞닥뜨리는데…"
28,1355666,고백의 역사,영화,KR,121.0,,"사랑에 빠진 10대 소녀, 학교 최고 인기남의 마음을 얻기 위해 곱슬머리를 생머리로 바꾸기로 결심한다."
29,933131,황야,영화,KR,107.0,,세상은 폐허로 변했다. 오직 힘이 지배하는 무법천지가 되었다. 그 황량한 땅에서 살아가는 자들이 생존을 위해 최후의 사투를 벌이는 액션 블록버스터.
30,614696,#살아있다,영화,KR,98.0,,"원인불명 증세의 사람들의 공격에 통제불능에 빠진 도시. 영문도 모른 채 잠에서 깬 준우는 아무도 없는 집에 혼자 고립된 것을 알게 된다. 데이터, 와이파이, 문자, 전화 모든 것이 끊긴 채 고립된 상황. 연락이 두절된 가족에 이어 최소한의 식량마저 바닥이 나자 더 이상 버티기 힘들어진 준우. 하지만 그 순간 건너편 아파트에서 누군가 시그널을 보내온다. 또 다른 생존자 유빈이 아직 살아있음을 알게 된 준우는 함께 살아남기 위한 방법을 찾아 나서는데..."
31,1267319,사마귀,영화,KR,113.0,,"하룻밤 사이 몰락한 청부살인 업계의 거물들. 그들이 세운 질서가 무너지고, 어둠의 세계가 흔들린다. 혼돈 속에서 기회를 노리는 실력자 '사마귀'. 그의 손끝에서 새로운 킬러들의 시대가 열린다."
32,1396749,와일드 씽,영화,KR,108.0,,"한때 가요계를 휩쓸었지만 예기치 못한 사건에 휘말려 하루아침에 해체된 3인조 혼성 댄스 그룹 트라이앵글. 20년 만에 리더 현우에게 재기의 발판이 될 트라이앵글 공연 제안이 들어오고, 인생의 마지막 기회를 잡기 위해 멤버들을 찾아 나선다. 생계형 방송인이 된 현우, 재벌가 며느리가 된 도미, 솔로 앨범으로 빚더미에 앉은 상구까지 세 사람은 다시 모여 공연장으로 향하지만, 과거 트라이앵글의 라이벌 발라드 왕자 성곤과 악연으로 얽힌 전소속사 박대표까지 나타나며 상황은 점점 걷잡을 수 없이 꼬여가는데…"
33,1451344,남편들,영화,KR,110.0,,"전남편 X 현 남편, 납치된 아내를 구하라! 성격도 직업도 너무 다른 두 남편이 아내를 구하겠다는 일념 하나로 얼떨결에 손을 잡는다. 두 남자의 예측 불가 공조 케미가 돋보이는 코믹 액션 영화."
34,961268,발레리나,영화,KR,92.0,,소중한 친구의 죽음을 발견한 전직 경호원. 친구가 남긴 마지막 소원을 들어주기 위해 아름다운 복수에 나선다.
35,17903,쌍화점,영화,KR,132.0,,"격정의 고려말, 왕과 왕의 호위무사 '홍림'. 원의 억압을 받던 고려 말, 친위부대 건룡위의 수장 '홍림'은 대내외적 위기에 놓인 왕을 보필하며 경계를 늦추지 않는다. 그러나 후사문제를 빌미로 원의 무리한 요구는 계속되고, 정체불명의 자객들이 왕의 목숨을 위협하자, 왕은 중대한 결정을 내리게 된다.  거부할 수 없는 선택, 엇갈린 운명. 왕의 명령이라면 목숨처럼 따르는 홍림, 왕은 고려의 왕위를 이을 원자를 얻기 위해 홍림에게 왕후와의 대리합궁을 명한다. 충격과 욕망이 엇갈린 그날 밤, 세 사람의 운명은 소용돌이 치기 시작하는데..."
36,437068,택시운전사,영화,KR,137.0,,"택시운전사 만섭은 아내를 여의고 11살 딸을 키우며 어렵게 살림을 꾸리는 가장. 외국손님을 태우고 광주에 갔다 통금 전에 돌아오면 밀린 월세를 갚을 수 있는 거금 10만원을 준다는 말에  독일기자 피터를 태우고 영문도 모른 채 길을 나선다. 피터는 독일 공영방송 소속 기자로, 일본에서 ‘광주가 심상치 않다’는 말을 듣고 광주로 향한다. 어떻게든 택시비를 받아야 하는 만섭의 기지로 검문을 뚫고 겨우 들어선 광주. 위험하니 서울로 돌아가자는 만섭의 만류에도 피터는 대학생 재식과 황기사의 도움 속에 촬영을 시작하는데..."
37,488623,기억의 밤,영화,KR,109.0,,"새 집으로 이사 온 날 밤, 정체불명의 괴한들에게 납치된 형 유석. 동생 진석은 형이 납치된 후 매일 밤 환청과 환각에 시달리며 불안해한다. 납치된지 19일째 되는 날 돌아온 유석은 그동안의 모든 기억을 잃었다고 말한다. 하지만 돌아온 뒤로 어딘가 변해버린 유석을 의심하던 진석은 매일 밤 사라지는 형을 쫓던 중 충격적인 사실과 마주하게 되는데..."
38,13855,추격자,영화,KR,123.0,,"출장안마소를 운영하는 전직 형사 중호. 최근 데리고 있던 여자들이 잇달아 사라지는 일이 발생하던 중 조금 전 나간 미진을 불러낸 손님의 전화 번호와 사라진 여자들이 마지막으로 통화한 번호가 일치함을 알아낸다. 연락이 두절된 미진을 찾아 헤매던 중 우연히 옷에 피가 묻은 영민과 마주치고, 추격 끝에 그를 붙잡는다. 실종된 여자들을 모두 죽였다는 충격적인 고백을 담담히 털어 놓는 영민에 의해 경찰서는 발칵 뒤집어진다. 공세우기에 혈안이 된 경찰은 미진의 생사보다는 증거를 찾기에만 급급해 하고, 미진이 살아 있다고 믿는 단 한 사람인 중호는 미진을 찾아 나서는데..."
39,518068,신과함께-인과 연,영화,KR,141.0,,"천 년 동안 48명의 망자를 환생시킨 저승 삼차사, 한 명만 더 환생시키면 그들도 새로운 삶을 얻을 수 있다. 하지만 강림은 원귀였던 수홍을 자신들의 마지막 귀인으로 정한다. 저승법 상 원귀는 소멸되어야하나 염라대왕은 새로운 조건을 내걸며 강림의 제안을 수락한다. 염라의 조건은 성주신이 버티고 있어 저승 차사들이 가는 족족 실패하는 허춘삼 노인을 수홍의 재판이 끝나기 전까지 저승으로 데려오는 것. 허춘삼을 데리러 이승으로 내려간 해원맥과 덕춘, 하지만 성주신의 막강한 힘 앞에 속수무책으로 당하기만 하는데..."
40,793387,거룩한 밤: 데몬 헌터스,영화,KR,92.0,,"악마와 그를 쫓는 어둠의 숭배자들로 인해 혼란에 빠지게 된 도시. 공권력조차 이들 앞에서 무력해지자 특별한 능력을 가진 어둠의 해결사 거룩한 밤 팀 바우, 샤론, 김군이 직접 악의 무리를 처단하고자 한다. 그러던 중 갑자기 동생 은서가 이상증세를 보인다는 의뢰인 정원이 찾아오고 그 안에서 지금껏 본 적 없던 강력한 존재의 기운을 느끼는데… 과연 거룩한 밤 팀은 악의 무리에 맞서 세상을 구원해 낼 수 있을까?"
41,601796,외계+인 1부,영화,KR,142.0,,"2022년 현재, 가드와 썬더는 인간의 몸에 가두어진 외계인 죄수를 관리하며 지구에 살고 있다. 어느 날, 서울 상공에 우주선이 나타나고 형사 문도석은 기이한 광경을 목격하게 되는데.. 한편, 630년 전 고려시대 얼치기 도사 무륵과 천둥 쏘는 처자 이안이 엄청난 현상금이 걸린 신검을 차지하기 위해 서로를 속고 속이는 가운데 신검의 비밀을 찾는 두 신선 흑설과 청운, 가면 속의 자장도 신검 쟁탈전에 나선다. 그리고 우주선이 깊은 계곡에서 빛을 내며 떠오르는데…"
42,4550,친절한 금자씨,영화,KR,112.0,,"사람들의 시선을 단번에 사로잡을 만큼 뛰어난 미모의 소유자인 금자는 20살에 죄를 짓고 감옥에 가게 된다. 어린 나이, 너무나 아름다운 외모로 인해 검거되는 순간에도 언론에 유명세를 치른다. 누구보다 성실하고 모범적인 수감생활을 보내는 금자. 친절한 금자씨라는 말도 교도소에서마저 유명세를 떨치던 그녀에게 사람들이 붙여준 별명이다. 13년간의 복역을 무사히 마치고 출소하는 순간, 금자는 그 동안 치밀하게 준비해온 복수를 시작한다. 그녀가 복수하려는 인물은 자신을 죄인으로 만든 백선생. 그녀가 친절을 베풀며 도왔던 동료들은 이제 다양한 방법으로 금자의 복수를 돕는다."
43,51608,아저씨,영화,KR,119.0,,불행한 사건으로 아내를 잃고 세상을 등진 채 전당포를 꾸려가며 외롭게 살아가는 전직 특수요원 태식. 찾아오는 사람이라곤 전당포에 물건을 맡기러 오는 사람들과 옆집소녀 소미뿐이다. 세상으로부터 버림받은 소미와 함께 보내는 시간이 많아지면서 태식과 소미는 서로 마음을 열며 친구가 되어간다.  그러던 어느 날 소미의 엄마가 범죄단체 연루되고 태식의 눈앞에서 소미가 납치되는데...
44,30018,마더,영화,KR,128.0,,"읍내 약재상에서 일하며 아들과 단 둘이 사는 엄마. 그녀에게 아들 도준은 온 세상과 마찬가지다. 28세의 나이답지 않게 제 앞가림을 못 하는 어수룩한 아들  도준은 자잘한 사고를 치고 다니며 엄마의 애간장을 태운다. 어느 날, 한 소녀가 살해 당하고 어처구니없이 도준이 범인으로 몰린다. 아들을 구하기 위해 백방으로 뛰는 엄마. 하지만 경찰은 서둘러 사건을 종결 짓고 무능한 변호사는 돈만 밝힌다. 결국 아들을 구하기 위해 믿을 사람 하나 없이 범인을 찾아나선 엄마. 도준의 혐의가 굳어져 갈수록 엄마 또한 절박해져만 간다."
45,1290182,"그 시절, 우리가 좋아했던 소녀",영화,KR,102.0,,"선아에게 고백하기까지 수많은 날을 보낸 철없던 진우의 열여덟 첫사랑 스토리. 각양각색 사춘기 소년들의 유일한 공통점은 같은 반 반장 선아를 좋아한다는 것! 어느 날, 고등학생 진우는 학교에서 작은 사고를 치게 되고, 이를 계기로 선아에게 특별 감시를 받게 된다. 문제아 진우를 비롯한 친구들은 모범생 선아의 사랑을 얻기 위해 고군분투하며 즐거운 학창 시절을 보내는데, 15년 뒤, 진우는 선아로부터 뜻밖의 고백을 듣게 된다."
46,4689,복수는 나의 것,영화,KR,120.0,,선천성 청각 장애인 류에게 누나는 유일한 가족이다. 신부전증을 앓고 있는 누나는 병이 악화되어 신장을 이식하지 않으면 얼마 살 수 없다는 진단을 받는다. 누나와 혈액형이 달라 이식 수술이 좌절된 류는 장기밀매단과 접촉해 자신의 신장과 전재산 천 만원을 넘겨주고 누나를 위한 신장을 받기로 하지만 모든 것이 사기로 드러난다. 누나에게 맞는 신장을 찾기 위해 돈이 필요한 류는 애인이자 운동권 학생인 영미의 말에 아이를 유괴한다. 착한 유괴라고 류를 설득해 동진의 딸을 유괴하지만 이 사실을 알게 된 류의 누이는 스스로 목숨을 끊고 우연한 사건으로 아이마저 죽게 되는데...
47,280019,황제를 위하여,영화,KR,104.0,,"촉망 받는 야구선수였지만 승부조작에 연루된 후 모든 것을 잃게 된 ‘이환’(이민기).  빠져 나갈 곳 없는 인생의 밑바닥에서 이환은  사채업과 도박판을 주름 잡는 부산 최대 규모의 조직,  황제 캐피탈의 대표 ‘상하’(박성웅)를 만나게 된다.  돈 앞에선 냉정하지만  자신의 식구들은 의리와 신뢰로 이끄는 상하.  이환의 잠재력을 본능적으로 알아 본 상하는  다른 조직원들의 우려와 반대에도 불구하고, 그를 자신의 세계로 끌어들인다.  이긴 놈만 살아남는 도박판 같은 세상.  상하의 절대적인 신임 속에서 이환은  타고난 승부근성과 거침없는 행보로 점점 자신의 영역을 넓히고,  감춰두었던 야망을 키워가는데…!"
48,23538,비열한 거리,영화,KR,141.0,,"삼류조폭조직의 2인자 병두. 조직의 보스와 치고 올라오는 후배들 틈에서 제대로 된 기회한번 잡지 못하는 그는, 조직 내에서도 하는 일이라곤 떼인 돈 받아주기 정도인 별볼일 없는 인생이다. 병든 어머니와 두 동생까지 책임져야 하는 그에게 남은 것은 쓰러져가는 철거촌 집 한 채 뿐. 삶의 무게는 스물아홉 병두의 어깨를 무겁게 짓누른다.  어렵사리 따낸 오락실 경영권마저 보스를 대신에 감방에 들어가는 후배에게 뺏긴 병두는 다시 한번 절망에 빠지지만, 그런 그에게도 기회가 온다. 조직의 뒤를 봐주는 황회장이 은밀한 제안을 해온 것. 황회장은 미래를 보장할 테니 자신을 괴롭히는 부장검사를 처리해달라는 부탁을 한다. 병두, 고심 끝에 위험하지만 빠른 길을 선택하기로 한다.  황회장의 손을 잡음으로써 가족들의 생계를 걱정하지 않아도 되게 된 병두는 영화감독이 되어 자신을 자신을 찾아온 동창 민호와의 우정도, 첫사랑 현주와의 사랑도 키워나가며 이제야 인생을 사는 것 같다는 생각을 한다. 그렇게 새로운 삶에 대한 꿈을 키워나가던 어느 날, 병두는 동창 민호에게 그 누구에게도 털어놓지 못했던 속내를 털어놓게 되는데…"
49,581387,백두산,영화,KR,128.0,,"대한민국 관측 역사상 최대 규모의 백두산 폭발 발생. 갑작스러운 재난에 한반도는 순식간에 아비규환이 되고, 남과 북 모두를 집어삼킬 추가 폭발이 예측된다. 사상 초유의 재난을 막기 위해 전유경은 백두산 폭발을 연구해 온 지질학 교수 강봉래의 이론에 따른 작전을 계획하고, 전역을 앞둔 특전사 EOD 대위 조인창이 남과 북의 운명이 걸린 비밀 작전에 투입된다. 작전의 키를 쥔 북한 무력부 소속 일급 자원 리준평과 접선에 성공한 인창. 하지만 준평은 속을 알 수 없는 행동으로 인창을 곤란하게 만든다. 한편, 인창이 북한에서 펼쳐지는 작전에 투입된 사실도 모른 채 서울에 홀로 남은 최지영은 재난에 맞서 살아남기 위해 고군분투하고 그 사이, 백두산 마지막 폭발까지의 시간은 점점 가까워 가는데…"
50,581389,승리호,영화,KR,136.0,,"2092년, 지구는 병들고 우주 위성궤도에 인류의 새로운 보금자리인 UTS가 만들어졌다. 돈 되는 일이라면 뭐든 하는 조종사 태호, 과거 우주 해적단을 이끌었던 장선장, 갱단 두목이었지만 이제는 기관사가 된 타이거 박, 평생 이루고 싶은 꿈을 가진 작살잡이 로봇 업동이, 이들은 우주쓰레기를 주워 돈을 버는 청소선 승리호의 선원들이다. 어느 날 사고 우주정을 수거한 승리호는 그 안에 숨어있던 대량살상무기로 알려진 인간형 로봇 도로시를 발견한다. 돈이 절실한 선원들은 도로시를 거액의 돈과 맞바꾸기 위한 위험한 거래를 계획하는데..."
51,1268609,파반느,영화,KR,113.0,,백화점에서 일하는 세 사람. 서로에게 그저 낯선 타인이었던 외로운 이들. 점차 서로에게 빛이 되어주며 삶의 의미와 사랑의 본질을 알아나간다.
52,436391,군함도,영화,KR,132.0,,"1945년 일제강점기, 경성 반도호텔 악단장 강옥과 그의 하나뿐인 딸 소희. 그리고 종로 일대를 주름잡던 주먹 칠성, 일제 치하에서 온갖 고초를 겪어온 말년 등 각기 다른 사연을 품은 조선인들이 일본에서 돈을 벌 수 있다는 말에 속아 군함도로 향한다. 하지만 그들이 함께 탄 배가 도착한 곳은 조선인들을 강제 징용해 노동자로 착취하고 있던 지옥섬 군함도였다. 영문도 모른 채 끌려온 조선인들이 해저 1,000 미터 깊이의 막장 속에서 매일 가스 폭발의 위험을 감수하며 노역해야 하는 군함도. 강옥은 어떻게 하든 일본인 관리의 비위를 맞춰 딸 소희만이라도 지키기 위해 온갖 수를 다하고, 칠성과 말년은 각자의 방식으로 고통스런 하루하루를 견뎌낸다. 한편 전쟁이 막바지로 치닫자 광복군 소속 OSS 요원 무영은 독립운동의 주요인사 구출 작전을 지시 받고 군함도에 잠입하는데..."
53,919207,서울의 봄,영화,KR,141.0,,"박 대통령의 암살 이후, 계엄령이 선포된다. 국군보안사령관 전두광과 그를 따르는 장교들에 의해 쿠데타가 일어나고 군대가 정치적 행동을 해선 안된다고 믿는 완고한 군인인, 수도방위사령관 이태신은 전두광을 막기 위해 그와 맞서기로 한다. 그들의 갈등이 점차 심화되고, 대혼란 속에서 모두가 갈망하던 서울의 봄은 예상치 못한 방향으로 흘러간다."
54,1241624,괴기열차,영화,KR,95.0,,사람들이 사라지는 광림역. 조회수가 간절한 공포 유튜버 다경. 전국 최다 실종 사건 발생지인 광림역을 둘러싼 괴기한 소문을 업로드하고 단숨에 최고 조회수를 기록한다. 모두의 만류에도 조회수를 향한 다경의 욕심은 멈추지 않고 광림역을 둘러싼 충격적인 비밀을 듣게 되는데…
55,79224,최종병기 활,영화,KR,122.0,,"50만 포로가 끌려간 병자호란, 치열했던 전쟁의 한 복판에 역사가 기록하지 못한 위대한 신궁이 있었다.  역적의 자손이자 조선 최고의 신궁 남이. 유일한 피붙이인 누이 자인의 행복만을 바라며 살아간다.어렵사리 맞이한 자인의 혼인날, 가장 행복한 순간에 청나라 정예부대(니루)의 습격으로 자인과 신랑 서군이 포로로 잡혀가고 만다. 남이는 아버지가 남겨준 활에 의지해 청군의 심장부로 거침없이 전진한다.귀신과도 같은 솜씨로 청나라 정예부대(니루)를 하나 둘씩 처치하는 남이, 한 발 한 발 청군의 본거지로 접근해간다. 남이의 신묘한 활솜씨를 알아챈 청의 명장 쥬신타는 왕자 도르곤과 부하들을 지키기 위해 남이를 추격하기 시작한다. 날아오는 방향을 예측할 수 없는 곡사를 사용하는 남이와 무시무시한 파괴력을 가진 육량시를 사용하는 쥬신타, 가장 소중한 것을 지키기 위한 사상 최대 활의 전쟁을 시작한다."
56,1139817,무도실무관,영화,KR,108.0,,힘든 사람을 그냥 지나치지 못하는 무술 유단자 이정도. 보호관찰관 김선민이 그런 정도를 알아보고 ‘무도실무관’을 권한다. 이제 전자발찌 대상자를 감시하며 범죄를 예방하는 그들의 활약이 펼쳐진다.
57,2440,공동경비구역 JSA,영화,KR,110.0,,비무장지대 수색 중 지뢰를 밟아 대열에서 낙오된 이수혁 병장은 북한군 중사 오경필과 전사 정우진의 도움으로 다행히 목숨을 건진다. 이를 계기로 그들은 친해졌고 이수혁 병장은 군사분계선을 넘어 그들을 만나러 간다. 그러던 어느날 그들이 만나는 장면을 북한군에게 들키고 친형제처럼 친하게 지내던 그들은 서로 총부리를 겨눈다. 그리고 판문점 공동경비구역 내 북한 초소에서 총성이 울린다. 사건의 진상을 밝히기 위해 중립국 감독위원회 소속의 한국계 스위스인 소피 장 소령이 파견된다. 그녀는 진실을 밝히기 위해 그들을 만나는데...
58,726139,탈출: 프로젝트 사일런스,영화,KR,96.0,,한치 앞도 구분할 수 없는 짙은 안개 속 붕괴 직전의 공항대교에 고립된 사람들이 그 안에 도사리고 있는 예기치 못한 위협으로부터 살아남기 위해 고군분투하는 이야기.
59,118451,은교,영화,KR,129.0,,"한적한 산 속, 제자이자 이적요를 아버지처럼 모시는 소설가 서지우만이 드나드는 노시인 이적요의 집에 어느 날 우연히 여고생 은교가 나타난다. 집안일을 돕게 된 은교가 맑은 웃음소리를 내고, 이적요는 그녀의 젊고 순수하면서도 관능미를 갖고 있는 싱그러운 육체에 매료된다. 한편 스승을 존경하는 한편 손에 잡히지 않는 스승의 재능과 소녀 은교를 향한 질투심으로 갈등하는 제자의 열패감도 소리없이 늘어가며, 질투와 매혹으로 뒤얽힌 세 사람의 숨겨진 이야기가 펼쳐지는데..."
60,27154,해피 엔드,영화,KR,100.0,,"6년 동안 은행에서 일하다 실직한 서민기는 실직의 불안정함과 오랜만에 맛보는 일상의 여유 사이를 오간다. 어린이 영어학원 원장인 서민기의 아내 최보라는 대학 시절 연인이었던 김일범과 은밀한 만남을 이어간다. 젖먹이 아기와 남편을 소중하게 여기지만 김일범의 한결같은 사랑에도 행복해 한다. 서민기가 아내와 김일범의 밀회를 눈치채고, 세 사람의 욕망은 팽팽한 긴장을 불러온다. 사랑과 집착으로 뒤엉킨 삼각관계. 배신감과 상실감에서 비롯된 살의 속에 세 사람은 서로 다른 해피엔딩을 꿈꾸는데..."
61,736732,브로커,영화,KR,129.0,,"세탁소를 운영하지만 늘 빚에 시달리는 상현과 베이비 박스 시설에서 일하는 보육원 출신의 동수. 거센 비가 내리는 어느 날 밤, 그들은 베이비 박스에 놓인 한 아기를 몰래 데려간다. 하지만 이튿날, 생각지 못하게 엄마 소영이 아기 우성을 찾으러 돌아온다. 아기가 사라진 것을 안 소영이 경찰에 신고하려 하자 솔직하게 털어놓는 두 사람. 우성이를 잘 키울 적임자를 찾아 주기 위해서 그랬다는 변명이 기가 막히지만 소영은 우성이의 새 부모를 찾는 여정에 상현, 동수와 함께하기로 한다. 한편 이 모든 과정을 지켜본 형사 수진과 후배 이형사. 반 년째 이어온 수사를 마무리할 수 있는 결정적 증거를 포착하기 위해 이들의 뒤를 조용히 쫓는다."
62,200085,감기,영화,KR,121.0,,"밀입국 노동자들을 분당으로 실어 나른 남자가 원인불명의 바이러스에 감염되어 사망한다. 환자가 사망한지 채 24시간이 되지 않아 분당의 모든 병원에서 동일한 환자들이 속출한다. 사망자들은 기하급수적으로 늘어나지만 분당의 시민들은 무방비상태로 바이러스에 노출된다. 감염의 공포가 대한민국을 엄습하고, 호흡기를 통해 초당 3.4명 감염, 36시간 내 사망에 이르는 사상 최악의 바이러스에 정부는 2차 확산을 방지하기 위해 국가 재난사태를 발령, 급기야 도시 폐쇄라는 초유의 결정을 내린다. 피할 새도 없이 격리된 사람들은 일대혼란에 휩싸이게 되고, 대재난 속 사랑하는 이들을 구하기 위한 사람들과 죽음에서 살아 남기 위한 사람들은 목숨을 건 사투를 시작하는데…"
63,1296404,굿뉴스,영화,KR,136.0,,"납치범들이 일본 여객기를 장악하고 평양으로 향할 것을 요구하자, 정체불명의 인물이 이 비행기를 서울로 착륙시키려는 기발한 계획을 세운다."
64,165213,신세계,영화,KR,134.0,,"경찰청 수사기획과 강과장은 국내 최대 범죄 조직 골드문이 기업형 조직으로 세력이 확장되자 신입경찰 이자성에게 잠입수사를 명한다. 그리고 8년, 자성은 골드문의 2인자 정청의 오른팔이 되기에 이른다. 골드문 회장이 갑자기 사망하자, 강과장은 후계자 결정에 직접 개입하는 신세계 작전을 설계한다. 후계자 전쟁의 한 가운데, 정청은 지금까지 친형제처럼 함께 해 온 자성에게 강한 신뢰를 보는 반면 작전의 성공만 생각하는 강과장은 자성의 목을 조여만 간다. 신분이 노출될 위기에 처한 자성은 언제 자신을 배신할지 모르는 경찰과, 형제의 의리로 대하는 정청 사이에서 갈등하게 되는데..."
65,575604,콜,영화,KR,114.0,,"오랜만에 집으로 돌아온 서연. 집에 있던 낡은 전화기를 연결했다가 영숙이란 이름의 낯선 여자와 전화를 하게 된다. 서연은 영숙이 20년 전, 같은 집에 살았던 사람이란 사실을 깨닫고 그때부터 두 사람은 우정을 쌓아간다. 그러던 어느 날, 서연과 영숙은 각자의 현재에서 서로의 인생을 바꿀 사소한 선택을 하게 된다. 영숙은 20년 전 죽은 서연의 아빠를 살려주고, 서연은 그 대가로 영숙의 20년 후 미래를 알려준 것. 그러나 자신의 끔찍한 미래를 알게 된 영숙이 예상치 못한 폭주를 하면서 서연을 위협하기 시작하는데…"
66,800345,카터,영화,KR,132.0,,"기억을 잃은 채 깨어난 남자. 귀에 장착된 장치를 통해 의문의 목소리가 들려오고, 이제 이 목소리의 지시에 따라 위험천만한 인질 구조 작전에 뛰어들어야 한다."
67,729854,콘크리트 유토피아,영화,KR,130.0,,"온 세상을 집어삼킨 대지진, 그리고 하루아침에 폐허가 된 서울. 모든 것이 무너졌지만 오직 황궁 아파트만은 그대로다. 소문을 들은 외부 생존자들이 황궁 아파트로 몰려들자 위협을 느끼기 시작하는 입주민들. 생존을 위해 하나가 된 그들은 새로운 주민 대표 '영탁'을 중심으로 외부인의 출입을 철저히 막아선 채 아파트 주민만을 위한 새로운 규칙을 만든다. 덕분에 지옥 같은 바깥 세상과 달리 주민들에겐 더 없이 안전하고 평화로운 유토피아 황궁 아파트. 하지만 끝이 없는 생존의 위기 속 그들 사이에서도 예상치 못한 갈등이 시작되는데...! 살아남은 자들의 생존 규칙. 따르거나, 떠나거나."
68,636173,드림,영화,KR,125.0,,"아직 탈락은 이르다! 세계 대회 출전을 위해 치열한 노력과 헌신으로 훈련에 임하는 홈리스 선수들. 감독의 성격이 조금 괴팍하지만, 그래도 포기란 없다."
69,57361,황해,영화,KR,156.0,,"연변에서 택시를 모는 구남은 빚더미에 쌓여 구질구질한 일상을 살아간다. 한국으로 돈 벌러 간 아내는 6개월째 소식이 없고, 돈을 불리기 위해 마작판에 드나들지만 항상 잃을 뿐이다. 어느 날 살인청부업자 면가에게서 한국 가서 사람 한 명 죽이고 오라는 제안을 받는다. 절박한 현실에서 선택의 여지가 없는 구남은 빚을 갚기 위해, 그리고 아내를 만나기 위해 황해를 건넌다. 매서운 바다를 건너 서울로 온 구남은 틈틈이 살인의 기회를 노리면서 동시에 아내의 행방을 수소문하지만, 자신의 눈 앞에서 목표물이 살해 당하는 것을 목격한 구남은 누명을 쓴 채 경찰의 추적을 피해 도망 친다."
70,842033,괴기맨숀,영화,KR,107.0,,"공포 웹툰 작가 지우는 아이디어를 찾아 괴기맨숀이라 불리는 허름한 아파트에 도착한다. 표정을 알 수 없는 중년의 관리인은 이 아파트에서 일어났던 기묘한 사건들에 대해 이야기보따리를 풀어내고, 504호, 708호… 지우는 사연을 들을수록 홀리기라도 한 듯 괴기맨숀에 점점 집착하게 되는데...! 미스터리한 맨숀! 5개의 에피소드! 괴이하고 섬뜩한 현실 공포가 온다!"
71,938008,더 킬러: 죽어도 되는 아이,영화,KR,95.0,,은퇴 후 성공적인 재테크로 호화롭게 생활하는 전설의 킬러 ‘의강’이  제멋대로 행동하는 여고생 ‘윤지’를 떠맡게 된다.  단기간 보호자 역할만 하면 될 거라고 가볍게 여긴 순간  ‘윤지’가 납치되는 사건이 일어나는데…  “걔는 다치면 안 되는 아이야”  애써 잠재운 ‘의강’의 본능이 깨어난다!
72,1194963,노이즈,영화,KR,95.0,,"내 집 마련에 성공한 주영과 주희 자매. 어느 날부터 아파트 어딘가에서 들려오는 정체불명의 층간소음에 시달린다. 그러던 중 동생 주희와 연락이 끊기자 불안에 휩싸인 주영은 급히 지방 공장에서 집으로 돌아오고, 주희의 남자친구 기훈과 함께 실종된 동생을 추적하기 시작한다. 한편, 자매와 마찬가지로 층간소음에 시달리던 아랫집 남자는 그 소음의 근원이 윗집 자매에게 있다고 생각해 살인 협박을 하게 되는데…."
73,282631,명량,영화,KR,128.0,,"1597년 임진왜란 6년, 오랜 전쟁으로 인해 혼란이 극에 달한 조선. 무서운 속도로 한양으로 북상하는 왜군에 의해 국가존망의 위기에 처하자 누명을 쓰고 파면당했던 이순신 장군이 삼도수군통제사로 재임명된다. 하지만 그에게 남은 건 전의를 상실한 병사와 두려움에 가득 찬 백성, 그리고 12척의 배 뿐. 마지막 희망이었던 거북선마저 불타고 잔혹한 성격과 뛰어난 지략을 지닌 용병 구루지마가 왜군 수장으로 나서자 조선은 더욱 술렁인다. 330척에 달하는 왜군의 배가 속속 집결하고 모두가 패배를 직감하는 순간, 이순신 장군은 단 12척의 배를 이끌고 바다를 향해 나서는데..."
74,543753,상류사회,영화,KR,120.0,,학생들에게 인기와 존경을 동시에 받는 경제학 교수 태준은 우연한 기회를 통해 촉망받는 정치 신인으로 국회의원 선거에 출마하게 된다. 한편 그의 아내이자 미래미술관의 부관장 수연은 재개관전을 통해 관장 자리에 오르려 한다. 그러나 수연의 미술품 거래와 태준의 선거 출마 뒤에 미래그룹과 민국당의 어두운 거래가 있었다는 것이 밝혀지고 두 사람은 완벽한 상류사회 입성을 눈앞에 두고 위기에 처한다. 이 기회를 절대 놓칠 수 없는 태준과 수연 부부는 민국당과 미래그룹에게 새로운 거래를 제안하게 되는데...
75,45202,하녀,영화,KR,107.0,,"이혼 후 식당 일을 하면서도 해맑게 살아가던 은이는 자신에게는 까마득하게 높은 상류층 대저택의 하녀로 들어간다. 완벽한 주인집 남자 훈, 쌍둥이를 임신 중인 안주인 해라, 자신을 엄마처럼 따르는 여섯 살 나미, 그리고 집안을 총괄하는 나이든 하녀 병식과의 생활은 낯설지만 즐겁다. 어느 날 가족 여행에 동행하게 된 은이는 자신의 방에 찾아온 훈의 은밀한 유혹에 이끌려 육체적인 관계를 맺고 본능적인 행복을 느낀다. 은이와 훈은 격렬한 관계를 이어가지만 병식이 그들의 사이를 눈치채며 대저택에 알 수 없는 긴장감이 감돌기 시작하는데..."
76,727340,헌트,영화,KR,131.0,,"북한 고위 관리가 망명을 요청한 이후, 안기부 해외팀 차장 박평호와 국내팀 차장 김정도는 동림으로 알려진 안기부 내 스파이, 남파간첩 총책임자를 밝혀내는 임무를 맡는다. 이윽고 동림이 국가 안보를 위태롭게 할 1급 비밀 정보를 누설하기 시작하고 안기부의 해외팀과 국내팀은 서로를 조사하기에 이른다. 당장 스파이를 밝혀내지 못하면 자신이 혐의를 받을 수 있는 일촉즉발의 상황에서 평호와 정도는 서서히 진실을 찾아내고, 마침내 대한민국 1호 암살 작전이라는 거대한 사건과 직면하게 되는데..."
77,1280,빈집,영화,KR,88.0,,"빈집을 찾아 내 집처럼 깃들여 사는 태석. 내 집에서 식물처럼 갇혀 사는 선화. 우연히 만난 그들이 빈집을 전전하며, 서로의 빈자리를 따스하게 메우며, 사랑을 나눈다."
78,591120,해적: 도깨비 깃발,영화,KR,126.0,,"자칭 고려 제일검인 의적단 두목 무치와 바다를 평정한 해적선의 주인 해랑. 한 배에서 운명을 함께하게 된 이들이지만 산과 바다, 태생부터 상극으로 사사건건 부딪히며 바람 잘 날 없는 항해를 이어간다. 그러던 어느 날, 왜구선을 소탕하던 이들은 흔적도 없이 사라진 왕실의 보물이 어딘가 숨겨져 있다는 사실을 알게 되고 해적 인생에 다시없을 최대 규모의 보물을 찾아 위험천만한 모험에 나서기 시작한다. 하지만 사라진 보물을 노리는 건 이들뿐만이 아니었으니! 원하는 것을 얻기 위해 수단과 방법을 가리지 않는 역적 부흥수 또한 보물을 차지하기 위해 바다에 뛰어드는데..."
79,21647,색즉시공 시즌 2,영화,KR,115.0,,"'색'에 굶주린 법대생. 남들 다 부러워하는 여친이 있음 뭘 해. 주야장천 키스만 입술 부르트게 하는데! 고시 준비도 막막, 색의 실천도 막막하던 차에 엄청난 라이벌까지 맞이하다니. 이제 여친이랑 진도 빼기는커녕 여친을 잃을 위기? 캠퍼스는 불철주야 끓어오르는 열기와 함께 오늘도 ‘색’을 실천하며 나날이 건강(?)해 지고 있다. 밤마다 모텔행의 실랑이가 벌어지고, 잠 못 이루는 기숙사에선 예측 불가능한 실험들이 난무하는데..."
80,567646,극한직업,영화,KR,111.0,,"불철주야 달리고 구르지만 실적은 바닥, 급기야 해체 위기를 맞는 마약반!  더 이상 물러설 곳이 없는 팀의 맏형 고반장은 국제 범죄조직의 국내 마약 밀반입 정황을 포착하고 장형사, 마형사, 영호, 재훈까지 4명의 팀원들과 함께 잠복 수사에 나선다.  마약반은 24시간 감시를 위해 범죄조직의 아지트 앞 치킨집을 인수해 위장 창업을 하게 되고, 뜻밖의 절대미각을 지닌 마형사의 숨은 재능으로 치킨집은 일약 맛집으로 입소문이 나기 시작한다.  수사는 뒷전, 치킨장사로 눈코 뜰 새 없이 바빠진 마약반에게 어느 날 절호의 기회가 찾아오는데…"
81,1203329,위쳐: 세이렌의 바다,영화,PL,92.0,,"심해에서 정체불명의 바다 생물이 뱃사람들을 공격하는 사건이 벌어진다. 이제 육지와 바다 사이의 전쟁을 막을 수 있는 이는 단 한 사람, 최고의 위쳐인 리비아의 게롤트뿐이다."
82,33196,해운대,영화,KR,129.0,,"해운대 토박이 만식은 연희를 좋아하면서도 자신의 마음을 숨길 수 밖에 없다. 그러던 어느 날, 만식은 오랫동안 가슴 속에 담아두었던 자신의 마음을 전하기로 결심하고 연희를 위해 멋진 프로포즈를 준비한다. 한편 국제해양연구소의 지질학자 김휘 박사는 대마도와 해운대를 둘러싼 동해의 상황이 5년전 발생했던 인도네시아 쓰나미와 흡사하다는 엄청난 사실을 발견하게 된다. 그는 안전하지 않다고 수차례 강조하지만 그의 경고에도 불구하고 재난 방재청은 지질학적 통계적으로 쓰나미가 한반도를 덮칠 확률은 없다고 단언한다. 그 순간에도 바다의 상황은 시시각각 변해가고, 일본 대마도가 내려 앉으면서 초대형 쓰나미가 생성된다. 한여름 더위를 식히고 있는 수백만의 휴가철 인파와 평화로운 일상을 보내고 있는 부산 시민들, 그리고 이제 막 서로의 마음을 확인한 만식과 연희를 향해 초대형 쓰나미가 시속 800km의 빠른 속도로 밀려오는데..."
83,1174128,동화지만 청불입니다,영화,KR,110.0,,"동화 작가가 꿈이지만 현실은 불법 음란물 단속팀 새내기인 단비는 스타 작가를 찾던 성인 웹소설계 대부 황대표와 우연한 사고로 노예 계약을 맺게 되면서 하루아침에 19금 소설을 쓰게 된다. 생전 접한 적 없는 장르를 집필하는 데 난항을 겪던 단비는 음란물 단속을 하다 권태기에 빠진 선배 정석의 응원과, 친구들의 생생한 경험담에 힘입어 어느새 자신도 알지 못했던 성스러운 재능을 발견하게 되는데…"
84,845222,킹덤: 아신전,영화,KR,93.0,,비극과 배신이 삶을 덮친다. 기이하고 불길한 뭔가를 발견한다. 한순간에 가족과 동족을 잃은 여인. 오직 복수를 꿈꾸며 살아온 그녀가 짙은 어둠을 마주한다.
85,740441,스마트폰을 떨어뜨렸을 뿐인데,영화,KR,117.0,,"회사원 나미는 퇴근길, 자신의 분신과도 같은 스마트폰을 잃어버린다. 스마트폰을 주운 준영은 나미의 폰에 스파이웨어를 설치한 뒤 돌려준다. 나미의 스마트폰으로 취미, 취향, 직업, 동선, 경제력, 인간관계 등 나미의 모든 것을 알아낸 준영은 정체를 숨긴 채, 나미에게 접근한다. 한편, 살인 사건을 쫓는 형사 지만은 사건 현장에서 아들 준영의 흔적을 발견하고, 그가 범인일지도 모른다는 불길한 직감으로 준영을 몰래 조사하기 시작한다. 스마트폰을 찾았다는 기쁨도 잠시, 그날 이후 나미의 평범했던 일상은 점점 파국으로 치닫는데…"
86,16138,알포인트,영화,KR,107.0,,"1972년, 베트남 전쟁의 막바지, 200명의 부대원 중, 혼자 살아 남은 혼바우 전투의 생존자 최태인 중위는 악몽에 시달리며 괴로워한다. 그러나 그의 본대 복귀 요청은 철회되고, CID 부대장은 그에게 비밀 수색 명령을 내린다.  흔적 없는 병사들의 생사를 확인할 수 있는 증거물을 확보하는 것이 이번 작전의 목표다."
87,517991,공작,영화,KR,137.0,,"1993년, 북한 핵 개발을 둘러싸고 한반도의 위기가 고조된다. 정보사 소령 출신으로 안기부에 스카우트된 박석영은 ‘흑금성’이라는 암호명으로 북핵의 실체를 캐기 위해 북의 고위층 내부로 잠입하라는 지령을 받는다. 안기부 해외실장 최학성과 대통령 외에는 가족조차도 그의 실체를 모르는 가운데 대북사업가로 위장해 베이징 주재 북 고위간부 리명운에게 접근한 흑금성. 그는 수 년에 걸친 공작 끝에, 리명운과 두터운 신의를 쌓고 그를 통해서, 북한 권력층의 신뢰를 얻는데 성공한다. 그러나, 1997년. 남의 대선 직전에 흑금성은 남과 북의 수뇌부 사이 은밀한 거래를 감지한다. 조국을 위해 굳은 신념으로 모든 것을 걸고 공작을 수행했던 그는 걷잡을 수 없는 갈등에 휩싸이는데…"
88,760517,모럴센스,영화,KR,118.0,,"할말은 하고 사는 홍보팀 사원 정지우. 부서 이동 후 모든 여직원의 관심을 받고 있는 잘생긴 대리 정지후. 이름만 비슷할 뿐 달라도 너무 다른 두 사람. 잘못 배송된 택배로, 지후의 절대 들키고 싶지 않은 성적 취향을 알게 된 지우는 점점 그에게 관심이 생기는데…"
89,1137179,야당,영화,KR,122.0,,"누명을 쓰고 교도소에 수감된 이강수는 검사 구관희로부터 감형을 조건으로 야당을 제안받는다. 강수는 관희의 야당이 돼 마약 수사를 뒤흔들기 시작하고, 출세에 대한 야심이 가득한 관희는 굵직한 실적을 올려 탄탄대로의 승진을 거듭한다.  한편, 마약수사대 형사 오상재는 수사 과정에서 강수의 야당질로 번번이 허탕을 치고, 끈질긴 집념으로 강수와 관희의 관계를 파고든다.  마약판을 설계하는 브로커 강수, 더 높은 곳에 오르려는 관희, 마약 범죄 소탕에 모든 것을 건 상재. 세 사람은 각자 다른 이해관계로 얽히기 시작하는데…"
90,849869,길복순,영화,KR,137.0,,"청부살인이 본업이지만 겉으로 보기에는 평범한 이벤트 회사인 MK 소속 킬러 길복순은 작품은 반드시 완수해 내는 성공률 100%의 킬러이자, 10대 딸을 둔 엄마다. 업계에서는 아무도 범접할 수 없는 에이스지만, 딸 재영과의 관계는 서툴기만 한 싱글맘인 그는 자신과 딸 사이의 벽을 허물기 위해 퇴사까지 결심한다. MK 대표 차민규의 재계약 제안의 답을 미룬 채, 마지막 작품에 들어간 복순은 임무에 숨겨진 진실을 알게 된 후, 회사가 허가한 일은 반드시 시도해야 한다는 규칙을 어기게 된다. 그 소식을 들은 MK는 물론, 모든 킬러들의 타겟이 되고야 마는데…"
91,607844,모가디슈,영화,KR,121.0,,"유엔 가입을 위해 다수의 투표권을 지닌 아프리카 대륙에서 열심히 외교 활동을 벌이던 1990년. 소말리아의 수도 모가디슈에서도 남북의 외교전은 불이 붙는다. 한신성 주소말리아 한국 대사와 안기부 출신의 강대진 참사관, 북한의 림용수 대사와 태준기 참사관은 함정을 파거나 거짓 정보를 흘려가며 서로를 견제한다. 한편 소말리아의 상황은 불안하기 그지없다. 부패한 독재정권을 몰아내려는 반군과 정부군의 대치는 1990년 12월 30일 반군이 수도 모가디슈에 입성하면서 내전으로 번진다. 통신은 물론 항공편마저 끊겨 아수라장이 된 모가디슈. 북한 대사관 사람들은 반군의 공격으로 갈 곳을 잃고, 한신성 대사는 도움을 요청한 북한 사람들을 관저로 들이는데..."
92,11178,엽기적인 그녀,영화,KR,137.0,,"어느 밤, 전철에서 술에 취한 그녀를 지켜보던 견우. 그런데 그녀가 옆에 있던 아저씨의 머리에 구토를 해 전철은 아수라장이 되고, 급기야 그녀는 견우를 전 남자친구로 착각하는데..."
93,554972,성난황소,영화,KR,116.0,,"거칠었던 과거를 벗어나 수산시장에서 건어물 유통을 하며 건실하게 살던 동철. 어느 날 아내 지수가 납치되고, 경찰에 신고를 하지만 그녀의 행방은 묘연하기만 하다. 그리고 동철에게 걸려 온 납치범의 전화. 오히려 지수를 납치한 대가로 거액의 돈을 동철에게 주겠다는 파격 제안을 하고, 이에 폭발한 동철은 지수를 구하기 위해 움직이기 시작하는데…"
94,47909,시,영화,KR,139.0,,"한강을 끼고 있는 경기도의 어느 작은 도시, 낡은 서민 아파트에서 중학교에 다니는 손자와 함께 살아가는 미자. 그녀는 꽃 장식 모자부터 화사한 의상까지 치장하는 것을 좋아하고 호기심도 많은 엉뚱한 캐릭터다  미자는 어느 날 동네 문화원에서 우연히 시 강좌를 수강하게 되며 난생 처음으로 시를 쓰게 된다. 시상을 찾기 위해 그 동안 무심히 지나쳤던 일상을 주시하며 아름다움을 찾으려 하는 미자. 지금까지 봐왔던 모든 것들이 마치 처음 보는 것 같아 소녀처럼 설렌다. 그러나, 그녀에게 예기치 못한 사건이 찾아오면서 세상이 자신의 생각처럼 아름답지만은 않다는 것을 알게 되는데…"
95,437109,악녀,영화,KR,123.0,,"조직의 킬러로 자란 숙희는 보스이자 연인이었던 중상의 복수를 위해 마약조직 하나를 박살낸다. 사건 직후 구속된 숙희는 국가정보원으로부터 10년간 국가를 위해 임무를 수행하면 자유를 주겠다는 거래를 제안받는다. 뱃속에 중상의 아기가 자라고 있음을 안 숙희는 새로운 삶을 위해 제안을 받아들이고 암살요원으로서의 생활을 시작한다. 한편 숙희를 철저히 감시, 통제하기 위해 국정원 요원 현수가 비밀리에 접근한다. 둘 사이의 관계가 가까워질 즈음 예상치 못한 인물의 등장으로 숙희의 거짓된 삶은 철저히 부서지기 시작한다."
96,606402,야차,영화,KR,124.0,,비밀공작팀과 팀의 악명 높은 리더를 감찰하기 위해 위험천만한 도시로 날아간 검사. 정직하게 살아온 그가 스파이들 사이의 치명적인 전쟁 속으로 뛰어든다.
97,451997,불한당: 나쁜 놈들의 세상,영화,KR,120.0,,"범죄조직의 1인자를 노리는 재호와 세상 무서운 것 없는 패기 넘치는 신참 현수는 교도소에서 만나 서로에게 끌리고 끈끈한 의리를 다져간다. 출소 후, 함께 권력을 차지하기 위해 의기투합하던 중, 두 사람의 숨겨왔던 야망이 조금씩 드러나고, 서로에 대해 새로운 사실을 알게 되면서 그들의 관계는 흔들리기 시작하는데…"
98,1160981,청설,영화,KR,109.0,,"대학생활은 끝났지만 하고 싶은 것도, 되고 싶은 것도 없어 고민하던 용준. 엄마의 등쌀에 떠밀려 억지로 도시락 배달 알바를 간 용준은 완벽한 이상형 여름과 마주친다. 부끄러움은 뒷전, 첫눈에 반한 여름에게 용준은 서툴지만 솔직하게 다가가고 여름의 동생 가을은 용준의 용기를 응원한다. 손으로 말하는 여름과 더 가까워지기 위해 더 잘 듣기보단 더 잘 보고 느끼려 노력하지만, 마침내 가까워졌다 생각하던 찰나 여름은 왜인지 자꾸 용준과 멀어지려 하는데…"
99,1628116,BTS: 더 리턴,영화,US,93.0,,그들이 돌아왔다! BTS가 LA에 모여 새 앨범 《ARIRANG》을 녹음한다. 새로운 시대로 접어드는 BTS 멤버들의 모습을 전례 없이 가까이에서 담아낸 다큐멘터리.
100,22536,박쥐,영화,KR,133.0,,"정체불명의 피를 수혈 받고 뱀파이어가 된 신부 상현. 피를 원하는 욕구와 신앙심 사이에서 갈등하던 그는 우연히 어린 시절 친구 강우와 그의 아내 태주를 만나면서 인간적 욕망에까지 눈뜨게 된다. 상현은 태주의 묘한 매력에 빠져 쾌락을 갈구하고 태주는 히스테리컬한 시어머니와 무능력한 남편에게 억눌렸던 욕망을 깨워준 상현에게 집착한다. 점점 더 대담해져만 가던 둘의 사랑은 급기야 상현이 뱀파이어라는 사실을 알게 된 태주가 자신의 남편을 죽이자고 제안하고, 상현이 제안을 받아들이면서 새로운 국면에 접어드는데..."
101,318541,워킹걸,영화,KR,112.0,,"남편과의 섹스보다 업무성과가 좋을 때 쾌감을 느끼는 워커홀릭 보희 직장에서는 최고 에이스, 가정생활은 형편없는 보희는 승진을 앞둔 중요한 프레젠테이션에서 치명적인 실수를 저질러 해고를 당한다. 엎친 데 덮친 격, 집에서 그녀를 기다리는 건 남편의 이별통보가 담긴 메세지뿐. 섹스샵 오너이자 제대로된 엔조이(?) 세계의 전도사 난희. 여자는 그것(?) 느껴본 여자와 못 느껴본 여자로 나뉜다는 그녀만의 철학으로 누구보다 섹스에 대해 박학다식하다. 그러나 정작 본인의 섹스샵은 빨간딱지로 가득한데…… 누구보다 완벽할것 같지만 정작 실체는 허당인 그녀들 하루 아침에 쪽박 인생이 된 두 워킹걸의 은밀한 동업이 시작된다!"
102,290865,타짜: 신의 손,영화,KR,147.0,,삼촌 고니의 승부욕과 손재주를 닮은 대길은 노름판에서 미나를 보고 첫눈에 사랑에 빠지지만 바로 그 다음날 불미스러운 일에 연루되어 동네를 떠나게 된다. 강남의 하우스에 입성하게 된 대길은 타고난 기술과 매력을 활용해 선수로 급성장한다. 배신과 음모가 판을 치는 노름판에서 우 사장을 만나 사랑에 빠지지만 순진했던 그의 마음은 이용만 당한 채 버려진다. 황당한 액수의 채무와 장기 탈취 등으로 노름판 밑바닥까지 내려가게 된 대길은 우연히 고광렬을 만나고 노름판의 패가 아닌 노름꾼의 눈을 읽는 기술을 터득하게 되면서 재기의 발판을 다지게 된다.
103,1165642,이 별에 필요한,영화,KR,96.0,,화성으로 떠난 여자와 지구에 머무르는 남자. 운명처럼 만나 사랑에 빠진 그들 사이엔 아득히 넓고 깊은 우주가 놓여있다. 별과 별 사이를 뛰어넘는 설렘과 아련함이 가득한 로맨스 애니메이션 영화.
104,1210938,계시록,영화,KR,122.0,,신의 계시를 받았다 믿고 실종 사건의 범인을 단죄하려는 목사와 죽은 동생의 환영에 시달리면서도 끈질기게 범인을 쫓는 형사. 어두운 현실 속 각자의 믿음을 따르는 자들의 추악한 민낯이 드러난다.
105,535389,안시성,영화,KR,135.0,,"천하를 손에 넣으려는 당 태종은 수십만 대군을 동원해 고구려의 변방 안시성을 침공한다. 20만 당나라 최강 대군 VS 5천명의 안시성 군사들. 40배의 전력 차이에도 불구하고, 안시성 성주 양만춘과 전사들은 당나라에 맞서 싸우기로 결심하는데..  동아시아 역사상 가장 위대한 승리를 이끈 안시성 전투가 시작된다!"
106,86000,오직 그대만,영화,KR,106.0,,"잘나가던 복서였지만 어두운 상처 때문에 마음을 굳게 닫아버린 철민.  시력을 잃어가고 있지만, 늘 밝고 씩씩한 정화.  좁은 주차박스에서 외로운 시간을 보내고 있던 철민에게 꽃 같은 그녀, 정화가 나타났다.  나보다 나를 더 사랑해주는 사람. 두 눈을 감으면 선명해지는 그 얼굴, 오직 그대만…"
107,390433,널 기다리며,영화,KR,108.0,,"15년 전, 내 눈 앞에서 아빠를 죽인 범인이 드디어 세상 밖으로 나왔다.  15년을 기다린 이유는 단 하나!  아빠를 죽인 범인을 쫓는 소녀 ‘희주’ 앞에 유사 패턴의 연쇄살인사건이 발생하고 15년을 기다린 희주의 계획은 전혀 예측하지 못한 새로운 국면을 맞이하게 되는데…  15년의 기다림, 7일간의 추적 그 놈을 잡기 위한 강렬한 추적이 시작된다!"
108,1628123,BTS 컴백 라이브: ARIRANG,영화,GB,66.0,,"시대의 아이콘 BTS가 돌아온다. 다시 라이브 무대에 올라, 전설적인 히트곡을 들려주고 신곡도 최초 공개한다. 《BTS 컴백 라이브: ARIRANG》이 2026년 3월 21일 한국 시간 오후 8시(태평양 표준시 오전 4시 / 동부 표준시 오전 7시), 넷플릭스에서 단독으로 생중계된다. 서울의 역사적인 장소 광화문에서 라이브로 제공되는 이 뜻깊은 공연은 오랫동안 기다려온 BTS의 새 앨범 《ARIRANG》의 발매를 기념한다. RM, 진, 슈가, 제이홉, 지민, 뷔, 정국까지, BTS 멤버 전원이 다시 모여 역대급 컴백을 알리는 글로벌 무대에 오른다."
109,623135,싱크홀,영화,KR,113.0,,"서울 입성과 함께 내 집 마련의 꿈을 이룬 가장 동원은 이사 첫날부터 프로 참견러 만수와 사사건건 부딪힌다. 동원은 자가취득을 기념하며 직장 동료들을 집들이에 초대하지만 행복한 단꿈도 잠시, 순식간에 빌라 전체가 땅 속으로 떨어지고 만다. 지하 500m 싱크홀 속으로 떨어진 이들은 과연 무사히 빠져나갈 수 있을까?"
110,542836,협상,영화,KR,114.0,,"어떠한 상황에서도 냉철함을 잃지 않던 최고의 협상가 하채윤은 긴급 투입된 현장에서 인질과 인질범 모두 사망하는 사건을 겪고 충격에 휩싸인다. 그로부터 10일 후, 경찰청 블랙리스트에 오른 국제 범죄조직의 무기 밀매업자 민태구가 태국에서 한국 경찰과 기자를 납치하고 그녀를 협상 대상으로 지목한다. 이유도 목적도 조건도 없이 사상 최악의 인질극을 벌이는 민태구와 그를 멈추기 위해 한치도 물러설 수 없는 협상가 하채윤. 남은 시간 12시간, 목숨을 건 일생일대의 협상이 시작된다!"
111,538338,여교사: 제자와의 사랑,영화,KR,75.0,,
112,285213,해적: 바다로 간 산적,영화,KR,129.0,,"전대미문 국새 강탈 사건으로 조정은 혼란에 빠지고, 이를 찾기 위해 조선의 난다긴다 하는 무리들이 바다로 모여든다. 바다를 호령하다 졸지에 국새 도둑으로 몰린 위기의 해적, 고래는커녕 바다도 처음이지만 의기양양 고래사냥에 나선 산적, 건국을 코앞에 두고 발등에 불이 떨어진 개국세력까지! 국새를 차지하는 자, 천하를 얻을 것이다!"
113,606523,낙원의 밤,영화,KR,131.0,,"범죄조직의 에이스 태구는 사랑하는 누나와 조카를 의문의 교통사고로 한순간에 잃는다. 참혹한 비극의 배후에 상대 조직이 있음을 직감한 태구는 모든 것을 걸고 복수를 실행한다. 거사를 마친 태구는 몸을 숨긴 제주도에서 불법 무기상 삼촌과 단둘이 사는, 죽음의 그림자를 간직한 재연을 만나는데..."
114,626412,외계+인 2부,영화,KR,122.0,,"인간의 뇌 속에 갇혀 있는 외계인 포로들의 탈출을 막으려다 먼 과거에 갇혀버린 이안과 썬더는 시간을 관통하는 문을 열 수 있는 신검을 얻게 된다. 한편, 이안의 탈출을 도왔던 무륵은 자신의 몸에 이상한 존재가 있다는 것을 느끼자 혼란에 빠진다. 무륵의 몸에 숨어있는 외계인으로 의심되는 존재가 이안과 무륵을 추격하기 시작하고, 이안은 미래로 돌아가 외계인과 맞서 하바의 폭발을 막아야만 하는데.  마침내 시간의 문이 열리고 무륵, 이안, 썬더의 비밀이 드러나기 시작한다!"
115,1075676,"전,란",영화,KR,126.0,,"조선 최고 무신 집안의 아들 종려와 그의 몸종 천영. 함께 자란 두 남자가 왜란의 시대에 적이 되어 다시 만난다. 한 사람은 선조의 최측근 무관으로, 다른 사람은 의병으로, 파란의 세월을 헤쳐간다."
116,660360,노량: 죽음의 바다,영화,KR,152.0,,"임진왜란 발발로부터 7년이 지난 1598년 12월. 이순신은 왜군의 수장이던 도요토미 히데요시가 갑작스럽게 사망한 뒤 왜군들이 조선에서 황급히 퇴각하려 한다는 것을 알게 된다. 왜군을 완벽하게 섬멸하는 것이 이 전쟁을 올바르게 끝나는 것이라 생각한 이순신은 명나라와 조명연합함대를 꾸려 왜군의 퇴각로를 막고 적들을 섬멸하기로 결심한다. 하지만 왜군의 뇌물 공세에 넘어간 명나라 도독 진린은 왜군에게 퇴로를 열어주려 하고, 설상가상으로 왜군 수장인 시마즈의 살마군까지 왜군의 퇴각을 돕기 위해 노량으로 향하는데…"
117,15067,"좋은 놈, 나쁜 놈, 이상한 놈",영화,KR,139.0,,"1930년대, 다양한 인종이 뒤엉키고 총칼이 난무하는 무법천지 만주에서 각자 다른 방식으로 격동기를 살아가는 조선의 풍운아, 세 명의 남자가 운명처럼 맞닥뜨린다. 돈 되는 건 뭐든 사냥하는 현상금 사냥꾼 박도원, 최고가 아니면 참을 수 없는 마적단 두목 박창이, 잡초 같은 생명력의 독고다이 열차털이범 윤태구. 이들은 서로의 정체를 모르는 채 태구가 열차를 털다 발견한 지도를 차지하기 위해 대륙을 누비는 추격전을 펼친다. 정체 불명의 지도 한 장을 둘러 싼 엇갈리는 추측 속에 일본군, 마적단까지 이들의 레이스에 가담하게 되는데..."
118,773867,서울대작전,영화,KR,140.0,,"1988년 서울올림픽을 앞두고, 드라이버와 정비 전문가 등이 모인 팀이 특수 위장 작전에 투입된다. 작전의 목표는 대규모 돈세탁 조직의 실체를 밝히고 와해하는 것. VIP 비자금 수사 작전에 투입된 상계동 슈프림팀의 쾌속 질주를 담은 카체이싱 액션 블록버스터"
119,581526,다만 악에서 구하소서,영화,KR,108.0,,"태국에서 충격적인 납치사건이 발생하고 마지막 청부살인 미션을 끝낸 암살자 인남은 그것이 자신과 관계된 것임을 알게 된다. 인남은 곧바로 태국으로 향하고, 조력자 유이를 만나 사건을 쫓기 시작한다. 한편, 자신의 형제가 인남에게 암살당한 것을 알게 된 레이. 무자비한 복수를 계획한 레이는 인남을 추격하기 위해 태국으로 향하는데..."
120,1057001,귀공자,영화,KR,117.0,,"필리핀에서 불법 경기장을 전전하며 병든 어머니와 살아가는 복싱 선수 마르코. 어머니의 수술비 마련을 위해 평생 본 적 없는 아버지를 만나러 한국으로 향하던 그의 앞에 정체불명의 남자 귀공자가 나타나 그를 추격하기 시작한다. 마르코 주위를 쑥대밭으로 만들며 숨통을 조여오는 귀공자를 필두로, 아버지의 막대한 유산을 차지하기 위해 마르코를 추격하는 재벌 2세 한이사, 필리핀에 이어 한국에서 우연히 마르코와 재회한 미스터리한 여자 윤주까지. 각기 다른 목적을 가진 이들은 단 하나의 타겟을 쫓아 모여들고, 그 무엇도 예측할 수 없는 혼란과 광기 속 마르코는 충격적인 진실을 마주하게 되는데…  단 하나의 타겟, 광기의 추격이 시작된다!"
121,291549,암살,영화,KR,139.0,,"1933년 조국이 사라진 일제 강점기, 대한민국 임시정부는 일본 측에 노출되지 않은 세 명을 암살작전에 지목한다. 대한독립군 저격수 안옥윤, 신흥무관학교 출신 속사포, 폭탄 전문가 황덕삼이 바로 그들. 김구의 두터운 신임을 받는 임시정부 경무국 대장 염석진은 이들을 찾아 나서기 시작한다. 암살단의 타깃은 조선주둔군 사령관 카와구치 마모루와 친일파 강인국. 한편 의문의 누군가에게 거액의 의뢰를 받은 청부 살인업자 하와이 피스톨이 암살단의 뒤를 추격하는데..."
122,560527,내안의 그놈,영화,KR,122.0,,"옥상에서 떨어진 고등학생 동현이 길을 가던 엘리트 아재 판수를 덮치면서 제대로 바뀐다!? 게다가 판수는 동현의 몸으로 첫사랑 미선과 존재도 몰랐던 딸 현정을 만나게 되는데… 대유잼의 향연, 넌 이미 웃고 있다!"
123,60192,미인도,영화,KR,108.0,,4대째 이어온 화원 가문의 막내딸이자 신묘한 그림솜씨로 오빠 신윤복에게 남몰래 대신 그림을 그려주던 7살 천재 윤정. 평범하던 그녀의 삶은 어느날 오빠의 자살로 인해 송두리째 뒤바뀐다. 그림을 위해 여자를 버리고 오빠 신윤복의 삶을 살게 된 것.  조선 최고의 화가 김홍도의 마음을 설레이게 할 만큼 빼어난 그림 실력을 가졌던 윤복은 자유롭고 과감한 사랑을 그려 조선 최초의 에로티시즘을 선보인다. 하지만 그의 '속화'는 음란하고 저급하다는 질타와 시기를 받는다.
124,204553,감시자들,영화,KR,119.0,,"범죄 대상에 대한 감시만을 전문적으로 담당하는 경찰 내 특수조직 감시반. 동물적인 직감과 본능으로 범죄를 쫓는 감시 전문가 황반장이 이끄는 감시반에 탁월한 기억력과 관찰력을 지닌 신참 하윤주가 합류한다. 그리고 얼마 후 감시반의 철저한 포위망마저 무용지물로 만든 범죄가 벌어진다. 단 3분만에 한 치의 실수도 없이 벌어진 무장강도사건. 얼굴도, 단서도 남기지 않은 그들의 존재에 모든 시선이 꽂힌다. 철저하게 짜여진 계획 하에 움직이며 1초의 오차도 용납하지 않는 범죄 조직의 리더 제임스. 자신의 존재를 절대 드러내지 않는 그는 감시반의 추적이 조여올수록 더욱 치밀하게 범죄를 이어간다. 더 이상의 범죄를 막기 위해 반드시 놈의 실체를 알아내야만 하는 감시반. 황반장과 하윤주는 모든 기억과 단서를 동원해 놈을 쫓기 시작하는데…"
125,124157,도둑들,영화,HK,135.0,,"한 팀으로 활동 중인 한국의 도둑 뽀빠이와 예니콜, 씹던껌, 잠파노. 미술관을 터는데 멋지게 성공한 이들은 뽀빠이의 과거 파트너였던 마카오박이 제안한 홍콩에서의 새로운 계획을 듣게 된다. 여기에 마카오박이 초대하지 않은 손님, 감옥에서 막 출소한 금고털이 팹시가 합류하고 5명은 각자 인생 최고의 반전을 꿈꾸며 홍콩으로 향한다.  홍콩에서 한국 도둑들을 기다리고 있는 4인조 중국도둑 첸, 앤드류, 쥴리, 조니. 최고의 전문가들이 세팅된 가운데 서로에 대한 경계를 늦추지 않는 한국과 중국의 도둑들. 팽팽히 흐르는 긴장감 속에 나타난 마카오박은 자신이 계획한 목표물을 밝힌다. 그것은 마카오 카지노에 숨겨진 희대의 다이아몬드. 성공을 장담할 수 없는 위험천만한 계획이지만 2천만 달러의 달콤한 제안을 거부할 수 없는 이들은 태양의 눈물을 훔치기 위한 작업에 착수한다. 그러나 진짜 의도를 알 수 없는 비밀스런 마카오박과 그런 마카오박의 뒤통수를 노리는 뽀빠이, 마카오박에게 배신당한 과거의 기억을 잊지 못하는 팹시와 팀보다 눈 앞의 현찰을 먼저 챙기는 예니콜, 그리고 한국 도둑들을 믿지 않는 첸과 중국 도둑들까지. 훔치기 위해 모였지만 목적은 서로 다른 10인의 도둑들은 서서히 자신만의 플랜을 세우기 시작하는데…"
126,518963,독전,영화,KR,123.0,,"아시아 최대 마약 조직 산하에 있는 마약 제조 공장에서 의문의 폭발 사고가 발생한다. 목숨을 잃을 뻔했던 조직의 후견인 연옥은 배신감을 느끼고, 조직의 수장 이 선생을 오랫동안 쫓아왔던 형사 원호를 직접 찾아가 중요한 정보를 흘린다. 유일한 생존자였던 락은 조직으로부터 버림받은 후 원호의 수사에 적극적으로 협조하기로 한다. 두 사람은 이 선생과 거래를 할 예정이었던 진하림과 헌신적인 조직원 선창 사이를 오가며 이 선생의 실체에 조금씩 다가간다. 그리고 원호와 락 앞에 거물급 조직 인사 브라이언이 모습을 드러낸다."
127,843794,정이,영화,KR,98.0,,"급격한 기후변화로 지구는 폐허가 되고 인류는 우주에 새로운 터전 쉘터를 만들어 이주한다. 수십 년째 이어지는 내전에서 윤정이는 수많은 작전의 승리를 이끌며 전설의 용병으로 거듭난다. 하지만 단 한 번의 작전 실패로 식물인간이 되고, 군수 A.I. 개발 회사 크로노이드는 그녀의 뇌를 복제해 최고의 A.I. 전투 용병 개발을 시작한다. 35년 후, 정이의 딸 윤서현은 정이 프로젝트의 연구팀장이 되어 전투 A.I. 개발에 힘쓴다. 끝없는 복제와 계속되는 시뮬레이션에도 연구에 진전이 없자, 크로노이드는 정이를 두고 또 다른 프로젝트를 준비한다. 이를 알게 된 서현은 정이를 구하기 위한 계획을 세우는데…"
128,921436,탈주,영화,KR,94.0,,"휴전선 인근 북한 최전방 군부대. 10년 만기 제대를 앞둔 중사 규남은 미래를 선택할 수 없는 북을 벗어나 원하는 것을 해 볼 수 있는 철책 너머로의 탈주를 준비한다. 그러나, 규남의 계획을 알아챈 하급 병사 동혁이 먼저 탈주를 시도하고, 말리려던 규남까지 졸지에 탈주병으로 체포된다. 탈주병 조사를 위해 부대로 온 보위부 소좌 현상은 어린 시절 알고 지내던 규남을 탈주병을 체포한 노력 영웅으로 둔갑시키고 사단장 직속보좌 자리까지 마련해주며 실적을 올리려 한다. 하지만 규남이 본격적인 탈출을 감행하자 현상은 물러설 길 없는 추격을 시작한다."
129,49283,해바라기,영화,KR,116.0,,"고교 중퇴 후 맨주먹으로 거리의 양아치들을 싹 쓸어버렸던 오태식. 그가 가석방되었다. 태식이 괴롭혔던 민석은 형사가 되었고 태식의 시다바리였던 양기와 창무는 서로 적이 되었다. 그러나 태식은 그들과의 앙금은 모른다는 듯 손에 낡은 수첩 하나를 쥐고 그 안에 적힌 하고 싶은 일들을 해나간다. 목욕탕도 가고, 호두과자도 먹고, 문신도 지우고... 그 수첩은 그가 감옥에서 소망한 하고 싶은 일들뿐 아니라 앞으로 지켜야 할 세 가지 약속도 적혀있다. ‘술마시지 않는다’, ‘싸우지 않는다’, ‘울지 않는다’..."
130,407887,인천상륙작전,영화,KR,110.0,,"1950년 6월 25일 북한의 기습 남침으로 불과 사흘 만에 서울 함락, 한 달 만에 낙동강 지역을 제외한 한반도 전 지역을 빼앗기게 된 대한민국. 국제연합군 최고사령관 더글라스 맥아더는 모두의 반대 속 인천상륙작전을 계획한다. 불가능에 가까운 작전. 이를 가능케 하는 것은 단 하나, 인천으로 가는 길이 확보되어야 하는 것뿐이다. 맥아더의 지시로 대북 첩보작전 ‘X-RAY’에 투입된 해군 첩보부대 대위 장학수는 북한군으로 위장 잠입해 인천 내 동태를 살피며 정보를 수집하기 시작한다. 하지만 인천 방어사령관 림계진에 의해 정체가 발각되는 위기에 놓인 가운데 장학수와 그의 부대원들은 전세를 바꿀 단 한번의 기회, 단 하루의 작전을 위해 인천상륙 함대를 유도하는 위험천만한 임무에 나서는데..."
131,570503,유열의 음악앨범,영화,KR,122.0,,"1994년 가수 유열이 라디오 DJ를 처음 진행하던 날, 엄마가 남겨준 빵집에서 일하던 미수는 우연히 찾아 온 현우를 만나 설레는 감정을 느끼게 되지만 뜻하지 않은 사건으로 인해 연락이 끊기게 된다. 다시 기적처럼 마주친 두 사람은 설렘과 애틋함 사이에서 마음을 키워 가지만 서로의 상황과 시간은 자꾸 어긋나기만 한다. 계속되는 엇갈림 속에서도 라디오 ‘유열의 음악앨범’과 함께 우연과 필연을 반복하는 두 사람… 함께 듣던 라디오처럼 그들은 서로의 주파수를 맞출 수 있을까?"
132,128246,늑대소년,영화,KR,125.0,,"요양 차 가족들과 한적한 마을로 이사 간 소녀는 어둠 속에 몸을 숨긴 의문의 늑대소년을 발견한다. 야생의 눈빛으로 사람 같지 않은 행동을 보이는 소년에게 왠지 마음이 쓰이는 소녀는 먹을 것을 보고 기다리는 법, 옷 입는 법, 글을 읽고 쓰는 법 등 소년에게 세상에서 살아가는 방법들을 하나씩 가르쳐준다. 태어나 처음으로 자신을 향해 손을 내밀어준 소녀에게 애틋한 감정이 싹트는 소년.  그러던 어느 날 예기치 못한 위기 속에 소년의 숨겨져 있던 위험한 본성이 드러나고, 소년은 순식간에 마을 사람들에게 두려움과 공포의 대상이 되어버리는데……"
133,950253,천박사 퇴마 연구소: 설경의 비밀,영화,KR,98.0,,대대로 마을을 지켜 온 당주집 장손이지만정작 귀신은 믿지 않는 가짜 퇴마사 천박사. 사람의 마음을 꿰뚫는 통찰력으로 온갖 사건을 해결해온 그에게 귀신을 보는 의뢰인 유경이 찾아와 1억원이라는 수임료로 거절하기 힘든 제안을 한다. 천박사는 파트너 인배와 함께 유경의 집으로 향하고 그곳에서 벌어지는 사건을 쫓으며 자신과 얽혀 있는 부적인 설경의 비밀을 알게 되는데…
134,606403,특송,영화,KR,108.0,,예상치 못한 배송사고로 걷잡을 수 없는 사건에 휘말린 특송 전문 드라이버 은하. 어쩌다 맡게 된 반송 불가 수하물에 출처를 알 수 없는 300억까지. 경찰과 국정원의 타겟이 되어 도심 한복판 모든 것을 건 추격전을 벌이게 되는데…
135,435366,조작된 도시,영화,KR,126.0,,"게임 세계 속에서는 완벽한 리더지만 현실에서는 평범한 백수인 권유.  PC방에서 우연히 휴대폰을 찾아 달라는 낯선 여자의 전화를 받게 되고 이후, 영문도 모른 채 그녀를 잔인하게 살해한 범인으로 몰리게 된다. 모든 증거는 짜맞춘 듯 권유를 범인이라 가리키고,  아무도 그의 결백을 믿어주지 않는 가운데 권유의 게임 멤버이자 초보 해커인 여울은 이 모든 것이 단 3분 16초 동안, 누군가에 의해 완벽하게 조작되었음을 알게 된다. 특수효과 전문 데몰리션을 비롯 게임 멤버가 모두 모여 자신들만의 새로운 방식으로 사건의 실체를 추적해나가기 시작하고, 조작된 세상에 맞서기 위한 짜릿한 반격에 나서는데..."
136,346646,베테랑,영화,KR,123.0,,"한 번 꽂힌 것은 무조건 끝을 보는 행동파 서도철은 겁 없고, 못 잡는 것 없고, 봐주는 것 없는 특수 강력사건 담당 광역수사대. 오랫동안 쫓던 대형 범죄를 해결한 후 숨을 돌리려는 찰나, 서도철은 재벌 3세 조태오를 만나게 된다. 세상 무서울 것 없는 안하무인의 조태오와 언제나 그의 곁을 지키는 오른팔 최상무. 서도철은 의문의 사건을 쫓던 중 그들이 사건의 배후에 있음을 직감한다. 건들면 다친다는 충고에도 불구하고 포기하지 않는 서도철의 집념에 판은 걷잡을 수 없이 커져가고, 조태오는 이를 비웃기라도 하듯 유유히 포위망을 빠져 나가는데..."
137,572164,엑시트,영화,KR,103.0,,"대학교 산악 동아리 에이스 출신이지만 졸업 후 몇 년째 취업 실패로 눈칫밥만 먹는 용남은 온 가족이 참석한 어머니의 칠순 잔치에서 연회장 직원으로 취업한 동아리 후배 의주를 만난다. 어색한 재회도 잠시, 칠순 잔치가 무르익던 중 의문의 연기가 빌딩에서 피어 오르며 피할 새도 없이 순식간에 서울 도심은 유독가스로 뒤덮여 일대혼란에 휩싸이게 된다. 용남과 의주는 산악 동아리 시절 쌓아 뒀던 모든 체력과 스킬을 동원해 탈출을 향한 기지를 발휘하기 시작하는데…"
138,783110,밀수,영화,KR,129.0,,"1970년대, 바닷가에 인접한 작은 마을 군천엔 절친인 두 해녀 춘자와 진숙, 그리고 진숙의 동생이 살고 있다. 그들은 생계를 위해 항상 물 속에서 해산물들을 채집하는 일을 한다. 하지만 해변 근처에 공장들이 하나 둘 지어지면서, 해녀들의 생계에 곤란이 생기고 선원들은 생계를 위해서 밀수 일에 뛰어들게 된다. 그렇게 시작된 밀수업은 진숙의 가족이 감당하기 벅찰만큼 규모가 커지고 마을의 평화도 점차 깨지기 시작한다."
139,753091,더 문,영화,KR,129.0,,"2029년, 대한민국의 달 탐사선 우리호가 달을 향한 여정에 나선다. 위대한 도전에 전 세계가 주목하지만 태양 흑점 폭발로 인한 태양풍이 우리호를 덮치고 황선우 대원만이 홀로 남겨진다. 대한민국의 우주선이 달로 향한 것이 이번이 처음은 아니었다. 5년 전, 원대한 꿈을 안고 날아올랐지만 모두가 지켜보고 있는 가운데 공중 폭발로 산산이 부서졌던 나래호. 또다시 일어난 비극에 유일한 생존자인 선우를 지키기 위해 나로 우주센터 관계자들과 정부는 총력을 다하고 온 국민이 그의 생존을 염원한다. 선우를 무사 귀환시키기 위해서 5년 전 나래호 사고의 책임을 지고 산에 묻혀 지내던 전임 센터장 김재국이 다시 합류하지만, 그의 힘만으로는 역부족이다. 선우를 구출할 또 다른 희망인 NASA 유인 달 궤도선 메인 디렉터 윤문영에게 도움을 청해보지만 그마저 쉽지 않다. 재국은 또다시 누군가를 잃지 않기 위해 마지막으로 자신의 모든 것을 걸어 보는데... 우주에 홀로 고립된 대원과 그의 무사 귀환에 모든 것을 건 남자 살기 위한, 살려내기 위한 고군분투가 시작된다."
140,1151766,살인자 리포트,영화,KR,108.0,,"특종에 목마른 위기에 기자 백선주에게 자신이 연쇄살인범이라고 주장하는 정신과 의사 이영훈이 새로운 살인 예고와 함께 인터뷰 요청을 한다. 고민 끝에 선주는 호텔 스위트 룸에서 살인자와의 인터뷰를 시작하고, 그의 살인 동기가 환자의 치료 목적으로 시작되었다는 믿기지 않는 고백을 듣게 된다. 인터뷰가 진행될수록 무언가 잘못됨을 느끼고 도망가려던 선주는 지금 인터뷰를 멈추면 또 한 명이 살해될 것이라는 영훈의 충격적인 얘기를 듣게 되는데…"
141,499028,지금 만나러 갑니다,영화,KR,131.0,,"비가 오는 날 다시 돌아오겠다는 믿기 힘든 약속을 남기고 세상을 떠난 수아. 그로부터 1년 뒤 장마가 시작되는 어느 여름 날,  세상을 떠나기 전과 다름없는 모습의 수아가 나타난다. 하지만 수아는 우진이 누구인지조차도 기억하지 못한다. 자신을 기억하지 못해도 그녀가 곁에 있다는 사실만으로 행복에 젖은 우진과 자신이 기억하지 못하는 그와의 이야기가 궁금한 수아. 우진이 들려주는 첫 만남, 첫 사랑, 첫 데이트, 첫 행복의 순간을 함께 나누며 수아는 우진과 다시 사랑에 빠지는데…"
142,1039882,로기완,영화,KR,131.0,,탈북자 기완은 낯선 땅 벨기에에서 난민 지위를 인정받고자 사투를 벌인다. 가진 것은 없어도 간절하게 살고 싶은 기완과 삶의 이유를 잃어버린 마리. 그들이 서로에게 이끌리듯 빠져든다.
143,432836,살인자의 기억법,영화,KR,118.0,,"예전에는 연쇄살인범이었지만 지금은 알츠하이머에 걸린 병수. 우연히 접촉사고로 만나게 된 남자 태주에게서 자신과 같은 눈빛을 발견하고 그 역시 살인자임을 직감한다. 병수는 경찰에 그를 연쇄살인범으로 신고하지만 태주가 그 경찰이었고, 아무도 병수의 말을 믿지 않는다. 태주는 은희 곁을 맴돌며 계속 병수의 주변을 떠나지 않고, 병수는 혼자 태주를 잡기 위해 필사적으로 기록하고 쫓지만 기억은 자꾸 끊기고, 오히려 살인 습관들이 되살아나며 병수는 망상과 실제 사이에서 혼란스러워진다.  다시 시작된 연쇄 살인사건, 놈의 짓이 맞을까!"
144,453127,청년경찰,영화,KR,109.0,,"의욕충만 경찰대생 기준과 이론백단 경찰대생 희열. 둘도 없는 친구인 두 사람은 외출을 나왔다 우연히 납치 사건을 목격하게 된다.  목격자는 오직 두 사람 뿐. 기준과 희열은 학교에서 배운 대로 지체 없이 경찰에 신고한다. 하지만 복잡한 절차와 부족한 증거로 수사는 전혀 진행될 기미가 보이지 않는 상황! 1분 1초가 급박한 상황에서 아까운 시간만 흘러가자, 기준과 희열은 직접 발로 뛰는 수사에 나서기로 하고 예측 불가능한 상황을 마주하게 되는데…"
145,995926,베테랑 2,영화,KR,118.0,,"가족들도 못 챙기고 밤낮 없이 범죄들과 싸우는 베테랑 형사 서도철과 강력범죄수사대 형사들. 어느 날, 한 교수의 죽음이 이전에 발생했던 살인 사건들과 연관성이 있는 것으로 밝혀지며 전국은 연쇄살인범으로 인해 떠들썩해진다. 이에 단서를 추적하며 수사를 시작한 형사들. 하지만 이들을 비웃기라도 하듯, 연쇄살인범은 다음 살인 대상을 지목하는 예고편을 인터넷에 공개하며 또 한 번 전 국민을 흔들어 놓는다. 강력범죄수사대는 서도철의 눈에 든 정의감 넘치는 막내 형사 박선우를 투입한다. 그리고 사건은 새로운 방향으로 흐르게 되는데..."
146,964592,잠,영화,KR,94.0,,"행복한 신혼부부 현수와 수진. 어느 날, 옆에 잠든 남편 현수가 이상한 말을 중얼거린다. 그날 이후, 잠들면 마치 다른 사람처럼 변하는 현수. 깨어나면 아무것도 기억하지 못하는 현수는 잠들면 가족들을 해칠까 두려움을 느끼고 수진은 매일 잠드는 순간 시작되는 끔찍한 공포 때문에 잠들지 못한다. 치료도 받아보지만 현수의 수면 중 이상 행동은 점점 더 위험해져가고 수진은 곧 태어날 아이까지 위험에 빠질지도 모른다는 생각에 갖은 노력을 다해보는데…"
147,556509,사바하,영화,KR,122.0,,"신흥 종교 비리를 찾아내는 종교문제연구소 박목사. 최근 사슴동산이라는 새로운 종교 단체를 조사 중이다. 영월 터널에서 여중생이 사체로 발견되는 사건이 발생하고 이를 쫓던 경찰과 우연히 사슴동산에서 마주친 박목사는 이번 건이 심상치 않음을 직감한다. 터널 사건 유력 용의자의 자살, 그리고 실체를 알 수 없는 정비공 나한과 16년 전 태어난 쌍둥이 동생 금화의 존재까지, 사슴동산에 대해 파고들수록 박목사는 점점 더 많은 미스터리와 마주하게 되는데…"
148,146724,반창꼬,영화,KR,120.0,,매일 목숨을 내놓고 사건 현장에 뛰어들지만 정작 자신의 아내를 구하지 못한 상처를 간직한 소방관 강일. 매번 제 멋대로 말하고 거침없이 행동하며 상처도 사랑도 없는 척하지만 단 한번의 실수로 위기에 처한 의사 미수. 우연한 기회에 미수가 119 구조대 의용대원으로 일하게 되면서 같은 구조대에 있는 강일에게 처음으로 마음을 열고 적극적으로 다가간다. 모든 방법을 동원해 강일에게 애정공세를 펼치는 미수. 그리고 그런 그녀에게 까칠함으로 일관하던 강일 역시 조금씩 마음을 열기 시작한다. 과연 그들은 서로의 상처에 반창꼬를 붙여 줄 수 있을까?
149,38015,타짜,영화,KR,139.0,,"가구공장에서 일하며 남루한 삶을 사는 고니는 대학보다 가난을 벗어나게 해줄 돈이 우선인 청년. 어느 날 고니는 가구공장 한 켠에서 박무석 일행이 벌이는 화투판에 끼게 되지만, 고니는 그 판에서 3년 동안 모아두었던 돈 전부를 날리고 만다. 그것이 전문 도박꾼들이 짜고 친 판이었단 사실을 뒤늦게 안 고니는 박무석 일행을 찾아 나서고, 도박으로 시비가 붙은 한 창고에서 우연인 듯 필연처럼 전설의 타짜 평경장을 만난다. 그리고 잃었던 돈의 다섯 배를 따면 화투를 그만두겠단 약속을 하고, 그와 함께 본격적인 꽃싸움에 몸을 던지기 위한 동행길에 오른다."
150,958263,독전 2,영화,KR,116.0,,아직 추적은 끝나지 않았다. 집념에 불타는 형사가 아시아 최대 마약 조직의 진실과 그 실체를 찾기 위해 수사를 이어간다.
151,589174,담보,영화,KR,113.0,,"1993년 인천, 거칠고 까칠한 사채업자 두석과 종배는 떼인 돈 받으러 갔다가 얼떨결에 9살 승이를 담보로 맡게 된다. 뜻도 모른 채 담보가 된 승이와 승이 엄마의 사정으로 아이의 입양까지 책임지게 된 두석과 종배. 하지만 부잣집으로 간 줄 알았던 승이가 엉뚱한 곳에 있다는 것을 알게 된 두 사람은 승이를 데려와 돌보게 된다. 예고 없이 찾아온 아이에게 인생을 담보 잡힌 두석과 종배. 빚 때문에 아저씨들에게 맡겨진 담보 승이. 두석, 종배, 승이 세 사람은 어느덧 서로에게 특별한 존재가 되는데..."
152,585831,나쁜 녀석들: 더 무비,영화,KR,115.0,,"교도소 호송차량이 전복되고 최악의 범죄자들이 탈주하는 사상 초유의 사건이 발생한다. 이에 경찰은 수감 중인 범죄자가 흉악범을 잡는 극비 프로젝트인 ‘특수범죄수사과’를 다시 소집한다. 오구탁 반장은 과거 함께 활약했던 전설의 주먹 박웅철을 찾아가고, 감성 사기꾼 곽노순과 전직 형사 고유성을 영입해 새로운 팀을 구성한다. 새로운 멤버들이 합류해 더욱 강력하고 치밀하고 독해진 나쁜 녀석들. 이 사건을 파헤칠수록 배후에 거대한 범죄조직이 있다는 것을 직감한 그들은 더 나쁜 놈들을 소탕하기 위해 움직이기 시작하는데…"
153,629028,미션 파서블,영화,KR,104.0,,"입금만 되면 뭐든 가능해지는 흥신소 사장 우수한 앞에 어느 날 열정 충만 비밀 요원 유다희가 현금 천 만원과 함께 찾아 온다. 무기 밀매 사건을 해결하자며, 대놓고 공조를 요청해 온 것. 혼자일 때보다 둘일 때 더 눈에 띄는 두 사람. 작전을 거듭해 갈수록 사건은 커져만 가고, 형사들이 오해할만한 단서를 여기저기 흘리고 다녀 수배 목록에 오르기도 하지만 아찔한 이 공조를 멈출 수는 없다."
154,363093,대호,영화,KR,139.0,,"1925년, 조선 최고의 명포수로 이름을 떨치던 천만덕은 더 이상 총을 들지 않은 채, 지리산의 오두막에서 늦둥이 아들 석과 단둘이 살고 있다. 만덕의 어린 아들 석은 한 때 최고의 포수였지만 지금은 사냥에 나서지 않는 아버지에게 불만을 품는다.  한편, 마을은 지리산의 산군(山君)으로 두려움과 존경의 대상이자, 조선의 마지막 호랑이인 대호를 찾아 몰려든 일본군 때문에 술렁이고, 도포수 구경은 ‘대호’ 사냥에 열을 올린다."
155,1411577,넘버원,영화,KR,105.0,,엄마가 해준 밥을 먹을 때마다 눈앞에 알 수 없는 숫자가 보이기 시작한 하민. 숫자는 엄마의 음식을 먹을수록 하나씩 줄어들고 그 숫자가 0이 되면 엄마 은실이 죽는다는 사실을 알게 된 후 하민의 평범했던 일상이 한순간에 뒤집힌다. 엄마를 지키기 위해 하민은 온갖 핑계를 대며 집밥을 피하기 시작하는데…
156,574302,타짜: 원 아이드 잭,영화,KR,139.0,,"전설적인 타짜 짝귀의 아들이자 고시생인 일출은 공부에는 흥미가 없지만 포커판에서는 날고 기는 실력자다. 포커판에서 우연히 알게 된 마돈나의 묘한 매력에 빠져든 일출은 그녀의 곁을 지키는 이상무에게 속아 포커의 쓴맛을 제대로 배운다. 돈도 잃고 자존심까지 무너진 채 벼랑 끝에 몰린 그의 앞에 정체불명의 타짜 애꾸가 나타난다. 50억이 걸린 거대한 판을 설계한 애꾸는 전국에서 타짜들을 불러모은다. 무엇이든 될 수 있고, 누구든 이길 수 있는 원 아이드 잭 팀으로 모인 이들, 인생을 바꿀 새로운 판에 뛰어드는데..."
157,429450,판도라,영화,KR,136.0,,역대 최대 규모의 강진에 이어 원자력 폭발 사고까지  예고 없이 찾아온 초유의 재난 앞에 한반도는 일대 혼란에 휩싸이고  믿고 있던 컨트롤 타워마저 사정없이 흔들린다.  방사능 유출의 공포는 점차 극에 달하고  최악의 사태를 유발할 2차 폭발의 위험을 막기 위해  발전소 직원인 ‘재혁’과 그의 동료들은  목숨 건 사투를 시작하는데…
158,265851,우는 남자,영화,KR,117.0,,"낯선 미국 땅에 홀로 남겨져 냉혈한 킬러로 살아온 곤.  조직의 명령으로 타겟을 제거하던 중 예상치 못한 실수를 저지르고, 그는 자신의 삶에 깊은 회의를 느낀다. 그런 그에게 조직은 또 다른 명령을 내리고, 곤은 마지막 임무가 될 타겟을 찾아 자신을 버린 엄마의 나라, 한국을 찾는다. 남편과 딸을 잃고, 치매에 걸린 엄마를 돌보며 하루하루 절망 속에서 살아가고 있는 여자, 모경. 엄청난 사건에 연루된 것도 모른 채 일만 파고들며 술과 약이 없으면 잠을 이루지 못하던 그녀 앞에 딸의 죽음 뒤에 감춰진 진실을 알려주겠다는 한 남자가 다가온다.  잃을 것이 없는 남자와 남은 게 없는 여자, 그들이 절벽의 끝에서 만났다"
159,421928,럭키,영화,KR,112.0,,"냉혹한 킬러 형욱은 사건 처리 후 우연히 들른 목욕탕에서 비누를 밟고 넘어져 과거의 기억을 잃게 된다. 인기도, 삶의 의욕도 없어 죽기로 결심한 무명배우 재성은 신변 정리를 위해 들른 목욕탕에서 그런 형욱을 보게 되고, 자신과 그의 목욕탕 키를 바꿔 도망친다. 이후 형욱은 자신이 재성이라고 생각한 채, 배우로 성공하기 위해 노력하는데…"
160,158445,7번방의 선물,영화,KR,127.0,,최악의 흉악범들이 모인 교도소 7번방에 이상한 놈이 들어왔다! 그는 바로 6살 지능의 딸바보 용구. 평생 죄만 짓고 살아온 7번방 패밀리들에게 떨어진 미션은 바로 용구 딸 예승이를 외부인 절대 출입금지인 교도소에 반.입.하.는.것! 웃음과 감동 가득한 사상초유의 합동작전이 시작된다!
161,297721,강남 1970,영화,KR,135.0,,"호적도 제대로 없는 고아로, 넝마주이 생활을 하며 친형제처럼 살던 종대와 용기. 유일한 안식처였던 무허가촌의 작은 판자집마저 빼앗기게 된 두 사람은 건달들이 개입된  전당대회 훼방 작전에 얽히게 되고 그 곳에서 서로를 잃어버린다.  3년 후, 자신을 가족으로 받아 준 조직 두목 출신 길수의 바람과 달리, 잘 살고 싶다는 꿈 하나로 건달 생활을 하게 되는 종대. 정보와 권력의 수뇌부에 닿아있는 복부인 민마담과 함께 강남 개발의 이권다툼에 뛰어든 종대는 명동파의 중간보스가 된 용기와 재회하고, 두 사람은 정치권까지 개입된 의리와 음모, 배신의 전쟁터. 그 한 가운데에 놓이게 되는데…"
162,5488,싸이보그지만 괜찮아,영화,KR,105.0,,"엉뚱한 상상이 가득한 신세계 정신병원. 어느 날, 자기가 싸이보그라고 생각하는 소녀 영군이 이 곳으로 들어온다. 개성 강한 사람들이 머무르는 곳이지만, 여기서도 영군은 유독 눈에 띄는 아이. 형광등, 자판기 등에 말을 거는 영군을 사람들은 이해할 수 없다. 평소 남의 특징을 관찰한 후 훔치기를 잘 하는 남자 일순은 그런 그녀를 유심히 관찰한다. 싸이보그는 밥을 먹으면 안 된다는 생각 때문에 점점 야위어만 가는 영군을 위해 일순은 자신의 능력을 총동원하는데..."
163,633374,리멤버,영화,KR,128.0,,"뇌종양 말기, 80대 알츠하이머 환자인 한필주. 일제강점기 때 친일파들에게 가족을 모두 잃었다. 아내가 세상을 떠나자 필주는 60여 년을 계획해 온 복수를 감행하려고 한다. 그는 알바 중인 패밀리 레스토랑에서 절친이 된 20대 알바생 인규에게 일주일만 운전을 도와 달라 부탁한다. 이유도 모른 채 필주를 따라나선 인규는 첫 복수 현장의 CCTV에 노출되어 유력 용의자로 지목된다. 경찰은 수사망을 좁혀오고 사라져가는 기억과 싸우며 필주는 복수를 이어가는데…"
164,235704,동창생,영화,KR,113.0,,"명훈은 남파공작원인 아버지의 누명으로, 여동생 혜인과 단 둘이 살아 남아 요덕 수용소에 감금된다. 그 곳에서 그는 정찰국 소속 장교 문상철에게 동생을 구하려면 남으로 내려가 공작원이 되라는 거절할 수 없는 제안을 받는다. 동생을 지키기 위해, 고등학생 강대호로 위장해 어떤 지령도 마다하지 않던 명훈은 동생과 같은 이름에 늘 혼자인 혜인을 눈 여겨 보게 된다. 그러나 시간이 지날수록 그의 임무는 위험해져 가는데..."
165,736820,공조 2: 인터내셔날,영화,KR,128.0,,"남한으로 숨어든 글로벌 범죄 조직을 잡기 위해 새로운 공조 수사에 투입된 북한 형사 림철령. 수사 중의 실수로 사이버수사대로 전출됐던 남한 형사 강진태는 광수대 복귀를 위해 모두가 기피하는 철령의 파트너를 자청한다. 이렇게 다시 공조하게 된 철령과 진태! 철령과 재회한 민영의 마음도 불타오르는 가운데, 철령과 진태는 여전히 서로의 속내를 의심하면서도 나름 그럴싸한 공조 수사를 펼친다. 드디어 범죄 조직 리더인 장명준의 은신처를 찾아내려는 찰나, 미국에서 날아온 FBI 소속 잭이 그들 앞에 나타나는데…"
166,1401542,프로젝트 Y,영화,KR,109.0,,"화려한 도시 한가운데에서 다른 내일을 꿈꾸며 살아가던 미선과 도경. 하지만 그 희망마저 빼앗기고 벼랑 끝까지 내몰린 상황, 두 사람은 우연히 알게 된 검은 돈과 숨겨진 금괴를 훔쳐 새로운 기회를 만들고 돈과 금괴에 얽힌 이들이 미선과 도경을 뒤쫓기 시작하는데…"
167,952701,리턴 투 서울,영화,BE,119.0,,"프레디는 여행차 떠난 일본행 항공편이 태풍으로 변경되자 어린 시절 프랑스로 입양된 후 처음으로 한국 땅을 밟게 된다. 언어도, 문화도 매우 낯설지만 나름의 재미를 즐기는 그녀. 하지만 자신이 진정 느끼고 원하는 건 무엇인지, 스스로를 발견해가는 길은 순탄치 않고, 결국 만나게 된 그녀의 생부와도 서로 산더미 같은 감정의 골이 남아있다."
168,1269208,84제곱미터,영화,KR,118.0,,영혼까지 끌어모아 84제곱미터 아파트를 장만한 남자. 하지만 밤마다 들려오는 정체불명의 층간 소음이 그를 괴롭힌다. 날이 갈수록 격화되는 이웃과의 갈등 속에서 소음의 근원을 캐낼 수 있을까.
169,408620,아수라,영화,KR,132.0,,"강력계 형사 한도경은 이권과 성공을 위해 각종 범죄를 저지르는 악덕시장 박성배의 뒷일을 처리해주는 대가로 돈을 받는다. 악에 계속 노출되는 사이,  말기 암 환자인 아내의 병원비를 핑계로 돈 되는 건 뭐든 하는 악인의 길로 들어서게 된 한도경. 그의 약점을 쥔 독종 검사 김차인과 검찰 수사관 도창학은 그를 협박하고 이용해 박성배의 비리와 범죄 혐의를 캐려 한다. 각자의 이익과 목적을 위해 한도경의 목을 짓누르는 검찰과 박성배. 그 사이 태풍의 눈처럼 되어 버린 한도경은, 자신을 친형처럼 따르는 후배 형사 문선모를  박성배의 수하로 들여보내고, 살아남기 위해 혈안이 된 나쁜 놈들 사이에서 서로 물지 않으면 물리는 지옥도가 펼쳐진다."
170,15859,내 머리 속의 지우개,영화,KR,117.0,,"수진은 유달리 건망증이 심하다. 편의점에 가면 산 물건과 지갑까지 놓고 나오기 일쑤다. 그 날도 어김없이 산 콜라와 지갑을 놓고 온 것을 깨닫고 다시 편의점에 들어선 순간 맞닥뜨린 남자. 그의 손엔 콜라가 들려있고, 콜라가 있어야 할 편의점 카운터는 비어있다. 덥수룩한 수염에 남루한 옷차림, 영락없는 부랑자다. 그가 자신의 콜라를 훔쳤다고 생각한 수진, 그의 손에 들린 콜라를 뺏어 단숨에 들이킨다. 게다가 트림까지. 보란 듯이 빈 캔을 돌려주고, 수진은 버스정류장으로 향한다. 하지만 버스에 탄 순간 또 지갑을 챙겨오지 않은 걸 깨닫는다. 다시 돌아간 편의점에서 직원은 수진을 보더니 지갑과 콜라를 내놓는다. 그제서야 자신의 실수를 깨닫는 수진. 그를 찾아보지만 이미 그는 없다."
171,617882,소울메이트,영화,KR,124.0,,"유년 시절을 함께한 미소와 하은이 어른이 되어가는 과정에서 겪는 관계의 굴곡을 그린다. 둘만의 안온한 세계는 10대 후반 무렵, 하은이 동급생 진우와 첫사랑을 시작하면서 미세한 균열을 겪는다. 자유분방한 미소는 도시로 떠나 모험적인 삶을 좇고, 하은은 고향에 남아 안정된 생활을 꾸리면서 둘은 그렇게 점차 멀어진다. 첫 만남부터 서로를 알아본 두 친구 미소와 하은 그리고 진우가 기쁨, 슬픔, 설렘, 그리움까지 모든 것을 함께 한 이야기를 담은 영화."
172,438798,프리즌,영화,KR,125.0,,"밤이 되면 죄수들이 밖으로 나가 대한민국 완전범죄를 만들어내는 교도소  그 교도소의 권력 실세이자 왕으로 군림하는 익호(한석규).  그 곳에 검거율 100%로 유명한 전직 경찰 유건(김래원)이 뺑소니, 증거인멸, 경찰 매수의 죄목으로  입소하게 되고, 특유의 깡다구와 다혈질 성격으로 익호의 눈에 띄게 된다.  익호는 유건을 새로운 범죄에 앞세우며 점차 야욕을 내보이는데 …  세상을 움직이는 놈들은 따로 있다  감옥 문이 열리면 큰 판이 시작된다!"
173,1154154,대도시의 사랑법,영화,KR,119.0,,"시선을 싹쓸이하는 과감한 스타일과 남 눈치 보지 않는 거침없는 애티튜드로 모두의 관심을 한 몸에 받는 자유로운 영혼 재희. 그런 재희가 눈길은 가지만 특별히 흥미는 없던 흥수에게 위기가 찾아온다. 누구에게도 절대 들키고 싶지 않은 비밀을 하필 재희에게 들켜버린 것! 하지만 그 과정에서 재희와 흥수는 알게 된다. 서로가 이상형일 수는 없지만 오직 둘만 이해할 수 있는 모먼트가 있다는 것을. 남들이 만들어내는 무성한 소문을 뒤로 하고, 재희와 흥수는 사랑도 인생도 나답게! 의기투합 동거 라이프를 시작하는데..."
174,437633,리얼,영화,KR,137.0,,"카지노 ‘시에스타’ 오픈을 앞둔 조직의 보스 장태영(김수현) 앞에  암흑가 대부 조원근(성동일)이 카지노의 소유권을 주장하며 나타난다.  조원근의 개입으로 카지노를 빼앗길 위기에 처한 장태영은  자금 문제를 해결하기 위해 투자자를 찾아 나선다.  어느 날, 이름뿐만 아니라 생김새마저 똑같은 의문의 투자자(김수현)가 나타나  자금은 물론 조원근까지 해결해주겠다는 제안을 한다.  의문의 투자자의 등장으로 조원근과 카지노를 차지하기 위한 전쟁이 시작되고  이들을 둘러 싼 거대한 비밀과 음모의 정체가 서서히 드러난다.  오직 진짜만이 모든 것을 갖는다!"
175,636279,보고타: 마지막 기회의 땅,영화,KR,106.0,,더 나은 삶의 기회를 찾아 보고타로 이주한 한국인 청년. 콜롬비아 암시장에서 꽤 괜찮은 살길을 발견하는데. 이제 이곳에서 모든 위험을 무릅쓰고 성공의 기회를 잡으려 한다.
176,662237,새콤달콤,영화,KR,101.0,,눈에서 멀어지면 마음에서도 멀어진다? 장거리 연애를 시작한 한 커플이 현실의 벽에 부딪힌다. 달콤했던 그들의 연애가 점점 쓴맛으로 변해가는 느낌. 아무리 애써봐도 소용없는 걸까?
177,604360,제8일의 밤,영화,KR,150.0,,"붉은 달이 뜨는 밤, 봉인에서 풀려난 `붉은 눈`이 7개의 징검다리를 밟고 자신의 반쪽, `검은 눈`을 찾아간다. 그리고 마지막 제8일의 밤, 그 둘이 만나 하나가 되면 고통과 어둠만이 존재하는 지옥의 세상이 될 것이다."
178,338729,뷰티 인사이드,영화,KR,127.0,,"자고 일어나면 다른 사람이 되는 남자가 있다. 매일 국적, 성별, 나이를 넘나드는 남자, 우진은 정체를 드러내지 않고 가구 디자이너로서 살아왔다. 그러던 어느 날, 가구 판매점에서 이수라는 여자를 만난 우진은 처음 사랑이라는 감정을 느낀다. 항상 다른 모습으로 그녀를 지켜보던 우진은 이수에게 데이트 신청을 한다. 설레는 첫 데이트 이후 그는 잠을 자지 않고 모습을 유지하기 위해 노력한다. 우진은 며칠간 보통 사람 같은 행복한 시간을 보내지만, 결국 잠이 들어 다른 모습으로 변해버리고 만다. 그녀 곁을 맴돌던 우진은 용기를 내어 비밀을 밝히는데..."
179,18438,김씨 표류기,영화,KR,116.0,,"자살시도가 실패로 끝나 한강의 밤섬에 불시착한 남자. 죽는 것도 쉽지 않자 일단 섬에서 살아보기로 한다. 모래사장에 쓴 HELP가 HELLO로 바뀌고 무인도 야생의 삶도 살아볼 만하다고 느낄 무렵, 익명의 쪽지가 담긴 와인병을 발견하고 그의 삶은 알 수 없는 희망으로 설레기 시작한다. 한편 자신의 좁고 어두운 방이 온 지구이자 세상인 여자. 홈페이지 관리, 하루 만보 달리기 등 그녀만의 생활리듬도 있다. 유일한 취미인 달사진 찍기에 열중하던 어느 날, 저 멀리 한강의 섬에서 낯선 모습을 발견하고 그에게 리플을 달아주기로 하는 그녀는 3년 만에 자신의 방을 벗어나 그를 향해 달려가는데..."
180,12650,시월애,영화,KR,91.0,,단역 전문 성우 은주는 1년간 살던 바닷가의 집 일마레를 떠나며 우편함 안에 다음 주인에게 보내는 편지를 남긴다. 그러나 그 편지는 시간을 거슬러 은주보다 먼저 일마레에 살았던 건축가 성현에게 전달된다. 편지를 통해 서로의 아픔을 나누는 사이 급기야 성현은 자신을 알지 못하는 과거의 은주를 사랑하게 된다. 그러나 미래의 은주는 헤어진 애인을 잊지 못하고 과거의 성현에게 자신과 그가 헤어지지 않도록 도와 달라고 부탁한다. 미래의 은주는 성현과 만나기로 한 바닷가로 가지만 성현은 나오지 않는다. 그리고 은주를 사랑하게 된 성현은 그녀의 부탁을 들어주러 가지만 은주는 성현이 자신의 부탁 때문에 사고를 당함을 알게 되고 사고를 막기 위해 성현에게 편지를 보낸다. 그가 늦지 않게 그 편지를 받기를 간절히 바라면서...
181,571786,걸캅스,영화,KR,107.0,,"민원실 퇴출 0순위 전직 전설의 형사 미영과 민원실로 밀려난 현직 꼴통 형사 지혜. 집에서는 눈만 마주쳐도 으르렁 대는 시누이 올케 사이인 두 사람은 민원실에 신고접수를 하기 위해 왔다가 차도에 뛰어든 한 여성을 목격하고 그녀가 48시간 후 업로드가 예고된 디지털 성범죄 사건의 피해자란 사실을 알게 된다. 강력반, 사이버 범죄 수사대, 여성청소년계까지 경찰 내 모든 부서들에서 복잡한 절차와 인력 부족을 이유로 사건이 밀려나자 미영과 지혜는 비공식 수사에 나서기로 결심한다. 수사가 진전될수록 형사의 본능이 꿈틀대는 미영과 정의감에 활활 불타는 지혜는 드디어 용의자들과 마주할 기회를 잡게 되는데..."
182,437081,남한산성,영화,KR,140.0,,"1636년 인조 14년 병자호란. 청의 대군이 공격해오자 임금과 조정은 적을 피해 남한산성으로 숨어든다. 추위와 굶주림, 절대적인 군사적 열세 속 청군에 완전히 포위된 상황, 대신들의 의견 또한 첨예하게 맞선다. 순간의 치욕을 견디고 나라와 백성을 지켜야 한다는 이조판서 최명길과 청의 치욕스런 공격에 끝까지 맞서 싸워 대의를 지켜야 한다는 예조판서 김상헌. 그 사이에서 인조의 번민은 깊어지고, 청의 무리한 요구와 압박은 더욱 거세지는데..."
183,575718,해치지않아,영화,KR,117.0,,"생계형 수습 변호사 태수에게 찾아온 일생일대의 기회, 위기의 동물원 동산파크를 구하라! 동산파크의 새 원장이 된 그는 손님은커녕 동물조차 없는 동물원을 살리기 위해 직원들에게 동물로 위장근무 하자는 기상천외한 제안을 한다. 북극곰, 사자, 기린, 고릴라, 나무늘보로 출근한 동산파크 5인방. 묵언수행은 기본, 어깨 결림, 근육 뭉침, 뒷목까지 뻐근한 그들의 털 날리는 고군분투가 계속되는 가운데, 목이 타던 태수는 북극곰의 신분을 망각하고 관람객 앞에서 콜라 한 모금을 마시게 되는데…"
184,8653,섬,영화,KR,90.0,,"저수지의 낚시터, 낚시 가게 주인인 희진은 낚시꾼들에게 안주나 먹을 것들을 팔고 가끔은 그들의 욕정을 채워주기도 하면서 살아간다. 가게를 지키는 개가 유일한 벗이었던 희진 앞에 전직 경찰 현식이 나타난다.  다른 사람과 사랑에 빠진 애인을 죽인 후, 자살을 위해 낚시터로 숨어든 것. 희진은 절망의 그림자가 드리운 현식을 관찰하고 그의 자살을 막는다. 두 사람은 미묘한 교감을 느끼지만 낚시터에 은신 중이던 범죄자가 추적해온 경찰의 총에 맞아 중상을 입는 일이 일어난다. 현식은 불안감으로 낚시 바늘을 삼켜 자해를 하고 희진은 그를 구한 후, 섹스를 통해 그의 고통을 치유한다.  그 날 이후, 희진은 현식에게 집착을 보이고 그녀의 사랑과 고립감을 견디지 못한 현식은 낚시터를 떠나려 하는데..."
185,581531,변신,영화,KR,113.0,,사람의 모습으로 변신하는 악마가 우리 가족 안에 숨어들면서 기이하고 섬뜩한 사건들이 벌어진다. 서로 의심하고 증오하고 분노하는 가운데 구마 사제인 삼촌 중수가 예고없이 찾아오는데…
186,448491,리틀 포레스트,영화,KR,103.0,,"서울에서 임용고시를 준비하던 혜원은 어느 겨울, 문득 짐을 챙겨 고향 미성리로 향한다. 집에 도착한 그녀가 가장 먼저 한 일은 꽝꽝 언 땅에 묻힌 배추를 꺼내 얼큰한 배춧국을 끓여먹는 것. 그날부터 혜원의 자급자족 농촌 라이프가 시작된다. 잠깐 쉬다가 금방 올라갈 거라고 믿었지만, 계절은 겨울로 시작해 봄, 여름, 가을을 거쳐 다시 겨울로 순환한다. 평생 마을을 떠나본 적 없는 그녀의 친구 은숙, 대기업에 다니다 귀촌해 농사꾼이 된 또 다른 친구 재하가 혜원과 함께다. 혜원은 친구들과 시간을 보내거나 직접 가꾼 작물로 요리를 해먹으며 지친 몸과 마음을 치유한다."
187,602302,내일의 기억,영화,KR,99.0,,"사고로 기억을 잃은 채 깨어난 수진 옆엔 자상한 남편 지훈이 그녀를 세심하게 돌봐주고 있다. 그리고 집에 돌아온 후, 마주친 이웃들의 위험한 미래가 보이기 시작하자 수진은 혼란에 빠진다. 그러던 어느 날 길에서 만난 옛 직장 동료는 수진을 걱정하며 지훈에 대한 믿기 힘든 소리를 하고, 때마침 발견한 사진에서 사진 속 남편 자리엔 지훈이 아닌 다른 남자가 있다."
188,89501,범죄와의 전쟁: 나쁜놈들 전성시대,영화,KR,133.0,,"1982년 부산, 해고될 위기에 처한 비리 세관원 최익현은 순찰 중 적발한 히로뽕을 일본으로 밀수출하기 위해 부산 최대 조직의 젊은 보스 최형배와 손을 잡는다. 익현은 탁월한 임기응변과 특유의 친화력으로 형배의 신뢰를 얻는 데 성공한다. 주먹 넘버원 형배와 로비의 신 익현은 함께 힘을 합쳐 부산을 접수하기 시작하고, 나쁜 놈들의 전성시대가 펼쳐진다. 하지만 1990년 범죄와의 전쟁이 선포되자 조직의 의리는 금이 가고 배신이 시작된다. 살아남기 위해 벌이는 치열한 한판 승부, 최후에 웃는 자는 과연 누가 될 것인가?"
189,2015,밀양,영화,KR,142.0,,"신애는 교통사고로 죽어버린 남편의 고향 밀양으로 아들 준을 데리고 이사한다. 오는 길에 고장난 차를 고쳐주러 온 카센터 사장 종찬의 렉카를 타고 밀양으로 들어가는 세 사람. 신애는 남편의 고향에 덩그러니 정착한 모자를 측은하게 보는 사람들에게 애써 씩씩하게 군다. 종찬은 이 속모를 여자를 그날부터 졸졸 따른다. 살 집을 구해주고, 피아노 학원을 봐주고, 그녀를 따라 땅을 보러 다니며 그의 하루 일과는 시작된다. 늘 네댓 걸음 뒤에서, 부르면 다가서고 밀쳐내면 물러나면서."
190,269494,끝까지 간다,영화,KR,111.0,,"어머니의 장례식 날, 급한 연락을 받고 경찰서로 향하던 형사 고건수.  아내의 이혼 통보, 갑작스런 내사 소식까지,  스트레스 폭발 직전의 건수는 실수로 사람을 치는 사고를 일으키고 만다.  되돌릴 수 없는 상황! 어떻게든 모면해야 하는 건수는  누구도 찾을 수 없는 곳, 바로 어머니의 관 속에 시체를 숨기는데..."
191,437108,장산범,영화,KR,100.0,,"도시를 떠나 장산으로 이사 온 희연은  무언가에 겁을 먹고 혼자 숲 속에 숨어있는 여자애를 만난다. 희연은 소녀를 집으로 데려오지만, 남편은 딸 준희의 목소리를 흉내 내는 이 소녀를 수상하게 여긴다. 소녀가 찾아온 뒤 하나 둘씩 실종되는 사람들  사라진 시어머니와 남편… 그리고 들려오는 그것의 목소리. 누군가 우리 가족의 목소리를 흉내 내고 있다!"
192,348613,쎄시봉,영화,KR,122.0,,"한국 포크 음악계의 전설이 된 ‘트윈폴리오’에 제 3의 멤버가 있었다?!  한국 음악계에 포크 열풍을 일으킨 조영남, 이장희, 윤형주, 송창식 등을 배출한 음악감상실 ‘쎄시봉’, 젊음의 거리 무교동 최고의 핫플레이스였던 그곳에서 ‘마성의 미성’ 윤형주와 ‘타고난 음악천재’ 송창식이 평생의 라이벌로 처음 만나게 된다. ‘쎄시봉’ 사장은 이들의 가수 데뷔를 위해 트리오 팀 구성을 제안하고, 자칭 ‘쎄시봉’의 전속 프로듀서 이장희는 우연히 오근태의 중저음 목소리를 듣고 그가 두 사람의 빈틈을 채워줄 ‘숨은 원석’임을 직감한다. 기타 코드조차 제대로 잡지 못하는 ‘통영촌놈’ 오근태는 이장희의 꼬임에 얼떨결에 ‘트리오 쎄시봉’의 멤버로 합류하게 되고 그 시절, 모든 남자들의 마음을 사로잡은 ‘쎄시봉’의 뮤즈 민자영에게 첫눈에 반해 그녀를 위해 노래를 부르기로 결심하는데....  그 시절, 젊음의 거리 무교동을 주름잡던 음악감상실 ‘쎄시봉’`  모두의 마음을 사로잡은 단 한명의 뮤즈 그리고 잊지 못할 가슴 시린 첫사랑의 기억..."
193,313108,국제시장,영화,KR,126.0,,"1950년대 한국전쟁 이후로부터 현재에 이르기까지 격변의 시대를 관통하며 살아온 우리 시대 아버지 덕수, 그는 하고 싶은 것도 되고 싶은 것도 많았지만 평생 단 한번도 자신을 위해 살아본 적이 없다. ‘괜찮다’ 웃어 보이고 ‘다행이다’ 눈물 훔치며 힘들었던 그때 그 시절, 오직 가족을 위해 굳세게 살아온 우리들의 아버지 이야기가 지금부터 시작된다."
194,1316719,얼굴,영화,KR,102.0,,"태어나서 아무것도 볼 수 없었던 시각장애인임에도 불구하고 세상에서 가장 아름다운 도장을 만드는 장인으로 거듭난 임영규와 그의 아들 임동환에게 경찰에게서 한 통의 전화가 걸려온다. 40년 전 실종된 아내이자 어머니 정영희의 백골 사체가 발견되었다는 것. 얼굴조차 몰랐던 어머니가 살해됐을 가능성도 있다는 이야기를 듣게 된 임동환은 아버지 임영규의 다큐멘터리를 촬영하던 PD 김수진과 함께 어머니의 죽음을 추적하게 된다. 그리고 그 과정에서 만난, 40년 전 어머니와 함께 청계천 의류 공장에서 일했던 이들의 기억을 통해 가려진 진실을 마주하게 되는데……"
195,821153,육사오（6/45）,영화,KR,113.0,,"우연히 1등 당첨 로또를 주운 말년 병장 천우. 심장이 터질듯한 설렘도 잠시, 순간의 실수로 바람을 타고 군사분계선을 넘어간 로또. 바사삭 부서진 멘탈을 부여잡고 기필코 다시 찾아야 한다! 우연히 남쪽에서 넘어온 1등 당첨 로또를 주운 북한 병사 용호. 이거이 남조선 인민의 고혈을 쥐어 짜내는 육사오라는 종이쪼가리란 말인가? 근데 무려 당첨금이 57억이라고?! 당첨금을 눈앞에서 놓칠 위기에 처한 천우와 북에선 한낱 종이쪼가리일 뿐일 로또를 당첨금으로 바꿔야 하는 용호. 여기에 예상치 못한 멤버들까지 합류하고 57억을 사수하기 위한 3:3팀이 결성되는데…"
196,134126,회사원,영화,KR,96.0,,"겉으로는 평범한 금속 제조 회사지만 알고 보면 '살인'이 곧 실적인, 살인청부회사 내 영업 2부 과장 지형도. 한치의 실수도 범하지 않는 냉정함과 차분함으로 유능함을 인정받으며 회사에서 시키는 대로 앞만 보고 달려온 10년, 어렸을 적 자신의 모습과 닮은 알바생 훈을 만나게 된다.  훈과의 임무 수행 중, 순간의 망설임을 느낀 그는 집이고 학교고 가족이었을 만큼 전부였던 회사의 뜻을 처음으로 거스르게 된다.  훈의 가족과의 만남으로 처음으로 일상의 행복을 느끼는 형도. 그런 그를 늘 예의주시하던 기획이사 종태는 형도의 변화를 눈치채는데…."
197,41245,박하사탕,영화,JP,135.0,,"1999년 봄, 마흔 살이 된 영호는 가리봉 봉우회 야유회에 허름한 행색으로 나타난다. 20년 전 첫사랑 순임과 소풍을 왔던 그 곳에서, 그는 아무도 끼워 주지 않는 틈을 비집고 들어가 광기어린 행동을 보인다.  직업도 가족도 모두 잃고, 삶의 막장에 다다른 영호는 철로 위에서 '나 다시 돌아갈래'라고 절규한다. 영호의 절규는 기차의 기적소리를 뚫고 시간을 거슬러 올라간다. 사흘 전 봄, 94년 여름, 87년 봄, 84년 가을, 80년 5월, 그리고 마지막 79년 가을. 마침내, 영호는 스무 살 첫사랑 순임을 만난다."
198,606400,교섭,영화,KR,108.0,,"분쟁지역 아프가니스탄에서 한국인들이 탈레반에게 납치되는 최악의 피랍사건이 발생한다. 교섭 전문이지만 아프가니스탄은 처음인 외교관 재호가 현지로 향하고, 국정원 요원 대식을 만난다. 원칙이 뚜렷한 외교관과 현지 사정에 능통한 국정원 요원. 입장도 방법도 다르지만,  사람은 인질을 살려야 한다는 목표를 향해 함께 나아간다. 살해 시한은 다가오고, 협상 상대, 조건 등이 시시각각 변하는 상황에서 교섭의 성공 가능성은 점점 희박해져 가는데..."
199,11297,지구를 지켜라!,영화,KR,117.0,,"다가오는 개기월식에, 병구는 외계인으로 인해 지구가 곧 위험에 처할 거라고 믿는다. 병구는 외계인이라고 200% 믿어 의심치 않는 유제화학의 사장 강만식을 납치하여, 기상천외한 고문을 하며 외계인의 지구 파괴 음모를 밝히려한다. 과연 병구는 우주에서 가장 아름다운 별, 지구를 지킬 수 있을까?"
200,1447032,구원자,영화,KR,104.0,,"축복의 땅이라고 불리는 오복리에 이사 온 영범과 선희. 그곳에서 의문의 노인을 만난 뒤, 교통사고로 걷지 못하던 아들 종훈이 다시 걷게 되는 기적을 경험한다. 한편, 오복리에서 홀로 아들 민재를 키우며 살아오던 춘서는 그의 가족에게 닥친 저주에 가까운 불행들이 영범 가족과 관련이 있음을 알게 되는데…"
201,532444,너의 결혼식,영화,KR,110.0,,"고3 여름, 전학생 승희를 보고 첫눈에 반한 우연. 승희를 졸졸 쫓아다닌 끝에 마침내 공식커플로 거듭나려던 그때! 잘 지내라는 전화 한 통만 남긴 채 승희는 사라져버리고, 우연의 첫사랑은 그렇게 막을 내리는 듯했다. 1년 뒤, 승희의 흔적을 쫓아 끈질긴 노력으로 같은 대학에 합격한 우연. 그런데 그의 앞을 가로막은 건… 다름 아닌 그녀의 남.자.친.구!"
202,437103,1987,영화,KR,129.0,,"1987년 1월, 경찰 조사를 받던 스물두 살 대학생이 사망한다. 박처장의 주도 하에 경찰은 시신 화장을 요청하지만, 사망 당일 당직이었던 최검사는 이를 거부하고 부검을 밀어붙인다. 단순 쇼크사인 것처럼 거짓 발표를 이어가는 경찰. 그러나 현장에 남은 흔적들과 부검 소견은 고문에 의한 사망을 가리키고, 사건을 취재하던 윤기자는 물고문 도중 질식사를 보도한다. 한편, 교도소에 수감된 조반장을 통해 사건의 진상을 알게 된 교도관 한병용은 이 사실을 수배 중인 재야인사에게 전달하기 위해 조카인 연희에게 위험한 부탁을 하게 되는데..."
203,50475,용서는 없다,영화,KR,125.0,,"과학수사대 최고의 실력파 부검의 강민호 교수. 유일한 가족인 딸과 함께 더 많은 시간을 보내기 위해 일을 정리하던 그는 마지막 사건을 의뢰 받는다. 바로 금강에서 발견된 토막살해사건. 여섯 조각난 아름다운 여성의 시체, 한쪽 팔마저 사라진 전대미문의 사건이다. 뛰어난 추리력과 행동력을 지닌 열혈 여형사 민서영의 추리로 용의자는 이성호로 압축된다. 이성호는 친환경생태농업을 전파하며 검소하게 살아가고 있는 환경운동가로 지역 주민들의 존경을 한 몸에 받고 있는 인물이다. 형사들에 의해 순순히 경찰서로 끌려온 이성호는 새만금 간척 사업을 반대하기 위한 퍼포먼스로 살인을 저질렀다고 당당하게 진술한다. 이성호의 자백으로 수사는 급물살을 타는 듯 싶지만, 번번이 예상을 빗나가는 증거들로 수사팀은 사건 해결에 애를 먹는다. 민서영과 강력반 형사들이 결정적인 증거를 찾아 동분서주하는 가운데, 강민호의 딸이 사라지는 사건이 발생한다. 딸의 실종에 이성호가 관계되어 있음을 알게 된 강민호는 그를 찾아가고, 이성호는 자신이 시체에 남긴 단서와 비밀을 알아낸다면 딸을 살려줄 수 있다며 위험한 거래를 제안한다. 딸의 목숨을 구하기 위해 시체에 남겨진 단서를 추적해야 하는 부검의와 연쇄 살인을 예고하는 비밀을 간직한 살인마의 피할 수 없는 대결이 시작된다."
204,1148189,극장판 슈퍼윙스: 맥시멈 스피드,영화,CN,89.0,,"세상에서 가장 빠른 비행기 ‘호기’ 장난감 악당에 맞서 지구를 구해줘! 누구보다 빠른 스피드로 사람들에게 꿈과 희망을 배달하는 ‘호기’! 장난감이 인기가 없어져 버린 세상에서 악당 ‘빌리윌리’는 유튜브 스타들을 납치해 우주로 날려버릴 무시무시한 음모를 세운다. 100만 유튜버 ‘다인’은 납치된 엄마를 구하기 위해 ‘호기’와 함께 ‘빌리윌리’를 찾아나서는데…! 과연, ‘호기’는 ‘맥시멈 스피드’로 지구를 구할 수 있을까?"
205,389868,서울역,영화,KR,93.0,,"대한민국의 사회, 역사, 시대를 관통하는 서울역. 어느 날, 치유가 불가능한 상태의 노숙자가 비틀거리는 가운데  집을 나온 소녀와 남자친구, 그리고 딸을 찾는 아버지가 이 곳에 함께 한다. 이윽고 서울역을 시작으로 이상 바이러스가 퍼지기 시작하고, 서울은 삽시간에 통제 불능 상태가 되는데…"
206,640327,대외비,영화,KR,115.0,,"1992년 부산, 밑바닥 정치 인생을 끝내고 싶은 만년 국회의원 후보 해웅. 해웅은 이번 선거에서만큼은 금뱃지를 달 것이라 확신했지만, 정치판을 뒤흔드는 권력 실세 순태에게 버림받으며 지역구 공천에서 탈락한다. 순태에 의해 짜여진 선거판을 뒤집기 위해 부산 지역 재개발 계획이 담긴 대외비 문서를 입수한 해웅. 행동파 조폭 필도를 통해 선거 자금까지 마련한 해웅은 무소속으로 선거판에 뛰어들어 승승장구한다. 순태 역시 해웅이 가진 대외비 문서의 존재를 알게 되고, 점차 해웅의 숨통을 조여오는데…"
207,38963,바르게 살자,영화,KR,102.0,,"연이어 일어나는 은행 강도 사건으로 민심이 흉흉한 삼포시. 새로 부임한 경찰서장 이승우는 유례없는 은행강도 모의훈련을 실시한다. 그러나 이 훈련을 통해 민심도 얻고, 야심도 채우려는 그에게 뜻밖의 복병이 나타난다. 어수룩하게 봤던 교통과 순경 정도만이 강도로 발탁되면서 훈련이 점점 꼬이기 시작한 것이다. 대충대충 훈련이 끝나기만을 기다리는 참가자들의 바램을 무시한 채 불성실한 인질들을 설득해가며 차곡차곡 준비된 강도로서의 모범을 선보이는 정도만. 경찰이든 강도든 맡은 바 임무에 최선을 다하는 고지식한 성격 탓에 그의 머릿속엔 오로지 미션을 성공리에 끝내려는 생각뿐이다. 그의 강도 열연으로 모의훈련은 끝이 보이지 않고, 결국 특수기동대가 투입되고, TV를 통해 전국에 생중계 되는 등 훈련은 실전보다 더 빡세져 간다! 과연 이 훈련은 어떻게 끝이 날 것인가?"
208,160704,베를린,영화,KR,120.0,,"베를린에 상주하는 국정원 요원 정진수는 불법무기거래장소를 감찰하던 중 국적불명, 지문마저 감지되지 않는 비밀요원 표종성의 존재를 알게 된다. 그의 정체를 밝혀내기 위해 뒤를 쫓던 정진수는 배후에 숨겨진 국제적 음모를 알게 된다. 한편 표종성을 제거하고 베를린을 장악하기 위해 파견된 동명수는 그의 아내 연정희를 반역자로 몰아가며 이를 빌미로 숨통을 조이고, 표종성의 모든 것에 위협을 가한다. 표종성은 동명수의 협박 속에서 연정희의 무죄를 증명하기 위해서 그녀를 미행하게 되지만, 예상치 못한 아내의 비밀을 알게 되면서 혼란에 휩싸이게 되는데..."
209,333167,순수의 시대,영화,KR,113.0,,"1398년, 태조 이성계는 제 손에 피를 묻혀 개국을 일군 왕자 이방원이 아닌 어린 막내 아들을 정도전의 비호 하에 세자로 책봉하고, 왕좌와 권력을 둘러 싼 핏빛 싸움이 예고된다. 한편, 정도전의 사위이자 태조의 사위 진을 아들로 둔 장군 김민재는 북의 여진족과 남의 왜구로부터 끊임없이 위태로운 조선의 국경선을 지켜낸 공로로 군 총사령관이 된다. 왕이 될 수 없었던 왕자 이방원, 여진족 어미 소생으로 정도전의 개로 불린 민재와 그의 친자가 아니라는 비밀 속에 쾌락만을 쫓는 부마 진. 민재는 어미를 닮은 모습의 기녀 가희에게서 난생 처음 지키고 싶은 제 것을 발견한다. 하지만 그의 최초의 반역, 야망의 시대를 거스르는 그의 순수는 난세의 한 가운데 선 세 남자와 막 태어난 왕국 조선의 운명을 바꿀 피 바람을 불러온다."
210,10355,쉬리,영화,KR,123.0,,"국가 비밀기관 OP의 특수요원인 중원과 장길은 최근 일어난 암살 사건을 수사 중이다. 제보를 약속한 무기밀매상 보스 임봉주가 눈앞에서 저격당하자, 둘은 저격 스타일을 보고 북한 특수요원 이방희가 활동을 재개했음을 안다.  북에서는 이방희의 특수교관이었던 박무영이 북한 특수 8군단과 함께 내려오고 유중원과 이장길은 최근의 암살이 국방부에서 개발한 CTX와 관련이 있다는 사실을 알게 된다. 이를 깨달은 둘은 국방과학 연구소로 향하지만 이미 박무영이 CTX를 탈취한 상태다.  항상 적은 한 발 앞서 OP의 상황을 알게되고 OP 내부에서는 서로를 의심하게 된다. 명현과 결혼을 앞둔 중원은 명현을 피신시키는데..."
211,199584,은밀하게 위대하게,영화,KR,123.0,,"북한의 남파특수공작 5446 부대.  20000:1의 경쟁률을 뚫은 최고 엘리트 요원 원류환, 공화국 최고위층 간부의 아들이자 류환 못지 않은 실력자 리해랑, 공화국 사상 최연소 남파간첩 리해진. 세 사람은 5446 부대의 전설 같은 존재이다.  하지만 조국통일이라는 원대한 사명을 안고 남파된 그들이 맡은 임무는 어처구니 없게도 달동네 바보, 가수지망생, 고등학생이다. 전달되는 명령도 없이 시간은 흘러만 가고 남한 최하층 달동네 사람들과 부대끼며 살아가는 일상에 익숙해져 간다.  그러던 어느 날 그들에게 전혀 뜻밖의 은밀하고 위대한 임무가 내려진다."
212,813079,타겟,영화,KR,101.0,,"평범한 직장인 수현은 이사 후 세탁기를 중고거래로 구매하지만, 고장 난 세탁기를 받고 사기를 당했다는 사실을 알게 된다. 잠적한 판매자를 찾아내는데 성공한 수현은 그의 게시글마다 사기꾼이라는 댓글을 남겨 거래를 방해한다. 그날 이후 수현에게는 정체 모를 전화, 주문한 적 없는 음식 배달, 한밤 중 찾아오는 의문의 남자들까지 소름 끼치는 일들이 연이어 벌어진다. 개인 정보는 모두 유출되었고, 집안 곳곳에는 낯선 흔적들이 발견되면서 서서히 모든 일상이 파괴되기 시작한다. 드디어 본격적인 수사가 진행되고, 주형사와 중고거래 판매자의 집을 찾아간 수현은 그곳에서 시체를 발견하는데…"
213,1394098,시스터,영화,KR,87.0,,"동생의 수술 비용을 마련하기 위해 거액의 돈이 필요한 해란은 태수와 이복언니 소진을 납치한다. 눈 떠보니 낯선 공간에 감금된 소진. 해란과 태수는 부잣집 딸 소진의 몸값으로 10억 원을 요구한다. 납치범 해란이 이복동생이라는 사실을 알게 된 소진은 언니와 동생, 피해자와 가해자라는 위태로운 공조를 시작하고 무자비한 태수를 상대로 반격을 가하는데…"
214,390497,터널,영화,KR,126.0,,"자동차 영업 대리점의 과장 정수,  큰 계약 건을 앞두고 들뜬 기분으로 집으로 가던 중  갑자기 무너져 내린 터널 안에 홀로 갇히고 만다. 그가 가진 것은 78% 남은 배터리의 휴대폰과 생수 두 병, 그리고 딸의 생일 케이크가 전부다. 대형 터널 붕괴 사고 소식에 정부는 긴급하게 사고 대책반을 꾸린다. 구조 대장 대경은 꽉 막혀버린 터널에 진입하기 위해  여러 가지 시도를 해보지만 구조는 더디게만 진행된다. 한편, 정수의 아내 세현은 정수가 유일하게 들을 수 있는 라디오를 통해  남편에게 희망을 전하며 그의 무사 생환에 대한 희망을 버리지 않는다."
215,760497,승부,영화,KR,115.0,,"세계 최고 바둑 대회에서 국내 최초 우승자가 된 조훈현. 전 국민적 영웅으로 대접받던 그는 바둑 신동이라 불리는 이창호를 제자로 맞는다. 제자와 한 지붕 아래에서 먹고 자며 가르친 지 수년. 모두가 스승의 뻔한 승리를 예상했던 첫 사제 대결에서 조훈현은 전 국민이 지켜보는 가운데, 기세를 탄 제자에게 충격적으로 패한다. 오랜만에 패배를 맛본 조훈현과 이제 승부의 맛을 알게 된 이창호. 조훈현은 타고난 승부사적 기질을 되살리며 다시 한번 올라갈 결심을 하게 되는데…"
216,1002088,크로스,영화,KR,100.0,,"어느 날 결혼생활에 극한의 미션이 떨어진다면? 아내에게 과거를 숨긴 채 베테랑 주부로 살아가는 전직 요원. 뜻하지 않게 위험한 임무에 얽히게 되는데, 어느새 형사인 아내까지 함께 휘말리고 만다."
217,571785,사냥의 시간,영화,KR,135.0,,"희망 없는 도시, 감옥에서 출소한 준석은 가족 같은 친구들인 장호와 기훈 그리고 상수와 함께 무모한 작전을 계획한다. 새로운 인생을 향한 부푼 꿈도 잠시 이들을 뒤쫓는 정체불명의 추격자가 나타나면서 목숨마저 위협받게 된다. 서로가 세상의 전부인 네 친구들은 놈의 사냥에서 벗어날 수 있을까?"
218,654739,발신제한,영화,KR,94.0,,"은행센터장 성규는 아이들을 차에 태우고 출발한 평범한 출근길에 한 통의 발신번호 표시제한 전화를 받는다. 전화기 너머 의문의 목소리는 차에 폭탄이 설치되어 있고, 자리에서 일어날 경우 폭탄이 터진다고 경고한다. 대수롭지 않게 여기던 성규는 곧 동료의 차가 폭파되는 것을 바로 눈앞에서 목격하고, 졸지에 부산 도심 테러의 용의자가 되어 경찰의 추격을 받게 되는데…"
219,610251,하얼빈,영화,KR,108.0,,"1908년 함경북도 신아산에서 안중근이 이끄는 독립군들은 일본군과의 전투에서 큰 승리를 거둔다. 대한의군 참모중장 안중근은 만국공법에 따라 전쟁포로인 일본인들을 풀어주게 되고, 이 사건으로 인해 독립군 사이에서는 안중근에 대한 의심과 함께 균열이 일기 시작한다. 1년 후, 블라디보스토크에는 안중근을 비롯해 우덕순, 김상현, 공부인, 최재형, 이창섭 등 빼앗긴 나라를 되찾기 위해 마음을 함께하는 이들이 모이게 된다. 이토 히로부미가 러시아와 협상을 위해 하얼빈으로 향한다는 소식을 접한 안중근과 독립군들은 하얼빈으로 향하고, 내부에서 새어 나간 이들의 작전 내용을 입수한 일본군들의 추격이 시작되는데…"
220,901121,거미집,영화,KR,135.0,,"1970년대 꿈도 예술도 검열당하던 시대 성공적이었던 데뷔작 이후, 악평과 조롱에 시달리던 김감독은 촬영이 끝난 영화의 새로운 결말에 대한 영감을 주는 꿈을 며칠째 꾸고 있다. 그대로만 찍으면 틀림없이 걸작이 된다는 예감, 그는 딱 이틀 간의 추가 촬영을 꿈꾼다. 그러나 대본은 심의에 걸리고, 제작자 백회장은 촬영을 반대한다. 제작사 후계자인 신미도를 설득한 김감독은 베테랑 배우 이민자, 톱스타 강호세, 떠오르는 스타 한유림까지 불러 모아 촬영을 강행하지만, 스케줄 꼬인 배우들은 불만투성이다. 설상가상 출장 갔던 제작자와 검열 담당자까지 들이닥치면서 현장은 아수라장이 되는데…"
221,42190,클래식,영화,KR,132.0,,"같은 대학에 다니는 지혜와 수경은 연극반 선배 상민을 좋아한다. 하지만 호들갑스런 수경이 상민에게 보낼 편지의 대필을 부탁하고, 지혜는 수경의 이름으로 상민을 향한 자신의 감정을 고백한다. 지혜의 편지로 맺어진 수경과 상민이 가까워지면서 지혜는 괜한 죄의식에 상민을 멀리 하려 하지만, 우연하게도 자꾸만 마주치게 된다. 한편, 아빠를 일찍 여읜 지혜는 지금은 해외여행 중인 엄마 주희와 단둘이 살다. 엄마의 빈자리를 털기 위해 다락방을 청소하던 지혜는 우연히 엄마의 비밀 상자를 발견하게 되고 지혜는 엄마의 클래식한 사랑을 조금씩 알게 된다."
222,242454,용의자,영화,KR,137.0,,"조국에게 버림받고 가족까지 잃은 채 남한으로 망명한 최정예 특수요원 지동철. 그의 목표는 단 하나, 아내와 딸을 죽인 자를 찾는 것뿐이다. 놈의 행적을 쫓으며 대리운전을 하며 살아가던 동철은 유일하게 자신과 가깝게 지내던 박회장의 살해 현장을 목격하게 된다. 죽기 전 박회장이 남긴 물건을 받아 든 동철은 사건의 용의자로 지목되어 모두에게 쫓기게 된다."
223,604362,히트맨,영화,KR,109.0,,"웹툰 작가가 되고 싶어 국정원을 탈출한 비밀 프로젝트 방패연 출신 전설의 암살요원 준. 그러나 현실은 연재하는 작품마다 역대급 악플만 받을 뿐이다. 술김에 그리지 말아야 할 1급 기밀을 그려버리고 예상치 않게 웹툰은 하루아침에 초대박이 나지만, 그로 인해 준은 국정원과 테러리스트의 더블 타깃이 되는데..."
224,586048,82년생 김지영,영화,KR,118.0,,"1982년 봄에 태어나 누군가의 딸이자 아내, 동료이자 엄마로 오늘을 살아가는 지영. 때론 어딘가 갇힌 듯 답답하기도 하지만 남편 대현과 사랑스러운 딸, 그리고 자주 만나지 못해도 항상 든든한 가족들이 지영에겐 큰 힘이다. 하지만 언젠가부터 마치 다른 사람이 된 것처럼 말하는 지영. 대현은 아내가 상처 입을까 두려워 그 사실을 털어놓지 못하고 지영은 이런 대현에게 언제나 “괜찮다”라며 웃어 보이기만 하는데…"
225,354275,지금은맞고그때는틀리다,영화,KR,121.0,,"실수로 영화감독 함춘수는 수원에 하루 일찍 내려간다. 다음날 특강을 기다리며 들른 복원된 궁궐에서 윤희정이라는 화가를 만난다. 둘은 윤의 작업실에 가서 윤의 그림을 구경하고, 저녁에는 회에다 소주를 많이 마신다. 거기서 가까워지는 두 사람. 다른 카페로 이동한 두 사람은 술을 더 마신다. 거기서 누군가의 질문 때문에 함은 자신의 결혼한 사실을 할 수 없이 말하게 되고, 윤은 함에게 많이 실망하게 된다…  이런 비슷한 만남과 헤어짐의 이야기가 다시 한 번 이어진다. 여자가 더 목소리가 위축되어 있고, 몸도 굽어져 있다. 둘이 돌아다니는 데는 비슷한데, 여기선 남자가 옷도 벗고 그런다."
226,51393,백야행: 하얀 어둠 속을 걷다,영화,KR,135.0,,"출소한 지 얼마 안된 한 남자가 잔인하게 살해당한다. 이 사건이 14년 전 발생한 한 살인사건과 연관되어 있음을 안 수사팀은 담당형사였던 동수(한석규 분)를 찾아가고, 그는 본능적으로 당시 피해자의 아들이었던 요한(고수 분)이 연루되어 있음을 직감한다. 한편, 재벌총수 승조의 비서실장 시영(이민정 분)은 승조를 위해 그의 약혼녀 미호(손예진 분)의 뒤를 쫓는다. 모든 면에서 완벽한 미호. 하지만 비현실적일 만큼 완벽했던 미호에게 석연치 않은 과거의 흔적이 발견되면서, 그녀 곁에 그림자처럼 맴돌고 있는 존재를 발견하게 된다.  서로 다른 대상을 쫓다 한 자리에서 만나게 된 시영과 동수. 그들은 요한과 미호의 과거에 관한 충격적인 사실을 알게 된다. 14년 전 발생했던 사건의 살인용의자가 미호의 엄마, 피살자가 요한의 아빠였으며, 새로운 삶을 살고 있는 미호와 달리 요한은 여전히 어둠 속에 갇혀 살고 있다는 것이다. 마치 빛과 그림자처럼…… 14년 전, 그리고 현재까지 계속되는 미스터리한 살인사건들. 과연, 진실은 무엇일까?"
227,89623,마당을 나온 암탉,영화,KR,93.0,,"양계장을 탈출해 세상 밖으로 나온 암탉 ‘잎싹’과 청둥오리 ‘초록’의  꿈과 자유를 향한 용감한 도전  마당 밖 자유로운 세상을 꿈꾸는 암탉!  양계장 안에 갇혀 살며 알만 낳던 암탉 잎싹은 마당으로 나가 자유롭게 살면서 알을 품어보기를 꿈꾼다. 몇 날 며칠을 굶어 폐계 흉내를 내다가 드디어 뒷산의 폐계 웅덩이에 버려져 마당을 나오는데 성공하지만, 애꾸눈 족제비에게 잡아 먹히기 일보직전! 청둥오리 나그네의 도움으로 폐계 웅덩이에서 벗어나 가까스로 목숨을 구하게 되는데…  암탉, 오리알을 품다!  드디어 대자연으로 나온 잎싹은 나그네와 달수의 도움을 받아 자유를 만끽하며 서서히 적응해 나간다. 그러던 어느 날 주인 없이 버려진 뽀얀 오리알을 발견하고 난생 처음 알을 품기 시작하는 잎싹. 애꾸눈 족제비로부터 잎싹과 알을 보호하던 나그네는 최후를 맞이하고 마침내 알에서 깨어난 아기 오리는 잎싹을 ‘엄마’로 여기게 되는데…  겁 없는 엄마와 아들의 용감한 도전!!  족제비의 위협으로부터 안전한 늪으로 여정을 떠나는 암탉 잎싹과 청둥오리 초록  과연 이들은 험난한 대자연 속에서 더 자유롭고 더 높이 날고 싶은 꿈을 이루어 낼 수 있을까?"
228,549590,동네사람들,영화,KR,99.0,,"여고생이 사라졌지만 너무나 평온한 시골의 한적한 마을, 기간제 교사로 새로 부임 온 외지 출신 체육교사 ‘기철(마동석)’은 동네 분위기가 심상치 않음을 감지한다. 실종된 여고생의 유일한 친구 '유진(김새론)'만이 친구가 납치된 거라 확신하여 사건을 쫓고, 의도치 않게 ‘유진’과 함께 사라진 소녀를 찾기 위해 나선 ‘기철’은 누군가에 의해 그녀의 흔적들이 사라지고 있다는 사실을 알게 되는데..."
229,635996,원더랜드,영화,KR,113.0,,"죽은 사람을 인공지능으로 복원하는 원더랜드 서비스가 일상이 된 세상, 어린 딸에게 자신의 죽음을 숨기기 위해 원더랜드 서비스를 의뢰한 바이리와 사고로 누워있는 남자친구 태주를 원더랜드에서 우주인으로 복원해 행복한 일상을 나누는 정인. 사람들은 더 이상 그리워하거나 슬퍼하지 않는 삶을 선택할 수 있게 된다. 어느 날 의식불명 상태의 태주가 기적처럼 깨어나 곁으로 돌아오고 다시 마주하게 된 모든 것이 낯설고 혼란스러운 태주와 그런 그와 함께하는 현실에 정인의 마음에는 조금씩 균열이 찾아온다. 한편, 원더랜드에서 발굴 현장을 누비는 고고학자로 복원된 바이리는 딸과의 영상통화를 통해 친구 같은 엄마가 되기 위해 노력하지만 갑작스럽게 서비스가 종료되면서 예상치 못한 오류가 발생하는데…."
230,557968,리벤져,영화,KR,102.0,,"극악무도한 사형수들을 격리시켜 놓은, 어떠한 법도 상식도 통하지 않는 죽음의 섬 수라도. 이곳을 지배하는 절대악 쿤을 잡기 위해 스스로 악마가 되는 길을 택해 사형수가 되어 수라도에 들어온 전직 특수경찰 율. 율은 쿤의 아지트를 찾던 중 우연히 마주친 말리와 바우로 인해 과거의 신분이 들통나게 되고 모두가 죽이고 싶어하는 살해 대상으로 지목된다. 더 이상 물러날 곳이 없는 율은 복수를 위해 목숨을 건 반격을 시작하는데..."
231,79553,고지전,영화,KR,133.0,,"1953년 2월, 휴전협상이 난항을 거듭하는 가운데 교착전이 한창인 동부전선 최전방 애록고지에서 전사한 중대장의 시신에서 아군의 총알이 발견된다. 상부에서는 이번 사건을 적과의 내통과 관련되어 있음을 의심하고 방첩대 중위 강은표에게 동부전선으로 가 조사하라는 임무를 내린다. 애록고지로 향한 은표는 그 곳에서 죽은 줄 알았던 친구 김수혁을 만나게 된다. 유약한 학생이었던 수혁은 2년 사이에 이등병에서 중위로 특진해 악어중대의 실질적 리더가 되어 있고, 그가 함께하는 악어중대는 명성과 달리 춥다고 북한 군복을 덧입는 모습을 보이고 갓 스무살이 된 어린 청년이 대위로 부대를 이끄는 등 뭔가 미심쩍다. 이 모든 것이 혼란스러운 가운데 은표는 오직 병사들의 목숨으로만 지켜낼 수 있는 최후의 격전지 애록고지의 실체와 마주하게 되는데…"
232,21531,플란다스의 개,영화,KR,106.0,,"조용한 아파트, 백수와 다름없는 시간강사 고윤주는 개소리에 괜히 예민해져서 방바닥에 엎드려서 소리를 들어보고 천장에서 소리를 들어보려고 하지만 개소리의 진원지를 알지 못한다. 슬리퍼에 츄리닝을 입고 밖으로 나가 분리수거를 하고 터덜거리며 들어오던 중 바로 옆집 문앞에 서 있는 강아지를 발견한다. 윤주는 그 개를 납치, 지하실로 뛰기 시작한다. 한편 아파트 경비실엔 경리 직원 박현남이 있다. 그날도 지루하게 낱말맞추기나 하고 있는 현남에게 꼬마 슬기가 삔돌이를 찾는 전단을 가지고 오는데..."
233,40171,전우치,영화,KR,136.0,,"500년 전 조선시대. 전설의 피리 만파식적이 요괴 손에 넘어가 세상이 시끄럽자, 신선들은 당대 최고의 도인 천관대사와 화담에게 도움을 요청해 요괴를 봉인하고, '만파식적‘을 둘로 나눠 두 사람에게 각각 맡긴다. 한편, 천관대사의 망나니 제자 전우치가 둔갑술로 임금을 속여 한바탕 소동을 일으키자, 신선들은 화담과 함께 천관대사를 찾아간다. 그러나 천관대사는 누군가에게 살해당하고 피리 반쪽이 사라졌다! 범인으로 몰린 전우치는 신선들에 의해 자신의 개 초랭이와 함께 그림족자에 봉인된다. 요괴 잡는 도사도 어느덧 전설이 된 2009년 서울. 어찌된 일인지 과거 봉인된 요괴들이 하나 둘 다시 나타나 세상을 어지럽힌다. 이제는 신부, 중, 점쟁이로 제각각 은둔생활을 즐기던 신선들은 다시 모여 화담을 찾지만, 500년 전 수행을 이유로 잠적한 그는 생사조차 알 수 없다. 고심 끝에 신선들은 박물관 전시품이 된 그림족자를 찾아 전우치와 초랭이를 불러낸다. 요괴들을 잡아 오면 봉인에서 완전히 풀어주겠다는 제안에 마지 못해 요괴 사냥에 나선 전우치. 그러나 전우치는 요괴사냥은 뒷전인 채 달라진 세상구경에 바쁘고, 한 술 더 떠 과거 첫눈에 반한 여인과 똑같은 얼굴을 한 서인경을 만나 사랑놀음까지 시작한다. 전우치 때문에 골치를 앓는 신선들 앞에 때마침 화담이 나타나지만, 화담은 만파식적의 행방을 두고 전우치와 대적하는데…"
234,154030,타워,영화,KR,121.0,,"초고층 주상복합빌딩 타워스카이의 시설관리 팀장인 싱글대디 대호는 사랑하는 딸 하나와 함께 멋진 크리스마스 이브를 보내기로 약속한다. 대호가 마음에 품고 있는 타워스카이 푸드몰의 매니저 윤희는 바쁜 대호를 대신해 잠시나마 하나와 즐거운 시간을 보낸다.  한편, 전설로 불리우는 여의도 소방서의 소방대장 영기는 결혼 후 처음으로 크리스마스 이브에 아내와의 데이트를 약속한다.모두가 행복한 그 날 저녁, 크리스마스 파티가 열리고 있는 타워스카이에서 예기치 못한 화재 사고가 발생하는데…"
235,537190,창궐,영화,KR,122.0,,"밤에만 활동하는 산 자도 죽은 자도 아닌 야귀가 창궐한 세상, 위기의 조선으로 돌아온 왕자 이청은 도처에 창궐한 야귀떼에 맞서 싸우는 최고의 무관 박종사관 일행을 만나게 되고, 야귀떼를 소탕하는 그들과 의도치 않게 함께하게 된다. 한편, 조선을 집어삼키려는 절대악 김자준은 이 세상을 뒤엎기 위한 마지막 계획을 감행하는데…"
236,873797,악마가 이사왔다,영화,KR,113.0,,"퇴사 후 무미건조 집콕 일상을 보내던 청년 백수 길구는 아랫집에 이사 온 선지에게 한눈에 반한다. 그러나 다음 날 새벽 기괴한 비주얼의 선지를 엘레베이터에서 마주치고 청순한 선지와 오싹한 선지 사이에 충격과 혼란에 빠지게 된다.  그날부터 선지의 정체에 대한 호기심 반, 두려움 반 주변을 맴돌던 길구는 그녀의 아버지 장수에게 이들 가족의 특별한 비밀을 듣게 된다. 바로 선지가 낮에는 유순하고 평범하지만, 새벽이 되면 악마가 깨어나 완전히 다른 사람으로 변한다는 것.  장수는 길구에게 새벽에만 선지의 보호자 역할을 수행하는 험난한 아르바이트 자리를 제안한다. 과연  길구는 악마 선지의 저주에서 탈출할 수 있을까?"
237,434773,밤의 해변에서 혼자,영화,KR,101.0,,"외국 어느 도시. 여배우인 영희는 한국에서 유부남과의 만남이 주는 스트레스를 이기지 못했고, 다 포기하는 길을 택했고, 그게 자신의 순수한 감정에 대한 최소한의 예의라 여겼다. 그는 이곳으로 온다고 했지만, 영희는 그를 의심한다. 지인 집에서 점심을 먹고 같이 해변으로 놀러 간다. 자신을 이해하지 못할 거 같은 선배 언니에게 묻는다. 한국의 강릉. 지인 몇 사람. 불편하고, 술을 마시고, 그 사람들을 놀라게 하고 싶다. 초연한 척, 거친 척을 하는데 인기가 좋다. 혼자 남은 영희는 해변으로 놀러 가고, 해변은 맘속의 것들이 생생하게 현현하는 곳이고, 그리고 안개처럼 사라지는 곳이다. 사랑은 삶에서 얼마나 중요한 것이어야 할까? 영희는 정말 알고 싶다."
238,252067,피끓는 청춘,영화,KR,121.0,,"영숙은 충청도를 접수한 여자 일진이지만, 홍성농고 전설의 카사노바 중길을 바라보며 애만 태운다. 한편 홍성공고 싸움짱 광식은 좀처럼 마음을 열지 않는 영숙이 야속하기만 한데, 서울 전학생 소희의 등장이 이들 관계에 일대 파란을 일으킨다. 소희 꼬시기에 여념 없는 중길 때문에 속상한 영숙의 마음을 알아챈 광식은 급기야 소희에게 손길을 뻗친다. 이를 저지하기 위해 나선 중길을 지키기 위해 영숙은 눈 하나 꿈쩍 안하고 자신을 던지는 중대한 결심을 하는데…"
239,844386,옥수역귀신,영화,KR,80.0,,특종이 필요한 기자 나영은 옥수역에서 근무하는 친구 우원을 통해 옥수역에서 계속해서 일어난 사망사건들을 듣게 된다. 나영은 우원과 함께 취재를 시작하고 그녀에게 계속 괴이한 일들이 벌어지는데…  무언가 있다. 옥수역에…
240,566397,남산의 부장들,영화,KR,113.0,,"1979년 10월 26일, 중앙정보부장 김규평이 대한민국 대통령을 암살한다. 이 사건의 40일전, 미국에서는 전 중앙정보부장 박용각이 청문회를 통해 전 세계에 정권의 실체를 고발하며 파란을 일으킨다. 혁명 동지의 배신으로 발칵 뒤집힌 청와대가 박용각의 처리를 명하자 김규평은 원만한 수습을 위해 직접 박용각을 만나 회유한다. 상황은 일단락되는 듯 보였지만 김규평은 맹목적인 충성으로 폭주하는 경호실장 곽상천과 2인자 경쟁을 벌이는 한편 실체를 가늠하기 힘든 대통령의 비밀조직에 압박을 느끼며 점차 불안에 휩싸인다."
241,736545,연애 빠진 로맨스,영화,KR,94.0,,"일도 연애도 마음대로 되지 않는 스물아홉 자영, 전 남친과의 격한 이별 후 호기롭게 연애 은퇴를 선언했지만 참을 수 없는 외로움에 못 이겨 최후의 보루인 데이팅 어플로 상대를 검색한다. 일도 연애도 호구 잡히기 일쑤인 서른셋 우리, 뒤통수 제대로 맞은 연애의 아픔도 잠시  편집장으로부터 19금 칼럼을 떠맡게 되고 데이팅 어플에 반강제로 가입하게 된다. 1도 기대하지 않았지만, 1일 차부터 둘은 서로에게 급속도로 빠져들게 되고 연애인 듯 아닌 듯 미묘한 관계 속에 누구 하나 속마음을 쉽게 터놓지 못하는데..."
242,428395,여교사,영화,KR,96.0,,"계약직 여교사 효주는  자기 차례인 정교사 자리를 치고 들어온 이사장 딸 혜영이 몹시 거슬린다. 기억조차 없는데 학교 후배라며 다가와 살갑게 굴지만, 어딘가 불편한 느낌을 지울 수 없다. 그러다 우연히, 임시 담임이 된 반에서 눈여겨보던 무용특기생 재하와 혜영의 관계를 알게 된다. 처음으로 이길 수 있는 패를 가진 것만 같은 효주는  다 가진 혜영에게서 단 하나 뺏으려 하는데..."
243,660355,사흘,영화,KR,95.0,,"흉부외과의사 승도의 딸 소미가 구마의식 도중 목숨을 잃고 장례식장에서 승도는 죽은 딸의 목소리를 듣게 된다. 한편, 소미가 죽기 전 구마의식을 진행했던 신부 해신은 미처 발견하지 못한 그것의 존재를 뒤늦게 알아차리는데... 남은 시간은 장례를 치르는 단 3일! 죽은 소녀의 심장에서 깨어나는 그것을 막아야만 한다!"
244,724885,방법: 재차의,영화,KR,109.0,,살인사건 현장에서 피해자와 함께 용의자도 사체로 발견된다. 그러나 용의자의 시신은 이미 3개월 전 사망한 것으로 밝혀져 경찰은 혼란에 빠진다. 한편 미스터리를 추적하는 기자 임진희는 라디오 출연 중 자신이 바로 그 살인사건의 진범이며 생방송 인터뷰를 진행하고 싶다는 전화를 받게 된다. 경찰과 네티즌은 '임진희' 기자의 온라인 생방송을 일제히 주목하고 인터뷰 당일 그 곳에 나타난 범인은 되살아난 시체 재차의에 의한 3번의 살인을 예고하는데…
245,18377,미녀는 괴로워,영화,KR,120.0,,K-1이나 씨름판에 나가도 거뜬할 체격을 가졌지만 한 남자에게 사랑받고 싶은 여린 마음의 소유자 한나. 그녀에게 허락된 유일한 신의 선물은 천상의 목소리. 하지만 이마저도 섹시 미녀가수 '아미'의 목소리를 대신해주는 신세다. '아미'의 음반 프로듀서이자 자신의 음악성을 인정해준 유일한 사람 한상준을 남몰래 사랑하게 된 그녀는 드디어 꿈에 그리던 그의 생일파티에 초대받고 들뜬 마음으로 한껏 멋을 부리고 나타나는데...
246,258313,남자가 사랑할 때,영화,KR,120.0,,"나이만 먹었을 뿐, 대책 없는 이 남자,  아직도 형 집에 얹혀 살며 조카한테 삥 뜯기는 이 남자,  빌려준 돈은 기필코 받아오는 이 남자,  목사라고 인정사정 봐 주지 않는 이 남자,  여자한테 다가갈 땐 바지부터 내리고 보는 막무가내 이 남자,  평생 사랑과는 거리가 멀었던 한 남자가 사랑에 눈 뜨다!  일생에 단 한번, 남자가 사랑할 때"
247,238010,친구 2,영화,KR,124.0,,"친구 동수의 죽음을 지시한 혐의로 수감된 준석. 17년 만에 출소한 그는 몰라보게 달라진 세상과 어느새 조직의 실세로 성장해있는 은기의 모습에 위기감을 느낀다. 준석은 아버지 철주가 평생을 바쳐 이뤄놓은 조직을 되찾기 위해 흩어져있던 자신의 세력을 다시 모으고, 감옥에서 만나 자신을 아버지처럼 따르는 젊은 피 성훈을 오른팔로 두게 된다.  친아버지의 얼굴도 모른 채 불행한 어린 시절을 보냈던 성훈은 마치 아버지처럼 자신을 챙겨주는 준석에게 의지하며 그와 함께 부산을 접수하기 위해 힘쓴다. 그러던 어느 날 성훈을 찾아온 은기는 동수의 죽음에 대한 이야기를 풀어놓으며 성훈을 혼란에 빠트리는데..."
248,965094,파일럿,영화,KR,111.0,,"최고의 비행 실력을 갖춘 스타 파일럿이자 뜨거운 인기로 유명 TV쇼에도 출연할 만큼 고공행진 하던 한정우는 순간의 잘못으로 하루아침에 모든 것을 잃고 실직까지 하게 된다. 블랙 리스트에 오른 그를 다시 받아줄 항공사는 어느 곳도 없었고 궁지에 몰린 한정우는 여동생의 신분으로 완벽히 변신, 마침내 재취업에 성공한다. 그러나 기쁨도 잠시! 또다시 예상치 못한 난관에 부딪히게 되는데… 인생 순항을 꿈꾸던 그의 삶은 무사히 이륙할 수 있을까?"
249,766369,브로큰,영화,KR,100.0,,"어느 날 하나뿐인 동생 석태가 시체로 돌아왔다. 그리고 동생의 아내 문영은 자취를 감췄다. 동생이 죽고 진실이 잠든 밤, 분노가 깨어났다. 사건의 실마리를 찾던 민태는, 자신과 같은 흔적을 쫓는 소설가 호령을 만나고 그의 베스트셀러 야행에서 동생의 죽음이 예견되었다는 사실을 알게 된다. 얽혀버린 진실 사이에서 혼란스러운 가운데, 형제가 몸담았던 조직과 경찰까지 개입하며 서로가 서로를 쫓고 민태는 동생이 죽은 그날 밤의 진실을 밝히기 위해 분노의 추적을 시작한다."
250,497370,마약왕,영화,KR,139.0,,"마약도 수출하면 애국이 되던 1970년대 대한민국, 하급 밀수업자였던 이두삼은 우연히 마약 밀수에 가담했다가 마약 제조와 유통 사업에 본능적으로 눈을 뜨게 되면서 사업에 뛰어든다. 뛰어난 눈썰미, 빠른 위기대처능력, 신이 내린 손재주로 단숨에 마약업을 장악한 이두삼. 사업적인 수완이 뛰어난 로비스트 김정아가 합류하면서 그가 만든 마약은 '메이드인 코리아'라는 브랜드를 달게 된다. 마침내 이두삼은 대한민국을 넘어 아시아까지 세력을 확장하며 백색 황금의 시대를 열게 된다 한편, 마약으로 인해 세상은 점점 불안해지기 시작하고 승승장구하는 이두삼을 주시하는 한 사람 김인구가 움직이기 시작하는데…"
251,42324,조폭 마누라 3,영화,HK,115.0,,"홍콩 최고의 명문 조직 화백련 보스의 외동딸 아령. 보스 임회장은 조직간 세력다툼이 벌어지자 그녀를 한국으로 피신시키고 한국의 동방파 보스 양사장에게 딸의 안전을 부탁한다. 양사장은 밀수로나마 중국어 실력을 쌓아온 No.3 기철을 믿고 아령의 보호를 맡긴다. 아령의 실체를 전혀 모른 채 관광 가이드쯤으로 생각한 기철과 꽁치, 도미는 명문가의 후계자다운 아령의 도도함 때문에 당황스러울 뿐.  급기야 밀수용 중국어 실력에 한계를 느낀 기철은 연변처녀 연희를 급초빙하게 된다.기철과 아령 사이에서 살벌한 기운이 감도는 가운데 연희는 생존본능적인 엽기 통역을 구사하며 이들의 좌충우돌 동거에 합류한다. 그러나 아령의 목숨을 노린 킬러가 홍콩에서 한국으로 급파되면서 아령 뿐 아니라 기철 일당마저 생명의 위협을 받게 되는데…"
252,107235,건축학개론,영화,KR,118.0,,"생기 넘치지만 숫기 없던 스무 살, 건축학과 승민은 건축학개론 수업에서 처음 만난 음대생 서연에게 반한다. 함께 숙제를 하게 되면서 차츰 마음을 열고 친해지지만, 자신의 마음을 표현하는 데 서툰 순진한 승민은 입 밖에 낼 수 없었던 고백을 마음 속에 품은 채 작은 오해로 인해 서연과 멀어지게 된다. 서른 다섯의 건축가가 된 승민 앞에 15년 만에 불쑥 나타난 서연. 당황스러움을 감추지 못하는 승민에게 서연은 자신을 위한 집을 설계해달라고 한다. 자신의 이름을 건 첫 작품으로 서연의 집을 짓게 된 승민, 함께 집을 완성해 가는 동안 어쩌면 사랑이었을지 모를 그때의 기억이 되살아나 두 사람 사이에 새로운 감정이 쌓이기 시작하는데..."
253,133200,"광해, 왕이 된 남자",영화,KR,131.0,,"권력 다툼과 당쟁으로 혼란이 극에 달한 광해군 8년. 자신의 목숨을 노리는 자들에 대한 분노와 두려움으로 점점 난폭해져 가던 왕 광해는 도승지 허균에게 자신을 대신할 대역을 찾을 것을 지시한다. 허균은 기방의 취객들 사이에 걸쭉한 만담으로 인기를 끌던 하선을 발견한다. 왕과 똑같은 외모는 물론 타고난 재주와 말솜씨로 왕의 흉내도 완벽하게 내는 하선. 영문도 모른 채 궁에 끌려간 하선은 가슴을 조이며 왕의 대역을 하게 된다. 어느 날 광해군이 갑자기 의식을 잃고 쓰러지는 사건이 발생하고, 허균은 광해군이 치료를 받는 동안 하선에게 광해군을 대신하여 왕의 대역을 할 것을 명하는데..."
254,730823,기적,영화,KR,116.0,,"오갈 수 있는 길은 기찻길밖에 없지만 정작 기차역은 없는 마을, 준경의 목표는 단 하나, 바로 마을에 기차역이 생기는 것이다. 기차역은 어림없다는 원칙주의 기관사 아버지의 반대에도 마을에 남는 걸 고집하며 왕복 5시간 통학길을 오가는 준경. 그의 엉뚱함 속 비범함을 단번에 알아본 자칭 뮤즈 라희와 함께 오로지 기차역을 짓기 위한 준경만의 노력은 계속되는데..."
255,40099,펜트하우스 코끼리,영화,KR,145.0,,"얼마 전 5년 간 사귀었던 여자 친구에게 버림 받은 프리랜서 사진작가 현우. 배신감과 상실감 때문에 그녀에 대한 집착은 그를 엉망으로 만들어 놓는다. 그래도 그는 여전히 잘 빠진 자동차를 타고 골프를 치며 매일 화려하고 뜨거운 밤을 보낸다. 매번 새로운 파트너와 함께 하는 성형외과 전문의 민석. 뭐 하나 빠지지 않는 완벽한 아내가 있지만 병원 진료실, 안마 시술소, 스포츠카 등 청담동 곳곳을 돌면서 자극적인 관계로 하루 하루를 아슬아슬하게 살아간다. 성공한 외국계 금융 전문가가 되어 친구들 곁에 12년 만에 나타난 진혁. 오랜만에 뭉친 세 친구의 자극적인 사생활이 계속되는 가운데, 진혁은 자신의 오랜 첫사랑이 민석의 아내 수연과 은밀한 관계에 빠지게 되고, 세 남자의 관계는 미묘하게 변해간다. 나쁜 남자들의 이기적인 사랑은 완벽하리만큼 화려한 그들의 운명을 뒤흔들기 시작한다."
256,571625,클로젯,영화,KR,97.0,,"아내가 불의의 사고로 세상을 떠난 뒤, 아버지 연상원과 딸 연이나는 관계가 서먹서먹해진다. 어색한 관계를 유지하던 딸과 아버지가 새로운 출발을 하기 위해 원래 살던 도심을 떠나 한적한 곳에 있는 집으로 이사간다. 그곳에서 딸이 흔적도 없이 사라지고, 딸의 실종과 관련한 비밀을 알고 있는 퇴마사가 아버지를 찾아오면서 미스터리한 일들이 벌어진다."
257,220176,관상,영화,KR,139.0,,"얼굴을 보면 그 사람의 모든 것을 꿰뚫어보는 천재 관상가 내경. 처남 팽헌, 아들 진형과 산속에 칩거하고 있던 그는 관상 보는 기생 연홍의 제안으로 한양으로 향하고, 연홍의 기방에서 사람들의 관상을 봐주는 일을 하게 된다. 용한 관상쟁이로 한양 바닥에 소문이 돌던 무렵, 내경은 김종서로부터 사헌부를 도와 인재를 등용하라는 명을 받아 궁으로 들어가게 되고, 수양대군이 역모를 꾀하고 있음을 알게 된 그는 위태로운 조선의 운명을 바꾸려 하는데..."
258,571627,사자,영화,KR,129.0,,"어린 시절 아버지의 갑작스런 죽음으로 신의 존재를 부정하고 자기 자신만 믿기로 한 용후. 세월이 흘러 세계 격투기 챔피언이 된 용후는 어느 날 자신의 손바닥에 생긴 성흔을 발견한다. 고통스런 성흔을 없애기 위해 안 신부를 찾아간 용후는 구마 의식 중인 안 신부를 만나고, 위기에 처한 안신부를 자신의 성흔과 격투기 실력으로 구하게 된다. 용후는 자신의 능력을 부인하면서도, 점차 성흔의 힘을 알게 되고, 안신부와의 유대감도 조금씩 깊어지며, 구마동행을 하게 된다. 사악한 절대 악 ‘지신’은 안 신부와 용후가 구마했던 민주를 결국 죽이고, 앞으로도 더 많은 사람들을 이용하며 사람들을 죽일 계획을 세운다. 안신부와 용후는 지신을 처단하려 하지만, 안신부는 지신의 공격을 받고 죽을 위기에 처하고, 용후는 거부하던 신의 힘을 받아들이고 지신과 맞서는데…"
259,128475,점박이: 한반도의 공룡 3D,영화,KR,88.0,,8천만년 전 백악기 최후의 낙원 한반도... 타르보사우루스 가족의 막내로 태어나 홀로 제왕의 자리에 오른 ‘점박이’. 점박이는 호시탐탐 제왕의 자리를 노리는 티라노사우루스 ‘애꾸눈’의 공격과 비열한 사냥꾼 벨로시랩터의 위협으로 벼랑 끝 위기에 몰린다. 엎친데 덮친격으로 지구 대재앙은 시시각각 가족들을 위협해오는데... 과연 점박이는 폭군 애꾸눈과 자연의 대재앙으로부터 가족을 지켜내고 위험을 피해 낙원에 도착할 수 있을까?
260,581395,비공식작전,영화,KR,132.0,,"1987년, 5년째 중동과를 벗어나지 못하고 있는 외교관 민준. 어느 날 수화기 너머로 20개월 전 레바논에서 실종된 외교관의 암호 메시지가 들려온다. 성공하면 미국 발령이라는 희망찬 포부에 가득 찬 그는 비공식적으로 동료를 구출하는 임무에 자원해 레바논으로 향한다. 공항 도착 직후, 몸값을 노리는 공항 경비대의 총알 세례를 피해 우연히 한국인 택시기사 판수의 차를 타게 된 민준. 갱단까지 돈을 노리고 그를 쫓는 지뢰밭 같은 상황 속, 기댈 곳은 유일한 한국인인 판수 뿐이다. 그런데 돈만 주면 뭐든 하는 수상쩍은 이 인간, 과연 함께 동료를 구할 수 있을까?"
261,715253,유령,영화,KR,132.0,,"1933년, 일제강점기 경성. 항일조직 흑색단의 스파이인 유령이 비밀리에 활약하고 있다. 새로 부임한 경호대장 카이토는 흑색단의 총독 암살 시도를 막기 위해 조선총독부 내의 유령을 잡으려는 덫을 친다. 영문도 모른 채, 유령으로 의심받고 벼랑 끝 외딴 호텔에 갇힌 용의자들. 총독부 통신과 감독관 쥰지, 암호문 기록 담당 차경, 정무총감 비서 유리코, 암호 해독 담당 천계장, 통신과 직원 백호. 이들에게 주어진 시간은 단 하루 뿐. 기필코 살아나가 동지들을 구하고 총독 암살 작전을 성공시켜야 하는 유령과 무사히 집으로 돌아가고 싶은 이들 사이, 의심과 경계는 점점 짙어지는데…"
262,740996,블랙핑크: 세상을 밝혀라,영화,US,79.0,,"2016년 8월 8일, 괴물 신인 블랙핑크가 등장했다. 그 후로 4년, 쉼 없이 달려오며 K팝 최초의 기록을 써 내려온 그녀들. 여기서 돌아본다. 꿈을 향한 여정의 시작부터."
263,266058,도희야,영화,KR,119.0,,"외딴 바닷가 마을, 14살 소녀 도희  빠져나갈 길 없는 그곳에서, 친 엄마가 도망간 후 의붓아버지 용하와 할머니로부터 학대의 상처를 안고 살아가는 도희 앞에 또 다른 상처를 안고 마을 파출소장으로 좌천된 영남이 나타난다.  도희의 구원, 영남  용하와 마을 아이들의 폭력으로부터 도희를 보호해주는 영남. 도희는 태어나 처음으로 만난 구원자이자, 이 세상의 모든 것이 되어 버린 영남과 잠시도 떨어져 있고 싶지 않다. 하지만, 영남의 비밀을 알게 된 용하가 그녀를 위기에 빠뜨리고…  도희의 마지막 선택  무력하게만 보였던 소녀 도희, 하지만 영남과 헤어져야 할 위기에 처하자 자신의 온 세상인 영남을 지키기 위해, 돌이킬 수 없는 위험한 선택을 하게 되는데…"
264,435841,강철비,영화,KR,140.0,,"북한에서 쿠데타가 발생한다. 은퇴한 특수요원 엄철우는 상부로부터 다른 임무를 받고 인근에 잠복해 있다가 치명상을 입은 북한 1호를 보호한다. 남한까지 피신해 온 그를 북한 정예요원들이 쫓는 가운데 그 사이 북한은 전 세계를 상대로 선전포고를, 남한은 계엄령을 선포한다. 한편 남한의 외교안보수석 곽철우는 북한의 핵 미사일 발사를 앞두고 혼란스러운 와중에 우연히 전 부인의 병원에 숨어든 엄철우 일행을 찾아낸다. 핵 전쟁으로 번질 일촉즉발의 상황을 앞두고 두명의 철우는 서로 협력하기로 하는데..."
265,56485,주홍글씨,영화,KR,119.0,,"세상에 거칠 것 없는 남자 기훈. 강력계 형사인 그에게는 단아하고 순종적인 아내 수현(엄지원)과 도발적이고 매혹적인 정부 가희(이은주)가 있고, 탄탄한 성공가도 또한 보장되어 있다. 그에게 한 건의 살인사건이 맡겨진다. 남편이 살해된 상황에 직면한, 창백한 미망인 경희(성현아). 치정살인을 의심한 기훈은 경희를 용의자로 여기고 사건에 접근해간다. 기훈의 공격적 수사가 진행되지만, 사건은 점점 미궁으로 빠져든다. 한편, 아내의 임신 사실을 알게 된 기훈은 가희와의 관계를 정리하려 하지만, 자기 자신이 가희에게 얼마나 깊이 중독되어 있는지 확인하게 될 뿐이다. 도회적이고 화려한 외향 속에 고독한 내면을 가진 가희는 삶의 유일한 이유인 기훈과의 사랑이 흔들리기 시작하자 절망과 고통을 느낀다. 기훈의 아내 수현은 그 모든 사실을 아는지 모르는지 자신만의 비밀을 품은 채 폭풍 속 고요같은 시간을 이어간다. 긴장과 불안의 시간이 흐르는 가운데, 세 여자 각자의 충격적 비밀이 하나 둘 실체를 드러내고, 반전의 소용돌이에 휩싸이는 치정살인사건과 함께 치정로맨스도 파국을 향하는데..."
266,717787,연의 편지,영화,KR,97.0,,"여름 방학이 지나고 새로운 학교로 전학 오게 된 ‘소리’는 자신의 책상 서랍에서 학교에 대한 소개와 다음 편지를 찾을 수 있는 힌트가 담긴 익명의 편지 한 통을 발견한다. “내 편지를 더 읽고 싶다면 두 번째 편지를 찾아줘!” 이어지는 편지를 따라서 보물찾기하듯 학교 곳곳을 누비던 ‘소리’는 어쩐지 동급생 ‘동순’과 자꾸 마주치고, ‘소리’와 ‘동순’은 함께 편지를 찾는 친구가 된다. 하나, 둘… 편지를 모을수록 특별한 인연이 이어지자, ‘소리’는 편지를 보낸 사람에 대한 궁금증이 점차 커져가게 되는데… “마지막 편지까지 찾아서, 너에게 고맙다고 말하고 싶어”"
267,13970,아라한 장풍 대작전,영화,KR,114.0,,"고층 빌딩에 아슬아슬하게 매달려 유리를 닦는 청소부, 무거운 보따리를 자유자재로 이고 다니는 할머니, 아무도 모르게 거대한 도심 속에 평화를 유지하는 도인들이 살고 있다. 한 분야에서 오랫동안 자신의 기를 갈고 닦은 생활 도인들, 보이지 않는 곳에서 이루어지는 이들의 활약이 세상을 평화롭게 이끌고 있다는데......"
268,994305,도굴: 패왕총,영화,CN,89.0,,"아버지의 유물을 찾아 당나라 고대무덤을 찾아다니는 묘금교위 호천 일행과 고고학자 부녀인 심교수와 빙윤은 드디어 고대무덤으로 들어가고, 하나씩 관문을 통과하며 그 무덤이 패왕총이라는 비밀을 알아낸다. 한편 이들을 쫓는 암살단 또한 패왕총으로 들어와 이들을 위협하는데..."
269,19644,실미도,영화,KR,135.0,,"북으로 간 아버지 때문에 연좌제에 걸려 사회 어느 곳에서도 인간대접 받을 수 없었던 강인찬은 어두운 과거와 함께 뒷골목을 전전하다가 살인미수로 수감된다. 그런 그 앞에 한 군인이 접근, 나라를 위해 칼을 잡을 수 있겠냐는 엉뚱한 제안을 던지곤 그저 살인미수일 뿐인 그에게 사형을 언도한다. 누군가에게 이끌려 사형장으로 향하던 인찬, 그러나 그가 도착한 곳은 인천 외딴 부둣가. 그곳엔 인찬 말고도 상필, 찬석, 원희, 근재 등 시꺼먼 사내들이 잔뜩 모여 있었고, 그렇게 1968년 대한민국 서부 외딴 섬 실미도에 기관원에 의해 강제차출된 31명이 모이게 되는데..."
270,571648,지푸라기라도 잡고 싶은 짐승들,영화,KR,108.0,,"가업으로 물려받은 사업에 실패하고 사우나에서 야간 알바를 하는 중만. 치매 노모를 모시고 살며 경제적으로도 쪼들리던 그는 어느날 로커룸에서 거액의 현금 다발이 든 돈 가방을 발견하고 그 돈을 자기가 가지기로 마음먹는다. 세관 공무원 태영은 사채업자에게 큰돈을 빌려 사업을 하는 애인 연희에게 투자 명목으로 빌려주지만 연희는 잠적하고, 사채업자의 압박이 시작된다. 그러던 중 연희로 의심되는 여성의 사체가 발견된다. 주식투자로 빚을 지고 남편의 폭력에 시달리던 미란은 돈을 벌기 위해 접대부로 일하는데, 손님으로 만난 진태가 남편을 죽여주겠다고 제안하자 솔깃한다. 이후 각자 다른 욕망을 가진 이들의 관계가 하나둘 밝혀지기 시작한다."
271,523593,물괴,영화,KR,105.0,,"중종 22년, 거대한 물괴가 나타나 백성들을 공격하기 시작한다. 물괴와 마주친 백성들은 그 자리에서 잔인하게 죽임을 당하거나 살아남아도 역병에 걸려 끔찍한 고통 속에 결국 죽게 되고, 한양은 삽시간에 공포에 휩싸인다. 모든 것이 자신을 몰아세우는 영의정과 관료들의 계략이라 여긴 중종은 옛 내금위장 윤겸을 궁으로 불러들여 수색대를 조직한다. 윤겸과 오랜 세월을 함께한 성한과 외동딸 명, 그리고 왕이 보낸 허선전관이 그와 함께 한다. 물괴를 쫓던 윤겸과 수색대는 곧 실로 믿을 수 없는 거대한 비밀을 마주하게 되는데…"
272,1056099,노란문: 세기말 시네필 다이어리,영화,KR,84.0,,"세상에 공개되지 않은 봉준호 감독의 첫 단편 ""룩킹 포 파라다이스""를 본 이들은 ‘노란문 영화연구소’의 멤버 십여 명뿐이다. 어둡고 더러운 지하실의 고릴라가 똥벌레의 공격을 피해 낙원으로 향하는 이야기의 이 스톱모션 애니메이션은 청년 봉준호가 속해있던 ‘노란문’의 송년회에서 처음 공개되었다. 이후 30년간 오동나무 상자에 담겨 봉준호의 서재에 깊숙이 숨겨져 있던 8mm 필름 상자가 열리자 90년대 초 시네필들의 추억도 와르르 쏟아진다. “다들 미친 듯이 영화 공부를 하던” 영화광 시대에 ‘노란문’은 그들만의 시네마테크이자 영화학교였고 무엇보다 이상적인 청년공동체였다."
273,348689,"협녀, 칼의 기억",영화,KR,121.0,,"칼이 지배하던 시대, 고려 말 왕을 꿈꿨던 한 남자의 배신 그리고 18년 후 그를 겨눈 두 개의 칼. 고려를 탐한 검, 유백. 대의를 지키는 검, 월소. 복수를 꿈꾸는 검, 홍이. 뜻이 달랐던 세 개의 칼이 부딪친다."
274,1129923,히트맨 2,영화,KR,114.0,,"욱해서 그린 웹툰 암살요원 준의 성공으로 잠깐 흥행 작가가 된 준은 시즌2 연재 시작과 동시에 순식간에 뇌절작가로 전락하고, 오히려 망작이 된 시즌2는 준을 노리는 글로벌한 악당들의 내한 열풍을 일으킨다. 아무것도 모른 채, 다시 한번 대히트를 꿈꾸며 새 웹툰 연재에 돌입한 준. 그러나 그의 웹툰을 모방한 테러가 발생하고, 국정원은 다름 아닌 준을 범인으로 지목하는데…"
275,214910,화이: 괴물을 삼킨 아이,영화,KR,126.0,,"5명의 범죄자를 아버지로 둔 소년 화이. 냉혹한 카리스마의 리더 석태, 운전전문 말더듬이 기태, 이성적 설계자 진성, 총기전문 저격수 범수, 냉혈한 행동파 동범까지. 화이는 학교 대신 5명의 아버지가 지닌 기술을 배우며 남들과 다르게 자라왔지만, 자신의 과거를 모른 채 순응하며 지내왔다. 하지만 화이가 아버지들만큼 강해지기를 바라는 리더 석태는 어느 날 범죄 현장으로 화이를 이끌고... 한 발의 총성이 울러 퍼진 그 날 이후. 숨겨진 진실을 마주하게 된 화이와 그를 둘러싼 모든 것들이 변화하기 시작한다"
276,605680,도굴,영화,KR,115.0,,"흙 맛만 봐도 보물을 찾아내는 타고난 천재 도굴꾼 강동구. 자칭 한국의 인디아나 존스로 불리는 고분벽화 도굴 전문가 존스 박사와 전설의 삽질 달인 삽다리를 만나 환상의 팀플레이를 자랑하며 위험천만하고도 짜릿한 도굴의 판을 키운다. 한편, 그의 재능을 알아본 고미술계 엘리트 큐레이터 윤실장은 강동구에게 매력적이면서도 위험한 거래를 제안하는데..."
277,360551,검은 사제들,영화,KR,108.0,,"2015년 서울, 뺑소니 교통사고 이후 의문의 증상에 시달리는 한 소녀. 잦은 돌출 행동으로 교단의 눈 밖에 난 김신부는 모두의 반대와 의심 속, 소녀를 구하기 위한 자신만의 계획을 준비한다. 이를 위해선 모든 자격에 부합하는 또 한 명의 사제가 필요한 상황, 모두가 기피하는 가운데 신학생인 최부제가 선택되고, 그는 김신부를 돕는 동시에 감시하라는 미션을 받게 된다. 그리고 마침내 소녀를 구할 수 있는 단 하루의 기회, 김신부와 최부제는 모두의 목숨을 잃을 수도 있는 위험한 예식을 시작하는데…"
278,1147266,6시간 후 너는 죽는다,영화,KR,91.0,,서른 살 생일을 하루 앞둔 정윤은 길에서 만난 낯선 남자 준우에게 죽음 예고를 듣는다. 믿을 수 없는 예언이 거짓말처럼 현실이 되어가면서 정윤은 자신을 죽이려는 범인을 찾기 위해 준우와 여정을 시작하게 되는데...
279,41186,지금 사랑하는 사람과 살고 있습니까?,영화,HK,116.0,,"활기차고 귀엽지만 일할 땐 누구보다 열정적인 패션 컨설턴트 유나(엄정화)와 유머러스하고 다정다감한 호텔리어 민재(박용우)는 알콩달콩 친구 같은 커플! 그러나 연애 4년, 결혼 3년에 뜨겁기보단 편안한 생활형 부부. 여자에게 무심하고 차가운 워커홀릭 영준(이동건)과 지적인 외모와 차분한 성격의 조명 디자이너 소여(한채영)는 젊고 잘난, 남 부러울 것 없는 커플! 그러나 그저 남편과 아내로서만 살아가는 설레임은 없는 부부다.  패션 컨설팅를 하기 위해 찾아온 유나와 도발적인 실랑이를 벌이게 된 영준! 낯선 홍콩에서 운명처럼 민재와 마주치는 소여! 소여는 남편 영준이나 그녀조차 몰랐던 자신의 내면을 보아주는 남자 민재에 흔들리고, 영준은 늘 웃지만 삶이 고달픈 여자, 유나가 눈에 밟힌다. 그 밤, 뜨겁게 엇갈린 두 커플- 네 남녀는 위험하면서도 은밀한 하룻밤을 보내게 되는데…  그들은 가해자이면서, 동시에 피해자의 상황에 놓였다. 아직 그들은 서로 엇갈렸다는 걸 꿈에도 모른다. 그들의 크로스 연애... 어떤 일들이 벌어질까? 그들은 어떤 선택을 하게 될까?"
280,717090,압꾸정,영화,KR,111.0,,"샘솟는 사업 아이디어와 타고난 말빨의 압구정 토박이 대국은 한때 잘나가던 실력 TOP 성형외과 의사 지우를 만나게 된다. 재기를 꿈꾸는 그의 욕심과 잠재력을 한눈에 알아본 대국은 일생일대의 사업 수완을 발휘할 때가 왔음을 본능적으로 직감한다. 대국은 남다른 추진력으로 지우의 실력, 압구정 인싸 미정의 정보력, 압구정 큰 손 태천의 자본, 그리고 압구정 황금줄 규옥의 인맥을 한데 모아 압구정을 대표하는 성형외과를 넘어, 아시아를 대표하는 뷰.티.도.시.를 꿈꾸는데…"
281,987072,뉴 노멀,영화,KR,111.0,,"어쩌면 흔하다 할 일상과 공간 속에 숨겨진 예기치 않은 위험과 공포의 정체를 그려가며 좀처럼 결말을 예측키 어려운 ‘한 끗 다른 서스펜스’의 진수를 선사한다. 더불어 일상 속 존재들을 연기한 최지우, 이유미, 최민호, 표지훈, 정동원, 하다인 등 쟁쟁한 배우들의 조합 역시 이제까지 만나지 못했던 존재감으로 영화의 서스펜스를 증폭시킨다. 유례없는 혼돈의 시대를 통과하며 모든 삶의 모습과 관계에 있어 새로운 정의가 요구되는 ‘뉴 노멀’의 시대, 일상 속의 서스펜스를 촘촘하게 직조해 내는 정범식 감독이 제안하는 새로운 현재, 새로운 일상에 대한 통찰력 가득한 예언서."
282,581530,시동,영화,KR,101.0,,"학교도 싫고 집도 싫고 공부는 더더욱 싫다며 엄마에게 1일 1강스파이크를 버는 반항아 택일. 절친 상필이 빨리 돈을 벌고 싶다며 사회로 뛰어들 때, 무작정 집을 뛰쳐나간 택일은 우연히 찾은 장풍반점에서 남다른 포스의 주방장 거석이형을 만나게 된다. 강렬한 첫 인사를 나누자마자 인생 최대 적수가 된 거석이형과 택일. 세상 무서울 것 없던 택일은 장풍반점에서 상상도 못한 이들을 만나 진짜 세상을 맛보게 되는데…"
283,573791,봉오동 전투,영화,KR,135.0,,"1919년 3.1운동 이후 봉오동 일대에서 독립군의 무장항쟁이 활발해진다. 일본은 신식 무기로 무장한 월강추격대를 필두로 독립군 토벌 작전을 시작하고, 독립군은 불리한 상황을 이겨내기 위해 봉오동 지형을 활용해 유인책을 펼치기로 한다. 항일대도를 휘두르는 비범한 칼솜씨의 해철과 발 빠른 독립군 1분대장 장하 그리고 해철의 오른팔이자 날쌘 저격수 병구는 일본군의 빗발치는 총탄과 포위망을 뚫고 죽음의 골짜기로 맹렬히 돌진한다. 계곡과 능선을 넘나들며 귀신같은 움직임과 예측할 수 없는 지략을 펼치는 독립군의 활약에 일본군은 당황하기 시작하는데..."
284,293413,내부자들,영화,KR,130.0,,"유력한 대통령 후보와 재벌 회장, 그들을 돕는 정치깡패 안상구. 뒷거래의 판을 짠 이는 대한민국 여론을 움직이는 유명 논설주간 이강희다. 더 큰 성공을 원한 안상구는 이들의 비자금 파일로 거래를 준비하다 발각되고, 이 일로 폐인이 되어 버려진다. 늘 승진을 눈 앞에 두고 주저 앉는 검사 우장훈는 마침내 대선을 앞둔 대대적인 비자금 조사의 저격수가 되는 기회를 잡는다. 그러나 비자금 파일을 가로챈 안상구 때문에 수사는 종결되고, 우장훈은 책임을 떠안고 좌천되고 마는데..."
285,572197,미스터 주: 사라진 VIP,영화,KR,114.0,,"국가정보국 에이스 요원 주태주. 특별한 VIP를 경호하던 임무를 수행 중, 갑작스러운 사고로 VIP는 사라지고 실수로 넘어진 후 온갖 동물들의 말까지 들리기 시작한다. 갑자기 이상한 행동을 하는 태주를 의심하는 민국장과 만식을 뒤로 하고, 태주는 군견 알리의 도움을 받아 VIP를 찾아 나서는데…"
286,568320,뺑반,영화,KR,133.0,,"경찰 내 최고 엘리트 조직 내사과 소속 경위 은시연. 조직에서 유일하게 믿고 따르는 윤과장과 함께 F1 레이서 출신의 사업가 정재철을 잡기 위해 수사망을 조여가던 시연은 무리한 강압 수사를 벌였다는 오명을 쓰고 뺑소니 전담반으로 좌천된다. 알고 보면 경찰대 수석 출신, 만삭의 리더 우계장과 차에 대한 천부적 감각을 지닌 에이스 순경 서민재. 팀원은 고작 단 두 명, 매뉴얼도 인력도 시간도 없지만 뺑소니 잡는 실력만큼은 최고인 뺑반. 계속해서 재철을 예의주시하던 시연은 뺑반이 수사 중인 미해결 뺑소니 사건의 유력한 용의자가 재철임을 알게 된다. 뺑소니 친 놈은 끝까지 쫓는 뺑반 에이스 민재와 온갖 비리를 일삼는 재철을 잡기 위해 모든 것을 건 시연. 하나의 목표를 향해 힘을 합친 그들의 팀플레이가 시작되는 가운데 방법을 가리지 않고 수사망을 빠져 나가려는 통제불능 스피드광 재철의 반격 역시 점점 과감해지는데…!"
287,602296,결백,영화,KR,110.0,,"평범한 시골 농가의 장례식장, 농약을 탄 막걸리를 마신 마을 주민 1명이 사망하고 4명이 중태에 빠진 충격적인 사건이 벌어진다. 살인사건의 용의자로 급성 치매에 걸려 조문객 맞이도 제대로 하지 못한 채 남편의 장례식장을 지키고 있던 화자가 현장에서 체포되고, 고향집과 발길을 끊고 지냈던 대형 로펌 에이스 변호사인 딸 정인이 법의 사각지대에 놓인 엄마의 변호를 맡게 된다."
288,773910,스위치,영화,KR,112.0,,"캐스팅 0순위 천만배우이자 자타공인 최고의 스캔들 메이커 박강. 화려한 싱글 라이프를 만끽하고 있지만, 정작 크리스마스이브에 끌어안을 것이라고는 연말 시상식 트로피뿐. 유일한 친구이자 뒤처리 전문 매니저 조윤을 붙잡아 거하게 한잔하고 택시를 잡아탄다.  다음날 아침, 낯선 집에서 깨어난 박강에게 생전 처음 보는 꼬맹이 둘이 안겨오고, 성공을 위해 이별했던 첫사랑 수현이 잔소리를 폭격하며 등짝 스매싱을 날리는 것이 아닌가? 게다가 매니저 조윤이 천만배우가 되어 그가 있어야 할 톱스타의 자리를 꿰차고 있는데…"
289,121491,연가시,영화,KR,109.0,,"고요한 새벽녘 한강에 뼈와 살가죽만 남은 참혹한 몰골의 시체들이 떠오른다. 이를 비롯해 전국 방방곡곡의 하천에서 변사체들이 발견되기 시작하는데… 원인은 숙주인 인간의 뇌를 조종하여 물 속에 뛰어들도록 유도해 익사시키는 ‘변종 연가시’. 짧은 잠복기간과 치사율 100%, 4대강을 타고 급속하게 번져나가는 ‘연가시 재난’은 대한민국을 초토화시킨다. 사망자들이 기하급수적으로 늘어나게 되자 정부는 비상대책본부를 가동해 감염자 전원을 격리 수용하는 국가적인 대응태세에 돌입하지만, 이성을 잃은 감염자들은 통제를 뚫고 물가로 뛰쳐나가려고 발악한다. 한편, 일에 치여 가족들을 챙기지 못했던 제약회사 영업사원 재혁은 자신도 모르는 사이에 연가시에 감염 되어버린 아내와 아이들을 살리기 위해 치료제를 찾아 고군분투한다. 그 가운데 그는 재난사태와 관련된 심상치 않은 단서를 발견하고 사건 해결에 나서게 되는데…"
290,1400501,윗집 사람들,영화,KR,108.0,,"불같던 결혼 생활은 사라지고 무미건조한 일상만 남은 정아와 현수. 요즘 두 사람을 가장 괴롭히는 건, 매일 밤 지나치게 활기찬 소리를 내는 윗집 부부 김 선생과 수경이다. 정아는 이사 공사 소음을 참아준 윗집 부부를 위해 예의상 저녁 식사 자리를 마련하고 그날 저녁, 식탁에 마주 앉은 윗집 부부는 정아와 현수에게 전혀 예상하지 못한 제안을 하게 되는데…"
291,336744,차이나타운,영화,KR,110.0,,지하철 보관함 10번에 버려져 이름이 일영인 아이. 아이는 오직 쓸모 있는 자만이 살아남는 차이나타운에서 엄마라 불리는 여자를 만난다. 엄마는 일영을 비롯해 쓸모 있는 아이들을 자신의 식구로 만들어 차이나타운을 지배한다. 돈이 되는 일이라면 어떤 일도 마다하지 않는 엄마가 일영에게는 유일하게 돌아갈 집이었다. 그리고 일영은 엄마에게 가장 쓸모 있는 아이로 자란다.
292,563103,도어락,영화,KR,102.0,,"오피스텔에 혼자 살고 있는 평범한 직장인 경민. 퇴근 후 집에 돌아온 경민은 원룸의 도어락 덮개가 열려있는 것을 발견한다. 불안한 마음에 도어락 비밀번호를 변경해보지만 그날 밤, 잠들기 전 문 밖에서 들리는 소리 '삐-삐-삐-삐- 잘못 누르셨습니다'  공포감에 휩싸인 경민은 경찰에 신고를 하지만 그들은 경민의 잦은 신고를 귀찮아 할 뿐, 대수롭지 않게 여긴다. 그리고 얼마 뒤, 경민의 원룸에서 낯선 사람의 침입 흔적과 함께 의문의 살인 사건이 발생하고 자신도 안전하지 않음을 직감한 경민은 직접 사건의 실체를 쫓게 되는데..."
293,575754,비스트,영화,KR,130.0,,"대한민국을 뒤흔든 희대의 살인사건이 발생하고, 수단과 방법을 가리지 않고 범인을 잡아온 강력반 에이스 한수는 후배 형사 종찬과 범인을 잡기 위해 수사를 시작한다. 한편, 마약 브로커 춘배는 살인을 은폐해주는 대가로 한수에게 살인마에 대한 결정적인 단서를 제공하고 한수의 라이벌 형사 민태가 이 사실을 눈치채면서 사건은 걷잡을 수 없는 방향으로 흘러가는데..."
294,572151,기묘한 가족,영화,KR,112.0,,"망해버린 주유소의 트러블메이커 가장 '만덕'은 우연히 만난 좀비를 집안에 들인다. 여타 좀비와 달리 반반한 외모, 말귀 알아듣는 ‘쫑비’를 보며 저마다의 속셈으로 패밀리 비즈니스를 꿈꾸는 가족. 리더인 맏며느리 '남주'를 중심으로 행동대장 장남 '준걸'과 브레인 차남 '민걸' 에너지 담당 막내 '해걸'에 물리면 죽기는커녕 더 젊어지는 좀비 '쫑비'까지! 이들의 기막힌 비즈니스는 조용했던 동네를 별안간 혈기 왕성한 마을로 만들어버리는데..."
295,488621,반드시 잡는다,영화,KR,110.0,,30년 전 해결되지 못한 장기 미제사건과 동일한 수법으로 또 다시 살인이 시작된다. 동네를 꿰뚫고 있는 터줏대감 심덕수는  사건을 잘 아는 전직 형사 박평달과 의기투합해 범인을 잡으려 하는데… 발보다 빠른 촉과 감으로 반드시 놈을 잡아라!
296,965143,사이버 지옥: n번방을 무너뜨려라,영화,KR,103.0,,성착취물을 제작하며 끔찍한 범죄를 일삼은 익명의 온라인 채팅방. 그 운영자들을 끌어내리기 위한 추적에는 용기와 끈기가 필요했다.
297,62439,헬로우 고스트,영화,KR,111.0,,"죽는 게 소원인 외로운 남자 상만(차태현). 어느 날 그에게 귀신이 보이기 시작한다. 거머리처럼 딱 달라붙은 변태귀신, 꼴초귀신, 울보귀신, 초딩귀신. 소원을 들어달라는 귀신과 그들 때문에 죽지도 못하게 된 상만. 결국 그들의 소원을 들어주는 사이, 예상치 못했던 생애 최고의 순간과 마주하게 되는데…"
298,752886,강릉,영화,KR,120.0,,"강릉 최대 조직의 ‘길석’ 평화와 의리를 중요시하며 질서 있게 살아가던 그의 앞에 강릉 최대 리조트 소유권을 노린 남자 ‘민석’이 나타난다. 첫 만남부터 서늘한 분위기가 감도는 둘, ‘민석’이 자신의 목표를 위해 본격적으로 움직이기 시작하면서 두 조직 사이에는 겉잡을 수 없는 전쟁이 시작되는데.. 거친 운명 앞에 놓인 두 남자 11월, 그들의 이야기가 시작된다"
299,602291,침입자,영화,KR,102.0,,"얼마 전 사고로 아내를 잃고 실의에 빠져 있는 건축가 서진에게 25년 전 실종된 동생을 찾았다는 연락이 온다. 처음 본 자신을 친근하게 “오빠”라고 부르는 유진이 어딘가 불편한 서진과 달리 가족들은 금세 그녀를 받아들인다. 그런데 유진이 돌아온 후 가족들에게 이상한 일들이 벌어지기 시작하고, 이를 의심스럽게 여긴 서진은 동생의 비밀을 쫓다 자신의 일상을 송두리째 뒤흔든 사건에 그녀가 연관되어 있음을 알게 되는데..."
300,717915,제인의 썸머,영화,KR,89.0,,"탁월한 재능이 있으나 늘 부당하게 주인공 자리를 뺏겨온 무용수 '제인'(서나영). 기대했던 오디션에 떨어지고 복잡해진 마음에 하나뿐인 친구 '지우'(김하림)가 있는 방콕으로 떠난다. 두 사람은 자주 가는 펍에서 '썸머'(백승헌)와 '레인폴'(이해준)이라는 남자들을 만나게 되고, 뻥 뚫린 마음을 성적 만남으로 채워 넣었던 ‘제인’은 그들과도 파격적이고 위태로운 관계를 시작한다. 본능에 따라 아찔한 시간을 보내는 이들은 서로에게 점점 빠져들게 되고…  서로 다른 이에게 엇갈린 시선을 보내는 네 남녀, 아슬아슬한 청춘들이 보여주는 도발적 청불 로맨스의 끝은 과연…!"
301,1317512,세계의 주인,영화,KR,120.0,,"반장, 모범생, 학교 인싸인 동시에 연애가 가장 큰 관심사인 열여덟 이주인. 어느 날, 반 친구 수호가 제안한 서명운동에 전교생이 동참하던 중 오직 주인만이 내용에 동의할 수 없다며 나 홀로 서명을 거부한다. 어떻게든 설득하려는 수호와 단호한 주인의 실랑이가 결국 말싸움으로 번지고, 화가 난 주인이 아무렇게나 질러버린 한마디가 주변을 혼란에 빠뜨린다. 설상가상, 주인을 추궁하는 익명의 쪽지가 배달되기 시작하는데……."
302,863149,하트맨,영화,KR,100.0,,"돌아온 남자 승민이 다시 만난 첫사랑을 놓치지 않기 위해 고군분투하지만, 그녀에게 절대 말할 수 없는 비밀이 생기며 벌어지는 코미디"
303,171587,나의 PS 파트너,영화,KR,114.0,,"옛 사랑에 허덕이며 망가져 버린 가여운 연애 하수, 현승. 전여친에게 멋진 새 남자가 생겼다는 소식을 전해 듣고  열등감 폭발, 외로움 증폭에 잠 못 이루고 뒤척이던 그에게  어느 날 밤, 야릇한 전화 한 통이 걸려온다! 무결점 외모로도 극복 못한 남친 애정 결핍 증후군, 윤정. 그의 관심을 되돌릴 비장의 이벤트를 준비한다. 앙큼한 목소리, 발칙한 스킬로 뜨거운 순간을 유발하지만, 수화기 너머의 남자, 남친이 아니다?! 거침없이 솔직하게! 내숭없이 짜릿하게! 이보다 더 궁금할 수 없는 ‘19금 연애’가 찾아 온다!"
304,95482,초록물고기,영화,KR,114.0,,"막 군대를 제대하고 고향행 기차에 오른 막동. 우연히 기차 안에서 미애를 만난다. 그리고 그녀의 장미빛 스카프를 줍게된다. 막동의 고향은 예전같지 않다. 예전에 있던 논과 밭은 사라지고 빽빽히 고층아파트들이 서있다. 그리고 가족들도 뿔뿔이 흩어져 버렸다. 일자리를 구하러 다니는 막동, 그러다가 우연히 한 나이트 클럽에서 노래를 부르는 미애와 재회하게 된다. 미애는 그의 정부이며 조직 폭력배 보스 배태곤을 통해 막동의 일자리를 마련해 준다."
305,242452,변호인,영화,KR,127.0,,1980년대 초 부산. 빽도 돈도 없고 가방끈도 짧은 세무 변호사 송우석. 부동산 등기부터 세금 자문까지 남들이 뭐라든 탁월한 사업수완으로 승승장구하며 부산에서 제일 잘나가고 돈 잘 버는 변호사로 이름을 날린다. 10대 건설 기업의 스카우트 제의까지 받으며 전국구 변호사 데뷔를 코 앞에 둔 송변. 하지만 우연히 7년 전 밥값 신세를 지며 정을 쌓은 국밥집 아들 진우가 뜻하지 않은 사건에 휘말려 재판을 앞두고 있다는 소식을 듣는다. 하지만 그곳에서 마주한 진우의 믿지 못할 모습에 충격을 받은 송변은 모두가 회피하기 바빴던 사건의 변호를 맡기로 결심하는데...
306,77117,써니,영화,KR,135.0,,"전라도 벌교 전학생 나미는 긴장하면 터져 나오는 사투리 탓에 첫날부터 날라리들의 놀림감이 된다. 이때 범상치 않는 포스의 친구들이 어리버리한 그녀를 도와주는데… 그들은 진덕여고 의리짱 춘화, 쌍꺼풀에 목숨 건 못난이 장미, 욕배틀 대표주자 진희, 괴력의 다구발 문학소녀 금옥, 미스코리아를 꿈꾸는 사차원 복희 그리고 도도한 얼음공주 수지. 나미는 이들의 새 멤버가 되어 경쟁그룹 ‘소녀시대’와의 맞짱대결에서 할머니로부터 전수받은 사투리 욕 신공으로 위기상황을 모면하는 대활약을 펼친다. 일곱 명의 단짝 친구들은 언제까지나 함께 하자는 맹세로 칠공주 ‘써니’를 결성하고 학교축제 때 선보일 공연을 야심차게 준비하지만 축제 당일, 뜻밖의 사고가 일어나 뿔뿔이 흩어지게 된다."
307,54225,오감도,영화,KR,130.0,,"부산행 KTX를 타는 그는 앞자리에 앉은 매력적인 그녀에게 마음을 빼앗기고 만다. 그녀를 무작정 따라 내린 그는 결국 그녀의 연락처를 받아내고, 며칠 뒤 그녀와의 특별한 두 번째 만남을 계획하는데...  아픈 아내를 걱정하는 자상한 남편 현우와 홀로 남겨질 남편을 위해 해줄 수 있는 것이 없어 늘 미안한 아내 혜림. 죽음을 앞둔 사랑하는 부부의 안타까운 숨바꼭질. 영화 촬영현장, 풋풋한 신인 여배우 미진과 카리스마 넘치는 선배 여배우 화란은 고집 세고 괴팍한 성격의 감독 때문에 골머리가 아프다. 급기야 선배 화란은 후배 미진을 요염하고 섹시한 매력녀로 변화시켜 감독을 꼬시게 하는데... 정하는 남편이 차 사고로 목숨을 잃게 되었다는 청천벽력 같은 소식과 함께, 남편이 자신의 후배 나루와 밀회 중이었다는 사실에 충격을 받는다. 사고 후 나루는 선배 정하를 찾아와 자신의 무조건적인 헌신을 약속하며 동거를 제안하는데..  지운-윤정, 상민-세은, 재혁-수정. 세 쌍의 고등학생 커플들은 친한 친구 사이다. 상대방의 사랑에 대한 확신이 없던 이들은 딱 하루 동안만 서로의 파트너를 바꿔보는 아슬아슬한 데이트를 시작하게 된다."
308,434724,더 킹,영화,KR,134.0,,"권력의 정점에 서고픈 검사, 무소불위 권력을 쥐고 폼 나게 살고 싶었던 태수는 우여곡절 끝에 권력의 설계자 한강식을 만나 핵심 라인을 타고 승승장구 하게 된다. 정권이 교체되는 중요한 시기, 새로운 판을 짜며 기회를 노리던 이들 앞에 예상치 못한 위기가 닥치는데… 정의 따윈 헌신짝처럼 내다버린 그에게 지금 날아오는 것은 필연의 부메랑인가."
309,509467,사라진 밤,영화,KR,101.0,,"아내를 살해하고 완전범죄를 계획한 남편. 몇 시간 후, 국과수 사체보관실에서 그녀의 시체가 흔적도 없이 사라진다. 그리고 남편에게 도착한 문자 한 통. “우리의 비밀을 묻은 곳에서 기다릴게” 남편을 의심하기 시작한 형사와  이 모든 것이 아내의 계획이라고 주장하는 남편. 그녀는 정말 죽은 걸까? 사라진 걸까?"
310,432507,클레어의 카메라,영화,KR,69.0,,"만희는 칸 영화제 출장 중에 부정직하다는 이유로 일자리에서 쫓겨난다.  클레어라는 여자는 선생인데 거기서 폴라로이드 카메라로 사진을 찍고 다닌다.  그러다 만희를 만나 그녀의 사정에 공감하게 된다.  클레어는 마치 여러 가능성의 만희를 미리 혹은 돌아가서 볼 수 있는 사람인 듯 하고,  그건 칸 해변의 신비한 굴을 통해서 그렇게 할 수 있을 것이다."
311,743815,그녀가 죽었다,영화,KR,103.0,,"고객이 맡긴 열쇠로 그 집에 들어가  남의 삶을 훔쳐보는 취미를 지닌 공인중개사 구정태. 편의점 소시지를 먹으며 비건 샐러드 사진을 포스팅하는  SNS 인플루언서 한소라에게 흥미를 느끼고 관찰하기 시작한다. 급기야 한소라의 집까지 드나들던 구정태는 어느 날, 그녀가 소파에 죽은 채 늘어져 있는 모습을 발견하게 된다. 그 후 그가 한소라 집에 들어간 것을 알고 있는 누군가가 협박을 시작하고, 사건을 맡은 강력반 형사 오영주의 수사망이 그를 향해 좁혀온다. 스스로 범인을 찾아야 하는 구정태는 한소라의 SNS를 통해 주변 인물들을 뒤지며 진범을 찾아 나서는데…"
312,272691,해무,영화,KR,111.0,,"한 때 여수 바다를 주름잡던 전진호는 더 이상 만선의 수확을 거두지 못하고 감척 사업 대상이 된다. 배를 잃을 위기에 몰린 선장 철주는 마지막 기회라고 생각하고 선원들과 함께 낡은 어선 전진호에 몸을 싣는다. 선장을 필두로, 여섯 명의 선원은 만선의 꿈을 안고 출항을 시작한다. 그러나 망망대해 위에서, 그들이 실어 나르게 된 것은 고기가 아닌 사람이었다."
313,606906,강철비 2: 정상회담,영화,KR,132.0,,"북미 평화협정 체결을 위한 대한민국 대통령, 북한의 최고지도자인 위원장과 미국 대통령간의 남북미 정상회담이 북한 원산에서 열린다. 북미 사이 좀처럼 이견이 좁혀지지 않는 가운데 최종 협상을 위해 고심하는 사이, 핵무기 포기와 평화체제 수립에 반발하는 북 호위총국장의 쿠데타가 발생하고, 납치된 세 정상은 북한 핵잠수함에 인질로 갇힌다. 그리고, 좁디 좁은 함장실 안, 예기치 못한 진정한 정상회담이 벌어지게 되는데..."
314,343843,연평해전,영화,KR,130.0,,"월드컵의 열기로 뜨거웠던 2002년 6월 해군 출신 아버지의 자랑스러운 아들이자, 참수리 357호 정장 윤영하 대위. 아내의 든든한 남편이자, 참수리 357호 조타장 한상국 하사. 어머니의 하나뿐인 아들이자, 참수리 357호 의무병 박동혁 상병. 참수리 357호 대원들은 실전을 방불케 하는 고된 훈련 속에 서로를 의지하며 가족 같은 존재가 되어간다. 무더운 여름과 함께 월드컵의 함성이 뜨거워지는 가운데, 한국과 터키의 3, 4위전 경기가 열리던 그날 서해 바다 한 가운데에 포성이 울리는데…"
315,107540,여교수의 은밀한 매력,영화,KR,104.0,,"될 성 부른 나무 떡잎부터 알아본다?  1986년 한 중학교. 박석규는 학교 짱인 형만 믿고 설치는 1학년 양아치다. 석규와 같은 반이자 석규 형의 애인인 은숙은 석규를 능가하는 날라리로, 그녀의 대담함과 당돌함은 양아치 석규도 도저히 따라갈 수 없는 수준이다. 이렇게 떡잎이 누렇던 석규와 은숙은 어느 날 석규의 형과 함께 중학생으로서는 상상조차 할 수 없는 큰 사고를 치고는 각자 학교를 떠나게 되는데...  어린 것들은 모른다! 여교수의 은밀한 매력  그로부터 20년 후, 심천대학 염색과 교수인 동시에 환경단체 ‘푸른심천21’에서 대활약 중인 매력덩어리 여교수 은숙(문소리). 지성과 미모, 사회적 지위를 겸비한 그녀의 인기는 당연한 일이지만, 주변 남자들의 애정공세는 심각할 정도다. 최근 취재차 은숙을 만난 ‘내 고향 환경지킴이’의 김PD(박원상) 역시 유부남임에도 불구하고 뜨거운 사랑을 고백해 오고 있지 않은가. 김PD를 비롯한 주변 남자들과 우아하고 대담하게 동시다발적인 관계(?)를 유지하던 은숙 앞에 또 한 명의 뉴페이스가 나타난다. 만화과 강사 석규(지진희)가 환경만화를 위해 ‘푸른심천21’에 합류했기 때문이다."
316,1000520,태양의 노래,영화,KR,109.0,,"태양이 떠 있는 동안, 햇빛을 볼 수 없는 희귀 증후군을 가지고 있는 미솔은 꿈도 사랑도 포기한 지 오래다.  어느 날, 미솔의 집 앞에 과일 트럭을 끌고 온 ‘과일 청년’ 민준에게  첫눈에 반하게 되고, 민준을 만나기 위해 미솔은 매일 태양이 지는 시간만을 손꼽아 기다린다.  오늘 밤도 파이팅 하며 과일을 팔러 나온 민준은 한밤중에만 노래를 부르는 미솔에게 끌리게 된다.  신데렐라 같은 그녀의 매력에 빠지게 되면서 민준도 어느 순간 밤이 되기만을 기다린다.  점차 가까워지면서 꿈도, 사랑도 함께 나누게 된 두 사람.  미솔과 민준은 서로를 응원하며 본격적으로 싱어송라이터 활동과 배우 도전을 시작하는데…  기억해, 항상 환한 빛에 숨어 너를 보고 있었어"
317,378348,검사외전,영화,KR,126.0,,"거친 수사 방식으로 유명한 다혈질 검사 ‘변재욱’. 취조 중이던 피의자가 변사체로 발견 되면서 살인 혐의로 체포된다. 꼼짝없이 살인 누명을 쓰게 된 '변재욱'은 결국 15년 형을 받고 수감 된다.  감옥에서 복수의 칼을 갈던 재욱. 5년 후, 자신이 누명을 쓰게 된 사건에 대해 알고 있는 허세남발 꽃미남 사기꾼 ‘치원’을 우연히 만나게 되고, 그 순간 감옥 밖 작전을 대행해 줄 선수임을 직감한다. 검사 노하우를 총 동원, 치원을 무혐의로 내보내고 반격을 준비하는 재욱. 하지만 자유를 얻은 치원은 재욱에게서 벗어날 기회만 호시탐탐 노리는데…"
318,452015,염력,영화,KR,101.0,,"평범한 은행 경비원 석헌. 어느 날 갑자기 그의 몸에 이상한 변화가 찾아온다. 생각만으로 물건을 움직이는 놀라운 능력, 바로 염력이 생긴 것. 한편, 민사장과 홍상무에 의해  석헌의 딸, 청년 사장 루미와 이웃들이 위기에 처하게 되고. 석헌과 루미, 그리고 변호사 정현이 그들에 맞서며 놀라운 일이 펼쳐지는데..."
319,554779,스윙키즈,영화,KR,133.0,,"새로 부임해 온 소장은 수용소의 대외적 이미지 메이킹을 위해 전쟁 포로들로 댄스단을 결성하는 프로젝트를 계획한다. 수용소 내 최고 트러블메이커 로기수, 무려 4개 국어가 가능한 무허가 통역사 양판래, 잃어버린 아내를 찾기 위해 유명해져야 하는 사랑꾼 강병삼, 반전 댄스실력 갖춘 영양실조 춤꾼 샤오팡, 그리고 이들의 리더, 전직 브로드웨이 탭댄서 잭슨까지 우여곡절 끝에 한 자리에 모인 그들의 이름은 스윙키즈. 각기 다른 사연을 갖고 춤을 추게 된 그들에게 첫 데뷔 무대가 다가오지만, 국적, 언어, 이념, 춤 실력, 모든 것이 다른 오합지졸 댄스단의 앞날은 캄캄하기만 한데…"
320,45035,왕의 남자,영화,KR,119.0,,"조선시대 연산조. 남사당패의 광대 장생은 힘있는 양반들에게 농락당하던 생활을 거부하고, 자신의 하나뿐인 친구이자 최고의 동료인 공길과 보다 큰 놀이판을 찾아 한양으로 올라온다. 타고난 재주와 카리스마로 놀이패 무리를 이끌게 된 장생은 공길과 함께 연산과 그의 애첩인 녹수를 풍자하는 놀이판을 벌여 한양의 명물이 된다. 공연은 대 성공을 이루지만, 그들은 왕을 희롱한 죄로 의금부로 끌려간다. 의금부에서 문초에 시달리던 장생은 특유의 당당함을 발휘해 왕을 웃겨 보이겠다고 호언장담하지만 막상 왕 앞에서 공연을 시작하자 모든 광대들이 얼어붙는다. 장생 역시 극도의 긴장감 속에서 왕을 웃기기 위해 갖은 노력을 하지만 왕은 꿈쩍도 하지 않는데..."
321,26955,오아시스,영화,KR,132.0,,"뺑소니 운전으로 교도소에 들어갔던 종두가 사회로 돌아온다. 그가 없는 사이 이사를 가버리고 연락을 끊었던 가족들은 종두가 찾아오자 노골적으로 적대감을 드러내며 불편해한다. 그러나 결코 가족들을 미워하지 않는 착한 남자 종두는 자신이 저지른 교통사고의 피해자 집을 찾아가고, 그 곳에서 그의 딸인 뇌성마비 장애인 공주를 만난다."
322,401133,비밀은 없다,영화,KR,102.0,,"국회입성을 노리는 신예 정치인 종찬과 그의 아내 연홍. 선거를 보름 앞둔 어느 날, 그들의 딸이 실종 된다. 갑작스럽게 사라진 딸의 행방을 찾기 위해 애를 쓰던 연홍은 딸의 실종에도 불구하고 선거에만 집중하는 종찬과 사건을 제대로 조사하지 않는 사람들에게 분노하고 누구도 믿을 수 없는 상황 속, 홀로 딸의 흔적을 쫓기 시작한다. 하지만 딸이 남긴 단서들을 집요하게 추적하던 연홍은 점차 드러나는 충격적 진실과 맞닥뜨리게 되는데..."
323,382217,가려진 시간,영화,KR,129.0,,"엄마를 잃은 후 새 아빠와 함께 화노도로 이사 온 수린. 자신만의 공상에 빠져 홀로 지내는 수린에게 성민이 먼저 다가온다. 둘만의 암호로, 둘만의 공간에서, 둘만 아는 추억을 쌓아가는 그들. 어느 날, 공사장 발파 현장을 구경하기 위해 친구들과 산으로 가고 그곳에서 모두가 실종된 채, 유일하게 수린만 돌아온다. 그리고 며칠 뒤, 자신이 성민이라는 남자가 수린 앞에 나타난다. ‘멈춰진 시간’에 갇혀 어른이 되었다는 성민. 수린만이 성민을 믿어주는 가운데  경찰과 마을 사람들은 의심을 거두지 못하고 성민은 쫓기는 상황에 이르게 되는데…"
324,962489,동감,영화,KR,114.0,,"1999년, 용은 첫눈에 반하게 된 한솔을 사로잡기 위해 친구에게 HAM 무전기를 빌린다. 2022년, 무늬는 인터뷰 과제를 위해 오래된 HAM 무전기를 작동시킨다. 개기 월식이 일어난 날, 시간을 뛰어넘어 기적처럼 연결된 용과 무늬는 서로의 사랑과 우정을 이야기하며 특별한 감정을 쌓아가는데..."
325,557972,PMC: 더 벙커,영화,KR,124.0,,"글로벌 군사기업(PMC) 블랙리저드의 캡틴 에이헵은 미국 CIA의 의뢰로 거액의 프로젝트를 맡게 된다. 그러나 작전장소인 DMZ 지하 비밀벙커에는 약속된 타깃이 아닌 뜻밖의 인물, 북한 킹이 나타난다. 아시아 최고의 현상금이 걸린 킹, 그를 잡기 위해 캡틴 에이헵은 작전을 변경하고, 12인의 크루들과 함께 킹을 납치하는 데 성공한다. 하지만 또 다른 군사기업(PMC)의 기습과 미국 CIA의 폭격으로 함정에 빠져버린 에이헵과 블랙리저드팀. 결국 무너져버린 지하 비밀 벙커 안 부상을 입은 에이헵은 인질로 잡혀 있던 북한 최고의 엘리트 닥터 윤지의에게 도움을 요청하는데..."
326,694939,궁합,영화,KR,71.0,,"한나와 강산은 같은 원룸빌라에 살고 있는 위층 아래층 이웃사이다.  한나는 돈은 많지만 조루 증상이 심한 남자친구 건희와 사귀고 있고,  매사에 힘이 넘치고 특히 밤일 하나만큼은 최고를 자랑하지만 아직 변변한 직업이 없는 가난한 강산은 예쁜 여친 보라와 동네 놀이터와 패스트푸드점을 오가며 찌질한 연애를 이어가고 있다.  건희와의 맥없는 섹스에 싫증 난 한나는 다른 썸 남과 가끔 모텔을 오가지만 타오르는 욕정을 채울 수 없고, 보라는 능력 없고 재미없는 강산과의 데이트 뒷바라지 하는 것에 신물이 난다. 그러던 중 네 사람은 우연인지 필연인지 파트너 체인징 하는 대 사건이 벌어지게 되는데.."
327,806128,올빼미,영화,KR,118.0,,"맹인이지만 뛰어난 침술 실력을 지닌 경수는 어의 이형익에게 그 재주를 인정받아 궁으로 들어간다. 그 무렵, 청에 인질로 끌려갔던 소현세자가 8년 만에 귀국하고, 인조는 아들을 향한 반가움도 잠시 정체 모를 불안감에 휩싸인다. 그러던 어느 밤, 어둠 속에서는 희미하게 볼 수 있는 경수가 소현세자의 죽음을 목격하게 되고 진실을 알리려는 찰나 더 큰 비밀과 음모가 드러나며 목숨마저 위태로운 상황에 빠진다. 아들의 죽음 후 인조의 불안감은 광기로 변하여 폭주하기 시작하고 세자의 죽음을 목격한 경수로 인해 관련된 인물들의 민낯이 서서히 드러나게 되는데..."
328,580626,신의 한 수: 귀수편,영화,KR,106.0,,바둑으로 모든 것을 잃은 아이 귀수. 유일하게 기대던 스승 허일도마저 잃고 홀로 살아남아 세상을 향한 복수를 계획한다. 운명의 선택은 신의 놀음판에 있다. 자신을 사지로 내몬 냉혹한 내기바둑판으로 뛰어든 귀수는 전국을 돌아다니며 귀신 같이 바둑을 두는 자들과 대결을 펼치는데… 사활을 건 대결! 신의 한 수를 다시 두시겠습니까?
329,671040,어른들은 몰라요,영화,KR,127.0,,"18세 세진, 덜컥 임산부가 되어버렸다. 무책임한 어른들에 지쳐 거리를 떠돌던 세진은 가출 경력 4년 차 동갑내기 주영을 만난다. 처음 만났지만 절친이 된 세진과 주영, 위기의 순간 나타난 파랑머리 재필과 신지까지 왠지 닮은 듯한 네 명이 모여 세진의 유산 프로젝트가 시작된다."
330,916738,백남준: 달은 가장 오래된 TV,영화,KR,107.0,,"“달을 발견했어요. 텔레비전에서 우연히요. 가장 오래된 텔레비전은 달이에요.”  ‘모두가 자신의 채널을 갖는’ 현재를 예견한 20세기 최초의 디지털 크리에이터, 과거를 거슬러 미래를 탐험한 ‘백남준’의 모든 시간을 기록한 반드시 구독해야 할 올해의 채널"
331,313628,오늘의 연애,영화,KR,121.0,,"해 달라는 대로 다 해주는데 100일도 못 가 항상 여자친구에게 차이는 초등학교 교사 준수. 그에게 여자의 마음은 영원히 풀리지 않는 숙제다. 그런 준수에게는 특별한 썸녀가 있다. 바로 요즘 가장 인기 있는 기상캐스터 현우. 매일 밥 먹고 영화보고 데려다 주고 손도 잡고 위급할 때마다 도와주고 오피스텔 비번까지 아는 사이지만 애인은 아닌, 술 먹자고 불러내면 다른 남자 때문에 우는 그녀. 준수의 어린 시절 고백 따위는 묻어두는 쿨한…. 18년(!) 친구다.  현우는 임자 있는 회사 선배부터 적극적인 연하남까지 얽히고 설킨 남자들이 넘쳐나고, 그녀의 썸 뒷바라지나 해야 하는 준수는 더 이상 참을 수가 없는데…"
332,315439,사도,영화,KR,125.0,,재위기간 내내 왕위계승 정통성 논란에 시달린 영조는 학문과 예법에 있어 완벽한 왕이 되기 위해 끊임없는 노력을 기울인다. 뒤늦게 얻은 귀한 아들 세자만은 모두에게 인정받는 왕이 되길 바랐지만 기대와 달리 어긋나는 세자에게 실망하게 된다. 어린 시절 남다른 총명함으로 아버지 영조의 기쁨이 된 아들. 아버지와 달리 예술과 무예에 뛰어나고 자유분방한 기질을 지닌 사도는 영조의 바람대로 완벽한 세자가 되고 싶었지만 자신의 진심을 몰라주고 다그치기만 하는 아버지를 점점 원망하게 된다.
333,570508,증인,영화,KR,129.0,,"신념은 잠시 접어두고 현실을 위해 속물이 되기로 마음먹은 민변 출신의 대형 로펌 변호사 순호. 파트너 변호사로 승진할 수 있는 큰 기회가 걸린 사건의 변호사로 지목되자 살인 용의자의 무죄를 입증하기 위해 유일한 목격자인 자폐 소녀 지우를 증인으로 세우려 한다. 자기만의 세계에 빠져 의사소통이 어려운 지우. 순호는 사건 당일 목격한 것을 묻기 위해 지우를 찾아가지만, 제대로 된 인사조차 나누지 못한다. 하지만 그날의 이야기를 듣기 위해 지우에게 다가가려 노력하는 순호는, 시간이 흐를수록 조금씩 지우에 대해 이해하게 되지만 이제 두 사람은 법정에서 변호사와 증인으로 마주해야 하는데…"
334,124294,R2B: 리턴 투 베이스,영화,KR,113.0,,"공군 특수 비행팀 블랙이글스의 조종사 태훈은 에어쇼에서 금지 비행 기술인 제로노트를 감행하다 행사를 난장판으로 만들고, 팀에서 퇴출당한다. 대서가 편대장으로 있는 21전투비행단으로 이적된 태훈은 동기생 유진과 후배 석현을 만나 차츰 적응해가지만, 비행단 내 탑건으로 불리는 철희와는 사사건건 부딪힌다. 두 사람의 명예를 건 F15K 비행 대결에서 생애 처음으로 패배를 맛본 태훈은, 정비대대 최고의 에이스 정비사 세영과 팀을 이뤄 보라매 공중사격대회에서 자존심을 회복하고자 한다. 남북간에 평화 분위기가 무르익고 있던 어느날, 귀순을 가장한 적기 한대가 서울까지 내려와 초계비행중인 21 전투비행단과 예상치 못한 교전을 벌이게 된다. 엄청난 대가를 치루며 평화를 지켜내지만, 이는 한반도 전체를 위협하는 거대한 음모의 시작이었을뿐. 이에 21 전투비행단은 최후의 비공식작전 리턴투베이스를 개시하는데…"
335,40211,백만장자의 첫사랑,영화,KR,116.0,,"모처럼 학교에 갔다. 왜? 학교와 굿바이 하러! 학교 다니는 것도 지겹고, 경찰서 다니는 것도 귀찮다. 할아버지 유산 받는 날, 가볍게 박차고 나올 생각이었으니 하루 덜 채운들 무슨 상관! 진정한 백만장자가 되는 주민등록증을 받아들 내일이 기다려진다. 내일은 내 생애 최고의 날이다. 음화화홧!  오늘이면 수 천억이 내 껄 줄 알았다. 이런.... 그 밉살맞은 변호사가 언젠가는 내 발등에 도끼를 찍을 줄 알았다. 젠장. 그 산골엔 왜 가라는 거야? 그 학교는 왜 꼭 졸업해야 하는데? 할아버지! 왜 절 이렇게 골탕 먹이시는 겁니까!!! 도대체 왜!!!!!  이 놈의 구질구질한 산골. 그리고 이 자식들은 순진한 건지, 단순한 건지 도대체 정체들을 알 수가 없다. 교장에게 돈을 주고 퇴학만 시켜달래도 도무지 말이 씨도 안 먹힌다. 전학 첫 날부터 반장이라 잘난 체 하는 은환이란 계집애는 사사건건 태클을 건다. 그런데 이상하다. 언제부턴가 어이없게도 그 뻣뻣하고 멋대가리 없는 계집애만 보면 가슴이 두근거린다. 내가 왜 이러는 거지? 지금 당장 이 산골학교를 벗어나야 하는데... 유산에만 신경 써야 하는데..."
336,32237,여고괴담 세 번째 이야기: 여우계단,영화,KR,97.0,,"학교 기숙사로 오르는 숲길에 28개의 층계로 된 계단이 있다. 여우가 소원을 들어 준다해서 여우계단이라 불린다. 간절히 소원을 품고 한 계단씩 오르면, 없던 29번째의 계단이 나타나서 그 소원이 이루어진다는 것. 하지만, 그 소원의 답은 여우계단의 끔찍한 저주와 함께 되돌아온다는 것을 잊은 채 아이들은 남몰래 여우계단을 오른다..  “여우야, 여우야, 나 ,항상 진성이 옆에 있게 해줘.” 소희가 소원을 빈다. 진성과 소희는 무용반 단짝친구다. 하지만, 발레에 있어서는 피나는 노력형인 진성은 타고난 재능을 가진 소희에 밀려 항상 2등이다. 서울 발레 콩쿨에 나갈 교내 대표를 뽑는다는 공고는 진성을 잔뜩 설레게 한다. 기쁨도 잠시, 소희를 학교 대표로 보내자는 선생님들의 대화를 엿듣게 되는 진성은 홀린 듯 여우계단으로 향한다.  “여우야, 여우야, 내가 서울 발레 콩쿨에 나가게 해줘.” 진성이가 소원을 빈다. 깨진 유리가 든 토슈즈를 신고도 학교 대표로 뽑힌 소희는 진성을 찾아간다. 서로에게 화가 난 소희와 진성. 다투다가 그만 소희가 계단 아래로 굴러 떨어진다. 한편, 학교 얼짱(얼굴 짱)인 소희를 동경하는 미술반 뚱보 혜주는 모든 아이들의 놀림감이다. 급기야 많은 아이들이 보는 앞에서 큰 망신을 당한 혜주는 여우계단을 오른다.  “여우야, 여우야, 살이 빠지게 해줘.” 혜주가 소원을 빈다. 다친 소희를 대신해서 콩쿨에 출전한 진성은 1등으로 입상한다. 어느 밤, 진성이의 기숙사 방 창문을 통해서 병원에 있는 줄만 알았던 소희가 몰래 찾아온다. 너와 영원히 함께 있고 싶다고 여우계단에서 빌었다고 고백하는 소희. 진성이는 미안하기만 할 뿐이다. 다음 날, 학교에서 진성이는 그젯밤 소희를 만나기 전에 벌써 소희가 죽었었다는 사실을 알게 되고 충격에 빠진다. 이즈음 뚱뚱했던 혜주는 점점 야위어가고, 아이들의 소원이 부른 여우계단의 저주는 학교를 죽음으로 몰아간다."
337,140212,내가 살인범이다,영화,KR,119.0,,"15년 전, 세상을 떠들썩하게 만들었던 연곡 연쇄살인 사건. 하지만 이 사건은 끝내 범인을 잡지 못한 채 공소시효가 끝난다.  사건 담당 형사 최형구는 범인을 잡지 못한 죄책감과 자신의 얼굴에 끔찍한 상처를 남기고 사라진 범인에 대한 분노로 15년 간 하루도 편히 잠들지 못한다.  그리고 2년 후, 자신을 연쇄 살인사건의 범인이라고 밝힌 이두석이 ‘내가 살인범이다’라는 자서전을 출간하고, 이 책은 단숨에 베스트셀러가 된다. 미남형 외모와 수려한 말솜씨로 스타가 된 이두석. 최형구는 알려지지 않은 마지막 미해결 실종사건을 파헤쳐 세상이 용서한 이두석을 어떻게든 잡아넣으려 하는데…  법이 용서한 연쇄살인범  공소시효는 끝났지만, 사건은 아직 끝나지 않았다!"
338,195276,몽타주,영화,KR,120.0,,"15년 전, 한 유괴범이 종적을 감춘다. 범인은 공소시효가 끝나기 5일전, 사건현장에 꽃 한 송이를 갖다 놓는다. 그로부터 며칠 후 15년 전 사건과 동일한 범죄가 되풀이 되고. 눈 앞에서 손녀를 잃어버린 할아버지, 15년 전 범인을 찾아 헤맨 엄마, 15년간 미제사건에 인생을 건 형사. 마침내 모두에게 결정적 순간이 찾아왔다."
339,746349,킬링 로맨스,영화,KR,106.0,,"대재앙 같은 발연기로 국민 조롱거리로 전락한 톱스타 여래. 현실에서 벗어나고자 떠난 남태평양 콸라섬에서 운명처럼 자신을 구해준 재벌 조나단을 만나 결혼을 하고 새로운 인생을 꿈꾸며 돌연 은퇴를 선언한다. 한편, 서울대가 당연한 집안에서 홀로 고독한 입시 싸움 중인 4수생 범우는 한때 자신의 최애였던 여래가 옆집에 이사온 것을 알게 되고 날마다 옥상에서 단독 팬미팅을 여는 호사를 누린다. 그러던 어느 날 조나단의 사업 확장을 위한 인형 역할에 지친 여래는 완벽한 스크린 컴백을 위해 범우에게 SOS를 보내게 되고 이들은 여래의 인생을 되찾기 위한 죽여주는 계획을 함께 모의하는데…"
340,876127,도그데이즈,영화,KR,119.0,,"깔끔한 성격의 계획형 싱글남 민상. 영끌까지 모아 산 건물을 개똥밭으로 만드는 세입자 수의사 진영 때문에 매일 머리가 아프다. 오늘도 진영과 티격태격하던 민상은 동물병원에서 한 성격하는 할머니를 만나는데, 다름 아닌 세계적 건축가 민서! 진행 중인 프로젝트를 위해 민서의 도움이 절실한 민상은 민서에게 잘 보이기 위해 진영과 그녀의 반려견 차장님을 공략하기 시작한다. 갑자기 길에서 쓰러지게 되며 유일한 가족인 반려견 완다를 잃어 버리고만 민서. 동네에 살고 있는 케이팝 작곡가 선용과 정아 가족이 완다를 보살피고 있다는 사실을 모르는 민서는 자신을 구해준 MZ 배달 라이더 진우와 함께 완다를 찾아 나선다. 한편 선용의 후배인 밴드 리더 현은 자리를 비운 여친의 반려견 스팅을 돌보던 중 스팅의 대디를 자청하며 나타난 여친의 전남친 다니엘의 등장에 기가 막힐 따름인데…"
341,19635,친구,영화,KR,115.0,,"준석, 동수, 상택, 중호 네 친구는 초등학교 때부터 친했던 친구들. 고등학교에 갔을 때 모범생이 된 상택과 달리 준석과 동수는 학교에서 가장 잘 싸우는 녀석들이 됐다. 아버지가 왕년에 폭력조직 보스였던 준석은 또래에서 맏형 노릇을 하고 장의사집 아들 동수는 준석의 든든한 오른팔이 된다. 어느 날 영화관에서 준석과 동수는 떼로 몰려드는 타학교 학생들과 혈전을 벌이고 퇴학당한다. 자기 때문에 벌어진 싸움이건만 평소 모범생이던 자신만 유기정학을 당하자 상택은 가출을 결심한다. 준석은 그런 상택을 만류하고 고등학교를 졸업하면서 네 친구는 각자 다른 길을 걷게 되는데..."
342,49214,말죽거리 잔혹사,영화,KR,116.0,,"1978년 말죽거리의 봄, 현수는 강남의 정문고로 전학온다. 정문고는 선생 폭력 외에도 학생들간 세력다툼으로 악명높은 문제학교. 이소룡 열혈팬이라는 이유로 금새 죽고 못사는 친구가 된 모범생 현수와 학교짱 우식. 하교길 버스안에서 올리비아 핫세를 꼭 닮은 은주를 보고 동시에 반하는 현수와 우식. 하지만 은주는 다정한 현수보다 남자다운 우식에게 빠져든다."
343,656159,비와 당신의 이야기,영화,KR,117.0,,"뚜렷한 꿈도 목표도 없이 지루한 삼수 생활을 이어가던 영호, 오랫동안 간직해온 기억 속 친구를 떠올리고 무작정 편지를 보낸다. 자신의 꿈은 찾지 못한 채 엄마와 함께 오래된 책방을 운영하는 소희는 언니 소연에게 도착한 영호의 편지를 받게 된다. 소희는 아픈 언니를 대신해 답장을 보내고 두 사람은 편지를 이어 나가는데..."
344,579188,가장 보통의 연애,영화,KR,109.0,,"헤어진 여친에 미련을 못 버린 ‘재훈’. 여느 때처럼 숙취로 시작한 아침, 모르는 번호의 누군가와 밤새 2시간이나 통화한 기록을 발견하게 되고 그 상대가 바로! 통성명한지 24시간도 채 되지 않은 직장 동료 ‘선영’임을 알게 된다. 남친과 뒤끝 있는 이별 중인 ‘선영’. 새로운 회사로 출근한 첫날, 할말 못할 말 쏟아내며 남친과 헤어지던 현장에 하필이면! 같은 직장의 ‘재훈’이 있던 것을 알게 된다. 만난지 하루만에 일보다 서로의 연애사를 더 잘 알게 된 두 사람. 하지만 미묘한 긴장과 어색함도 잠시 ‘한심하다’, ‘어이없다’ 부딪히면서도 마음이 쓰이는 건 왜 그럴까?"
345,578209,윤희에게,영화,KR,105.0,,"갓 수능을 마친 고등학교 3학년 새봄은 우편함에서 수상한 편지를 발견한다. 일본 북해도의 어느 마을에서 엄마를 향해 날아든, 절절한 연애 편지. 3년 전에 엄마와 이혼한 아빠도, 하나뿐인 삼촌도 엄마에 대해 잘 모르는 눈치다. 늘 피로에 찌들어 있고 무기력해 보이는 엄마가 답답했던 새봄은 무작정 엄마에게 같이 여행을 가자고 조른다."
346,656156,보호자,영화,KR,98.0,,10년 만에 출소한 수혁은 자신에게 딸이 있다는 사실을 알게 되고 조직을 떠나 평범하게 살기로 결심한다. 수혁의 출소를 기다리던 보스 응국은 수혁에게 배신감을 느끼고 자신의 오른팔이자 조직의 2인자 성준에게 그를 감시하라 지시한다. 수혁에 대한 열등감으로 가득 찬 성준은 일명 세탁기라 불리는 2인조 살인청부업자 우진과 진아에게 수혁을 제거할 것을 의뢰하고 자신들의 방식대로 무자비하게 타겟을 처리하는 이들은 수혁을 죽이기 위해 접근하는데…
347,622024,새해전야,영화,KR,114.0,,"강력반에서 좌천된 이혼 4년차 형사 지호와 신변보호를 요청한 재활 트레이너 효영. 번아웃에 아르헨티나로 도망친 와인 배달원 재헌과 이별통보에 무작정 떠난 스키장 비정규직 진아. 사기를 당한 여행사 대표 용찬과 한국지사로 발령받아 온 대륙의 예비 신부 야오린 그리고 남동생의 국제결혼에 심란한 용미. 세상의 편견에 부딪혀 연인에게 미안한 패럴림픽 국가대표 래환과 사랑 앞에 어떤 장애도 없다고 믿는 원예사 오월. 새해까지 남은 시간 일주일, 한 뼘 더 행복해지고 싶은 네 커플의 두렵지만 설렘 가득한 이야기기 시작된다."
348,92499,오싹한 연애,영화,KR,114.0,,남다른 ‘촉’때문에 평범한 생활은 물론 제대로 된 연애 한번 못해본 여자 여리(손예진)와 그녀에게 꽂혀버린 비실한 ‘깡’의 호러 마술사 조구(이민기). 달콤해야 할 두 사람의 만남은 그들의 행복을 방해하는 귀신들로 인해 하루하루가 공포특집이다. 이런 생활에 익숙한 여리와 달리 매번 생명의 위협을 느끼는 조구. 오싹한 난관에도 불구하고 이 연애를 포기할 수 없는 여리와 조구는 어금니 꽉 깨물고 목숨을 건 연애를 시작하는데...
349,478187,꾼,영화,KR,117.0,,"대한민국을 발칵 뒤집어 놓은 희대의 사기꾼 장두칠이 돌연 사망했다는 뉴스가 발표된다. 그러나 그가 아직 살아있다는 소문과 함께 그를 비호했던 권력자들이 의도적으로 풀어준 거라는 추측이 나돌기 시작한다. 사기꾼만 골라 속이는 사기꾼 지성은 장두칠이 아직 살아있다며 사건 담당 검사 박희수에게 그를 확실하게 잡자는 제안을 한다. 박검사의 비공식 수사 루트인 사기꾼 3인방 고석동, 춘자, 김 과장까지 합류시켜 잠적한 장두칠의 심복 곽승건에게 접근하기 위한 새로운 판을 짜기 시작한다. 하지만 박검사는 장두칠 검거가 아닌 또 다른 목적을 위해 은밀히 작전을 세우고,  이를 눈치 챈 지성과 다른 꾼들도 서로 속지 않기 위해 각자만의 계획을 세우기 시작하는데…"
350,376252,그날의 분위기,영화,KR,103.0,,"부산행 KTX 열차에서 우연히 옆자리에 앉게 된 수정과 재현. 자꾸 눈길이 가는 매력적인 수정에게 재현이 건넨 한 마디, “저… 오늘 웬만하면 그쪽이랑 자려구요”  자유 연애, 오픈 마인드! 작업했다 하면 100% 성공률을 자랑하는 맹공남 재현의 훅훅 들어오는 맹렬한 공격에 수정은 점차 말려들게 되는데…  “저 그런 여자 아니거든요!”  10년 연애, 일편단심! 안 하는 것 참 많은 이 시대의 철벽녀 수정은 당황스러움도 잠시 철벽 방어로 재현의 유혹에 맞선다.  맹공남 VS 철벽녀! 두 남녀의 아슬아슬 밀당 로맨스, 승자는?"
351,209764,더 테러 라이브,영화,KR,97.0,,"불미스러운 일로 라디오 프로그램으로 밀려난 국민 앵커 윤영화는 생방송 진행 중 신원미상 청취자로부터 협박전화를 받는다. 장난전화로 치부하며 전화를 끊은 순간, 마포대교가 폭발하는 장면을 목격하게 된다. 눈 앞에서 벌어진 끔찍한 재난이 테러사건이라는 단서를 쥐게 된 윤영화.  마감뉴스 복귀 조건으로 보도국장과 물밑 거래를 시도한 그는 테러범과의 전화통화를 독점 생중계하기에 이른다. 21억이라는 거액의 보상금과 대통령의 사과를 요구하는 테러범. 한편 윤영화는 자신의 귀에 꽂힌 인이어에 폭탄이 설치된 사실을 알게 되는데..."
352,1106525,파란,영화,KR,105.0,,"폐섬유증으로 죽어가던 국가대표 사격선수 윤태화는 폐이식 수술을 받고 살아난다. 뺑소니 사고를 내고 시체를 유기한 살인자, 바로 아버지의 폐를 이식 받고서. 죽기보다 더한 죄책감에 사고 피해자의 딸 권미지를 찾아 나선 태화는 우연히, 금은방에서 미지가 자기 결혼예물을 훔치는 것을 보게 되고 그걸 눈감는 것으로 속죄하려 한다. 하지만 뜻밖에도 미지가 그날의 진실을 밝히며, 대신에 자기 엄마를 같이 찾으러 가자는 제안을 하는데…"
353,930750,B컷,영화,KR,95.0,,"스마트폰 수리 및 데이터 복구 업체를 운영하는 ‘승현’은 고객들의 B컷. 즉 숨기고 싶어 삭제했던 데이터까지 복구해서 협박하며 돈을 뜯어낸다. 어느 날, 한때 최고의 여배우였던 ‘민영’은 ‘승현’에게 망가진 핸드폰 수리를 맡기고, 그 폰 안에서 찾아낸 ‘민영’의 B컷에는 그의 남편이자 유력한 대통령 후보자인 ‘태산’의 충격적인 진실이 들어있는데…!  누군가에게는 살기 위해 반드시 공개해야만 하는, 누군가에게는 살기 위해 반드시 숨겨야만 하는 대선후보 스마트폰 안의 B컷이 잠금해제 된다!"
354,61062,부당거래,영화,KR,119.0,,"온 국민을 충격으로 몰아넣은 연쇄 살인 사건. 계속된 검거 실패로 대통령이 직접 사건에 개입하고, 수사 중 용의자가 사망하는 사고가 발생하자 경찰청은 마지막 카드를 꺼내든다. 가짜 범인을 만들어 사건을 종결 짓는 것. 사건의 담당인 광역수사대 최철기는 승진을 보장해주겠다는 상부의 조건을 받아들이고 사건에 뛰어들게 된다. 그는 스폰서인 해동 장석구를 이용해 배우를 세우고 대국민을 상대로 한 이벤트를 완벽하게 마무리 짓는다. 한편 부동산 업계의 큰 손 태경 김회장으로부터 스폰을 받는 검사 주양은 최철기가 입찰 비리건으로 김회장을 구속시켰다는 사실에 분개해 그의 뒤를 캐기 시작하는데..."
355,54690,오! 수정,영화,KR,126.0,,케이블 TV 구성작가인 수정은 같은 프로그램 담당 PD인 영수와 가까운 사이이다. 영수는 독립영화제작 방식으로 영화를 제작하는데 도움을 받고자 부자인 후배 재훈의 미술전을 수정과 함께 찾아간다. 재훈은 처츰 본 수정에게 관심을 보인다. 그리고 계속적으로 수정에게 호의를 베풀고 진지하게 사귀고 싶다고 고백한다.  한심하고 무능력한 영수의 모습에 실망한 수정은 재훈에게로 마음을 돌렸는지 술 마실 때만 애인이 되겠다고 제안한다. 둘 사이는 점점 가까워지고 섹스를 시도하는 순간 재훈은 수정이 처녀임을 알고 감격한다. 수정을 둘러싸고 어색해진 재훈과 영수는 친구의 생일집에서 우연히 마주친다. 자신에 대해 불만이 많은 영수는 술에 취해 수정에게 주정을 부린다. 재훈은 그런 영수를 두둔하는 수정에게 영수와 무슨 관계냐고 물으며 수정을 향한 자신의 사랑이 얼마나 각별한지를 말한다.
356,14968,웰컴 투 동막골,영화,KR,133.0,,"1950년 11월, 한국 전쟁이 한창이던 그 때, 태백산맥 줄기를 타고 함백산 절벽들 속에 자리 잡은 마을, 동막골. 이 곳에 추락한 P-47D 미 전투기 한 대. 추락한 전투기 안에는 연합군 병사 스미스가 있었다. 동막골에 살고있는 여일은 이 광경을 목격하고 소식을 전달하러 가던 중 인민군 리수화 일행을 만나게 되고 그들을 동막골로 데리고 온다. 바로 그 때, 자군 병력에서 이탈해 길을 잃은 국군 표현철과 문상상 일행이 동막골 촌장의 집까지 찾아 오게 되면서 국군, 인민군, 연합군이 동막골에 모이게 되고 긴장감은 극도로 고조되는데..."
357,717088,싱글 인 서울,영화,KR,103.0,,"혼자여서 좋은 파워 인플루언서 영호와 혼자인 게 괜찮지 않은 유능한 출판사 편집장 현진. 싱글 라이프를 담은 에세이 시리즈의 작가와 편집자로 만난 영호와 현진. 생활 방식도 가치관도 서로 다른 두 사람은 책을 두고 사사건건 대립하면서도, 함께 보내는 시간이 나쁘지만은 않은데…"
358,367882,더 폰,영화,KR,114.0,,"2014년 5월 16일 서초동 주택가 살인사건 발생. 아내가 살해당한 지 1년 후, 그녀가 내게 전화를 걸어왔다! 모든 것을 되돌릴 단 한 번의 기회! 동호는 과거로부터 걸려온 전화를 통해 1년 전 그날을 바꿀 수 있는 기회를 얻게 되는데…  아내를 구하기 위한 사상 최악의 사투가 펼쳐진다!"
359,923344,다음 소희,영화,KR,138.0,,"소희는 고등학교 졸업을 앞두고 인터넷 회사 콜센터에 현장실습생으로 취직한다. 소녀는 대기업에 취직했다며 들뜨지만, 실상은 기대와 다르다. 노동 착취가 예사로 일어나는 콜센터는 그야말로 노동 지옥이다. 그곳의 잔인한 현실은 암울한 사고로 이어지고, 형사 유진은 악착같이 진실을 좇는다. 그러나 부조리한 사회 시스템 앞에서 그녀는 무력함을 절감한다"
360,5252,밀애,영화,KR,112.0,,"서른의 전업주부 미흔의 집에 찾아온 빨간 스웨터의 여자. 그녀가 입을 열어 미흔의 남편을 '오빠'라 부르기 시작했다. 그것은 단 몇마디로 미흔의 삶을 송두리째 빼앗는, 크리스마스 오후의 끔찍한 테러였다. 고요한 나비마을의 평화로움에 도취되어 미흔 가족은 마치 아무일이 없었던 것처럼 살고 있다. 그날밤 이후 원인을 알수 없는 두통에 시달리고 있던 미흔은, 아주 고통스럽게 자신의 아픔을 내쏟는다. 그렇지만 변한 것은 아무것도 없어 보인다. 그러다 인규를 만난다. 그는 근처 호숫가에서 낚시를 즐기고, 나머지 시간엔 물고기를 낚듯 여자를 만나 섹스를 즐기는 한적한 시골병원 의사이다. 뜨거운 햇빛이 내비치는 휴게소에 멍하니 앉아있던 미흔에게 날카로운 경적소리처럼 그를 일깨우는 낯선 목소리의 인규. 미흔은 온몸으로 그를 거부하지만, 동시에 온몸으로 그에게 빠져들고 있다. 삶이 무너졌다고 생각한 인생의 끝자락에서, 섹스는 하되, 절대로 사랑해서는 안되는 위험한 게임에 빠진 미흔. 그녀는 자신도 모르게 이 게임을 탐닉하고 있다"
361,1290773,뽀로로 극장판 바닷속 대모험,영화,KR,71.0,,"바다의 수호자 ‘레드헌터스’를 이끄는 ‘머록’ 대장을 따라 바다를 지키는 영웅이 되기 위해 바닷속 모험을 떠난 뽀로로와 친구들. 하지만 거대한 괴물 ‘시터스’가 뽀로로와 친구들의 잠수함을 통째로 삼켜버리고, ‘머록’ 대장의 도움으로 가까스로 구출된 ‘뽀로로’와 ‘크롱’은 ‘시터스’에게 잡혀간 친구들을 구하기 위해 ‘최후의 시터스’ 사냥에 나선 ‘레드헌터스’의 마지막 작전에 함께하기로 한다. 그러나, 비밀스러운 소녀 ‘마린’이 나타나 그들의 작전을 방해하기 시작하고 바닷속에 숨겨진 진짜 비밀이 드러나게 되는데… 과연, 뽀로로와 친구들은 신비한 비밀을 풀고 진정한 ‘씨 가디언즈’가 될 수 있을까?"
362,544627,암수살인,영화,KR,110.0,,"수감된 살인범 강태오는 형사 김형민에게 추가 살인을 자백한다. 형사의 직감으로 자백이 사실임을 확신하게 된 형민은, 태오가 적어준 7개의 살인 리스트를 믿고 수사에 들어간다. 태오의 추가 살인은 세상에 알려지지 않은 암수사건. 형민은 태오가 거짓과 진실을 교묘히 뒤섞고 있다는 걸 알게 되지만 수사를 포기하지 않는다. 그러나 다가오는 공소시효와 부족한 증거로 인해 수사는 난항을 겪게 되는데.."
363,23834,화산고,영화,KR,121.0,,"때는 화산 108년. 교실에선 분필이 총알처럼 날아다니고 운동장에서는 학생과 선생이 공중에 떠 무술을 겨루고 있다. 전교생이 고수인 화산고에서는 찻잎이 용의 형상을 그리며 움직인다든지, 손가락 하나 대지 않아도 복도의 유리창이 가루가 되도록 깨진다든지 하는 일은 놀랄만한 일이 아니다. 전설의 무림비서 ‘사비망록’. 화산고에는 무림비서 '사비망록'을 얻는 자 천하를 얻는다는 전설이 면면히 이어져 내려오는데, 교장 장오자가 17년간 계속된 전교사화의 대환란을 사비망록으로 잠재웠다하여 더욱 유명하다. 겉으로 보기엔 평온해 보이는 화산고. 그러나 교장의 자리를 호시탐탐 엿보는 교감과 화산 역사상 최단기간내 학원을 평정한 송학림, 화산의 1인자를 꿈꾸는 역도부 주장 장량 등이 사비망록을 차지하기 위해 팽팽한 대결을 벌이고 있다.  비바람 불고 천둥번개 치던 어느날, 화산고에는 타고난 공력을 주체하지 못해 여덟 번이나 퇴학을 맞은 김경수가 전학을 온다. 본의 아니게 문제아가 된 경수는 화산고에서 만큼은 무슨 일이 있어도 졸업하겠다는 각오다. 하지만 전교생이 고수인 화산고에서 녀석의 내공을 읽지 못 할 리가 만무하다. 분출 직전의 화산은 그를 태풍의 눈으로 여기는데. 한편, 검도부 주장 유채이에게 한눈에 반한 경수는 사비망록을 두고 벌어지는 화산의 격렬한 풍운 속에서 무사히 졸업을 할 수 있을까?"
364,342055,미쓰 와이프,영화,KR,125.0,,"승소율 100% 잘 나가는 싱글 변호사 이연우. 뉴욕 본사 발령을 앞두고, 연우는 갑작스러운 교통사고를 당한다. 생사의 위기에 놓인 연우 앞에 나타난 수상한 남자 이소장, 그는 한 달간 다른 사람의 인생을 살면 다시 원래의 삶으로 돌려 보내주겠다고 제안한다. 하지만 제안을 수락한 그녀에게 찾아온 건 지나치게 자상한 남편과 애 둘 딸린 아줌마의 전쟁 같은 일상! 연우는 청천벽력 같은 인생반전으로 패닉에 빠지고, 남편 성환과 아이들은 영문도 모른 채 변해버린 아내, 엄마로 인해 당황하기 시작하는데…"
365,281298,신의 한 수,영화,KR,118.0,,"프로 바둑기사 태석은 내기바둑판에서 살수팀의 음모에 의해 형을 잃는다. 심지어 살인 누명을 쓰고 교도소에서 복역하기에 이르고, 몇 년 후 살수와의 대결을 위해 전국의 내로라하는 선수들을 모은다.  각자의 복수와 마지막 한판 승부를 위해 모인 태석, 주님, 꽁수, 허목수는 승부수를 띄울 판을 짠다. 단 한번이라도 지면 절대 살려두지 않는 악명 높은 살수팀을 향한 계획된 승부가 차례로 시작되는데..."
366,340746,악의 연대기,영화,KR,102.0,,"특급 승진을 앞둔 최반장은 회식 후 의문의 괴한에게 납치를 당한다. 위기를 모면하려던 최반장은 우발적인 살인을 저지르게 되고, 승진을 위해 사건을 은폐하기로 결심한다. 이튿날 아침, 최반장이 죽인 시체가 경찰서 앞 공사장 크레인에 매달린 채 공개되고 대한민국이 발칵 뒤집힌다. 자신이 저지른 살인 사건을 담당하게 된 최반장은 좁혀오는 수사망에 불안감을 느낀다. 최반장은 자신의 실수를 덮기 위해 사건을 조작하고 재구성한다. 그러던 어느 날, 경찰서로 의문의 전화가 걸려오고, 한 남자가 자신이 진범이라며 경찰서에 나타나는데…"
367,426166,형,영화,KR,110.0,,유도 국가대표 고두영은 경기 도중 불의의 사고를 당하게 되고  이 소식을 들은 사기전과 10범의 형 고두식은 눈물의 석방 사기극을 펼친다.  하루 아침에 앞이 깜깜해진 동생을 핑계로 1년간 보호자 자격으로 가석방 된 두식. 15년 동안 단 한번도 연락이 없던 뻔뻔한 형이 집으로 돌아오고  보호자 노릇은커녕 두영의 삶을 더 엉망진창으로 만드는데….  남보다 못한 형제의 예측불허 동거가 시작된다!
368,412094,그물,영화,KR,114.0,,배가 그물에 걸려 홀로 남북의 경계선을 넘게 된 북한 어부 ‘철우’. 남측 정보요원들은 철우를 수상히 여겨 감시하기 시작하는데… 북에 남겨진 가족에게 돌아가기 위해 남한에서 견뎌야만 했던 치열한 일주일. 그는 무사히 가족의 품으로 돌아갈 수 있을까?
369,696047,시민덕희,영화,KR,113.0,,"세탁소 화재로 인해 대출상품을 알아보던 생활력 만렙 덕희에게 어느 날, 거래은행의 손대리가 합리적인 대출상품을 제안하겠다며 전화를 걸어온다. 대출에 필요하다며 이런저런 수수료를 요구한 손대리에게 돈을 보낸 덕희는 이 모든 과정이 보이스피싱이었음을 뒤늦게 인지하고 충격에 빠진다. 전 재산을 잃고 아이들과 거리로 나앉게 생긴 덕희에게 어느 날 손대리가 다시 전화를 걸어오는데… 이번엔 살려달라는 전화다! 경찰도 포기한 사건, 덕희는 손대리도 구출하고 잃어버린 돈도 찾겠다는 일념으로 필살기 하나씩 장착한 직장 동료들과 함께 중국 칭다오로 직접 날아간다."
370,1028684,화란,영화,KR,123.0,,"희망도 미래도 없는 동네. 이곳에서 태어나 다른 곳은 가본 적 없는 18살 소년 연규는 반복되는 새아버지의 폭력 속에서 돈을 모아 엄마와 같이 네덜란드로 떠나는 것이 유일한 희망이다. 이곳에서 나고 자라 지금은 조직의 중간 보스가 된 치건. 일찌감치 세상은 지옥이란 걸 깨닫고 자신만의 방식으로 살아간다. 어느 날 동생 하얀을 지키기 위해 싸움을 하게 된 연규. 합의금이 절실한 연규에게 치건이 도움을 주고 이를 계기로 연규는 치건의 조직에서 새로운 삶을 시작한다. 무섭고 서툴지만 친형 같은 치건을 따르며 조금씩 적응해 가는 연규. 치건의 신뢰를 받으며, 조직에서 살아남기 위해 점점 위험한 상황에 빠져들기 시작하는데…"
371,68252,초능력자,영화,KR,114.0,,"규남이 일하는 작고 외진 전당포, ‘유토피아’. 돈을 훔치러 들어온 초인이 사람들을 조종하기 시작하지만 초인의 통제를 벗어나 누군가가 힘겹게 움직이기 시작한다. 그 주인공은 바로 초능력이 통하지 않는 단 한 사람은 바로 규남이다.  당황한 초인은 사람을 죽이고 그 장면은 고스란히 CCTV에 담겨진다. 그 날부터 초인은 자신의 조용한 삶을 한 순간에 날려버릴 결정적 단서를 손에 쥔 규남을, 규남은 자신의 평화로운 일상을 쑥대밭으로 만들어 놓은 초인을 쫓기 시작하는데…  아무도 초인의 존재를 믿어주지 않는 가운데 홀로 괴물 같은 상대와 싸움을 벌여야 하는 규남과 자신의 능력이 통하지 않는 상대와 싸워야 하는 초인, 두 남자의 피할 수 없는 대결이 시작된다!"
372,297558,나의 사랑 나의 신부,영화,KR,110.0,,"해도 후회, 안 해도 후회?  정말 결혼하면 다 이래?!  4년의 연애 끝에 결혼에 골인한 대한민국 보통 커플, 영민(조정석)과 미영(신민아).  마냥 행복할 줄만 알았던 달콤한 신혼생활도 잠시.  사소한 오해와 마찰들이 생기며 ‘결혼의 꿈’은 하나 둘씩 깨지기 시작하는데….  이 결혼, 과연 잘 한 걸까?  도대체 말이 안 통하는 철부지 남편 ‘영민’ 사사건건 잔소리만 늘어가는 아내 ‘미영’  정말 사랑해서 결혼했는데 왜 이렇게 힘든 걸까?  상상하고 꿈꿔 온 결혼, 그 이상의 ‘속’ 깊은 이야기가 펼쳐진다!"
373,442014,원라인,영화,KR,131.0,,"평범했던 대학생 ‘민재’는 모든 걸 속여 은행 돈을 빼내는,  일명 ‘작업 대출’계 전설의 베테랑 ‘장 과장’을 만나 업계의 샛별로 거듭난다.  환상의 케미를 자랑하며 돈이란 돈은 모두 쓸어 담던 5인의 신종 범죄 사기단!  그러나, 결코 서로를 믿을 수 없는 사기꾼들은 서서히 다른 속내를 드러내는데…  이름 나이 직업 모든 것을 속여라!  리얼 사기꾼들의 마지막 작업이 펼쳐진다!"
374,281780,군도: 민란의 시대,영화,KR,137.0,,"착취가 극에 달했던 조선 철종 13년. 힘 없는 백성의 편이 되어  세상을 바로잡고자 하는 의적떼인 군도, 지리산 추설이 있었다. 잦은 자연재해, 기근과 관의 횡포까지 겹쳐 백성들의 삶이 날로 피폐해 져 가는 사이, 나주 대부호의 서자로 조선 최고의 무관 출신인 조윤은 극악한 수법으로 양민들을 수탈, 삼남지방 최고의 대부호로 성장한다. 한편 소, 돼지를 잡아 근근이 살아가던 천한 백정 돌무치는 죽어도 잊지 못할 끔찍한 일을 당한 뒤 군도에 합류, 지리산 추설의 신 거성 도치로 거듭난다. 망할 세상을 뒤집기 위해 도치를 필두로 한 군도는 백성의 적 조윤과 한 판 승부를 시작하는데..."
375,50090,의형제,영화,KR,116.0,,"작전 실패의 책임을 지고 한규는 국정원에서 파면당하고, 남파 공작원 지원은 배신자로 낙인 찍혀 북에서 버림받는다.  6년 후, 우연히 마주친 두 사람은 서로의 신분을 속이고 각자의 목적을 위해 함께 하게 된다. 그러나 시간이 지날수록 친구로서 남자로서 서로를 이해하기 시작한다. 그러던 어느 날, 지원에게 6년 전 그날처럼 북으로부터 지령이 내려오게 되고  한규와 지원은 인생을 건 마지막 선택을 하게 된다."
376,547404,벌새,영화,KR,139.0,,"성수대교가 무너졌던 1994년, 중학생 은희는 방앗간을 하는 부모님 그리고 언니, 오빠와 함께 살고 있다. 온 가족이 자신들의 문제와 싸우고 있을 동안, 은희는 오지 않을 사랑을 찾아 섬처럼 떠다닌다. 이런 은희의 삶에, 그녀를 이해해주는 유일한 어른이 찾아온다."
377,387886,계춘할망,영화,KR,116.0,,"12년 만에 잃어버린 손녀를 기적적으로 찾은 해녀 계춘  손녀 혜지와 예전처럼 단둘이 제주도 집에서 함께 살면서 서로에게 적응해간다.  그러나, 아침부터 밤까지 오로지 손녀 생각만 가득한 계춘과 달리  도통 그 속을 알 수 없는 다 커버린 손녀 혜지.  어딘가 수상한 혜지에 대한 마을 사람들의 의심이 커져가는 가운데,  혜지는 서울로 미술경연대회를 갔다가 사라진다.  12년 만에 혜지가 할망을 찾아온 진짜 이유는 무엇일까?  할머니와 떨어져있던 시간 동안 혜지에게 무슨 일이 있었던 걸까?"
378,59866,두 여자,영화,KR,105.0,,"내 남편은 완벽했었다. 어제까지는... 일과 사랑 모든 것이 완벽한 산부인과 의사 소영(신은경)은 변함없이 아내를 사랑하는 남편, 건축가 지석(정준호)과 한치의 오차도 없는 행복한 결혼 생활을 하고 있다. 남편의 여자를 알게 되기 전까지는... 내 남자의 여자가 미치도록 궁금하다! 소영은 남편의 건축과 학생이자 요가선생으로 일하는 남편의 여자, 수지(심이영)를 쫓아 요가학원에 등록한다. 죽이고 싶었던 남편의 여자와 서서히 가까워지고 아무것.."
379,451105,아빠는 딸,영화,KR,115.0,,"딸이 꿈꾸던 첫 데이트가 현실이 되던 찰나,  아빠가 절실한 승진의 기회를 잡나 싶던 그때  두 사람의 몸이 바뀌는 청천벽력 같은 일이 벌어진다!  서로의 몸으로 살아야 하는 아빠와 딸.  첫사랑 사수 vs 직장 사수를 위해  상상을 초월한 노력을 하지만 상황은 오히려 꼬여만 가고,  사생활은 물론 마음까지 엿보게 되면서 서로 몰랐던 점을 점점 알아가게 되는데..."
380,569267,천문: 하늘에 묻는다,영화,KR,132.0,,"역사상 가장 위대한 왕 세종과 관노로 태어나 종3품 대호군이 된 천재 과학자 장영실. 20년 간 꿈을 함께 하며 위대한 업적을 이뤄낸 두 사람. 세종 24년인 1442년, 명나라 사신은 황제의 칙서를 들고 조선을 방문한다. 명의 사신은 조선이 천문 연구를 통해 독자적 시간을 가지는 것을 우려하며 천문 의기들을 폐기하고 이를 발명한 장영실을 압송하려 한다. 그러던 와중 임금이 타는 가마 안여(安與)가 부서지는 사건으로 세종은 장영실을 문책하며 하루아침에 궁 밖으로 내치고 그 이후 장영실은 자취를 감추는데..."
381,1174188,괜찮아 괜찮아 괜찮아!,영화,KR,102.0,,"무대 위에서 가장 행복한 무한 긍정 소녀 인영과 어쩌다 한집살이하게 된 외로운 완벽주의자 예술단 마녀감독 설아, 인영과는 일방적인 라이벌 관계인 만년 1등 예술단의 센터 나리, 1일 1고백, 사랑과 우정 그 어딘가 인영의 유일한 남사친 도윤, 말 처방과 약 처방을 동시에 해주는 인영의 동네 친구이자 괴짜 약사 동욱까지. 혼자서는 서툴지만 함께라서 괜찮은 우리 모두의 이야기."
382,602463,인질,영화,KR,93.0,,"평소와 똑같던 어느 새벽, 서울 한복판에서 증거도, 목격자도 없이 대한민국 톱배우 황정민이 납치된다. 한 치 앞을 알 수 없는 상황 속 살기 위한 극한의 탈주가 시작되는데…"
383,16882,GP506,영화,KR,121.0,,"폭우의 밤. 아무나 들어갈 수도 나올 수도 없는 비무장지대 내 최전방 경계초소(GP)에서 소대원 21명 중 의식불명 상태의 1명을 제외한 20명이 의문의 몰살을 당하는 사건이 발생했다. 사건 진상을 수사하기 위해 군당국은 21명의 수색대를 파견하지만, 폭우로 끊어진 도로는 수색대마저 GP506에 가두고 만다.  수색대 속에는 군 최고의 정예요원으로 평가 받는 노수사관(천호진)이 포함되어 있다. 아내의 장례식장까지 찾아간 군 장성은 몰살당한 시체 속에서 GP장(유중위)을 찾아오라고 명한다. 육사출신인 그가 참모총장의 아들이라는 사실에, 국방부 전체가 긴장한 것. 노수사관에게 주어진 시간은 그날 새벽 06시까지!  하지만, 새로운 사실이 밝혀진다. 시체는 19구, 생존자는 1명! 한 명의 흔적이 없다! 미로 같은 GP를 수색하던 중 발전실에서 의외의 인물, 살아있는 GP장(유중위)을 발견하게 된 것! 그러나 그는 본대 복귀만을 요구하며 의혹의 조짐을 보이기 시작하는데..."
384,422576,"당신, 거기 있어줄래요",영화,KR,111.0,,"현재의 수현은 의료 봉사 활동 중 한 소녀의 생명을 구하고 소녀의 할아버지로부터 신비로운 10개의 알약을 답례로 받는다. 호기심에 알약을 삼킨 수현은 순간 잠에 빠져들고 다시 눈을 떴을 때, 30년 전 과거의 자신과 마주하게 된다. 오래된 연인 연아와 행복한 나날을 보내던 과거의 수현은 우연히 길에 쓰러진 남자를 돕게 된다. 남자는 본인이 30년 후의 수현이라 주장하고 황당해하던 과거의 수현은 그가 내미는 증거들을 보고 점차 혼란에 빠진다. 사랑했던 연아를 꼭 한 번 보고 싶었다는 현재 수현의 말에 과거 수현은 알 수 없는 불안감을 느끼고 이어 믿기 힘든 미래에 대해 알게 되는데..."
385,599333,뜨거운 피,영화,KR,119.0,,"부산 변두리 작은 포구 구암의 절대적인 주인 손영감, 그의 밑에서 수년간 수족으로 일해온 희수는 무엇 하나 이뤄낸 것 없이, 큰돈 한번 만져보지 못한 채 반복되는 건달 짓이 지긋지긋하다. 1993년, 범죄와의 전쟁 이후 새로운 구역을 집어삼키기 위해 물색중인 영도파 건달들은 아무도 관심 갖지 않는 구암에 눈독을 들이고, 영도파 에이스이자 희수의 오랜 친구 철진이 희수에게 은밀히 접근한다. 새로운 삶을 시작하려는 희수는 갈등하고, 조용하던 구암을 차지하려는 밑바닥 건달들의 치열한 생존 싸움이 시작되는데..."
386,1275096,사랑의 하츄핑,영화,KR,86.0,,"인생의 소울메이트를 꼭 만나길 바라는 로미. 우연한 기회에 하츄핑을 처음 본 뒤, 운명의 인연임을 알아본다. 로미는 하츄핑을 찾기 위해 반대를 무릅쓰고 새로운 길을 떠나지만, 마침내 만나게 된 하츄핑은 인간과의 소통을 거부하는데…"
387,436994,루시드 드림,영화,KR,101.0,,"대기업 비리 전문 기자 대호는 3년 전 계획적으로 납치된 아들을 찾기 위해 '루시드 드림’을 이용,  과거의 기억으로 가 범인의 단서를 추적한다.  오른팔에 문신을 한 남자, 사진을 찍던 수상한 남자, 꿈마다 등장하는 의문의 인물까지!  베테랑 형사 방섭과 친구인 정신과 의사 소현의 도움으로  마침내 대호는 모든 단서가 지목하는 한 남자를 마주하게 되는데..."
388,544814,미쓰백,영화,KR,98.0,,"스스로를 지키려다 어린 나이에 전과자가 되어 외롭게 살아가던 백상아. 누구도 믿지 않고 아무것도 마음에 두지 않던 어느 날, 나이에 비해 작고 깡마른 몸, 홑겹 옷을 입은 채 가혹한 현실에서 탈출하려는 아이 지은을 만나게 된다. 왠지 자신과 닮은 듯한 아이 지은을 외면할 수 없는 상아는 지은을 구하기 위해 세상과 맞서기로 결심하는데…  “이런 나라도, 같이 갈래?”"
389,24037,무방비 도시,영화,KR,112.0,,"국내 최고의 엘리트 형사들로 구성되어 각종 강력사건을 도맡아 처리하는 한국의 FBI, 광역수사대. 그 중에서도 최고의 검거율을 보이고 있는 광역수사대의 베테랑 형사 조대영에게 사건 조사 중이던 연쇄살인사건 대신 최근 기승을 부리고 있는 야쿠자와 연계된 기업형 소매치기 사건을 전담하라는 상부의 지시가 내려 온다. 왠지 소매치기 사건만은 맡고 싶지가 않은 대영. 그에게는 소매치기와 관련된 지울 수 없는 기억이 남아 있다.  화려한 외모와 신기에 가까운 손기술을 자랑하는 국제적인 기업형 소매치기 조직 삼성파의 리더 백장미. 그녀는 얼마 전 출소한 전설적인 소매치기의 대모 강만옥을 영입하여 조직을 확장하려 하지만 은퇴를 결심한 만옥을 설득하기는 쉽지가 않다.  소매치기 조직의 동태 파악을 위해 잠복 중이던 대영은 우연히 라이벌 소매치기 조직에게 쫓기던 장미를 구해주게 되고, 첫 눈에 서로의 매력에 끌리게 되는 두 사람. 한치 앞도 예측할 수 없는 둘의 위험한 만남은 그렇게 시작되는데..."
390,160075,누구의 딸도 아닌 해원,영화,KR,90.0,,"대학생 해원은 학교 선생인 성준과의 비밀스런 관계를 정리하고 싶다. 내일 캐나다로 이민을 떠나는 엄마와 만나고 우울해진 해원은 오랜만에 성준을 다시 만난다. 그날 식당에서 우연히 같은 과 학생들을 마주치게 되고 두 사람의 관계가 알려지게 된다. 해원은 더 불안해지고, 성준은 둘이서 어디론가 도망을 가자는 극단적인 제안을 한다. 해원은 자주 꿈을 꾼다. 그녀의 꿈은 그녀의 깨어있는 삶과 비교가 될 것인데, 그 중 어느 것도 그녀의 삶이 아니라고 말할 수 없을 것이다."
391,571787,나의 특별한 형제,영화,KR,114.0,,"비상한 두뇌를 가졌지만 동생 '동구' 없이는 아무 데도 못 가는 형 세하, 뛰어난 수영실력을 갖췄지만 형 세하 없이는 아무것도 못 하는 동생 동구. 이들은 피 한 방울 섞이지 않았지만 20년 동안 한 몸처럼 살아온 '특별한 형제'다. 어느 날 형제의 보금자리 '책임의 집'을 운영하던 신부님이 돌아가시자 모든 지원금이 끊기게 되고, 각각 다른 장애를 가진 두 사람은 헤어질 위기에 처하고 만다. 세하는 '책임의 집'을 지키고 동구와 떨어지지 않기 위해 구청 수영장 알바생이자 취준생 미현을 수영코치로 영입하고, 동구를 수영대회에 출전시켜 사람들의 이목을 집중시키는 데 성공한다. 헤어지지 않을 수 있다는 희망을 본 것도 잠시, 예상치 못한 인물이 형제 앞에 등장하면서 형제는 새로운 위기를 겪게 되는데..."
392,636282,이웃사촌,영화,KR,130.0,,백수가장 좌천위기 도청팀장 대권은 팀원들과 함께 해외에서 입국하자마자 자택 격리된 정치인 가족을 24시간 감시하라는 미션을 받는다. 이웃집으로 위장 이사온 도청팀원들은 라디오 사연 신청부터 한밤중에 나는 부스럭 소리까지 수상한 가족들의 모든 소리와 행동을 감시하면서 새로운 비밀들을 하나씩 발견하게 되는데…
393,95453,봄날은 간다,영화,KR,94.0,,"사운드 엔지니어 상우는 치매에 걸린 할머니와 젊은 시절 상처한 한 아버지, 고모와 함께 살고 있다. 어느 겨울 그는 지방 방송국 라디오 PD 은수를 만난다. 자연의 소리를 채집해 틀어주는 라디오 프로그램을 준비하는 은수는 상우와 녹음 여행을 떠난다. 자연스레 가까워지는 두 사람은 어느 날 은수의 아파트에서 밤을 보낸다. 너무 쉽게 사랑에 빠진 두 사람. 상우는 주체할 수 없을 정도로 그녀에게 빨려든다. 그러나 겨울에 만난 두 사람의 관계는 봄을 지나 여름을 맞이하면서 삐걱거린다."
394,18374,7급 공무원,영화,KR,112.0,,"아침엔 강화도, 점심엔 울릉도?! 그녀를 의심하라!  여행사 직원으로 위장한 경력 6년차 국가정보원 요원 ‘수지’.  과거는 밝혀도 정체만은 밝힐 수 없는 직업 특성상 남친 ‘재준’에게 조차 거짓말을 밥 먹듯 하다 일방적인 이별을 통보 받는다. 말도 없이 떠나버린 재준에 대한 서운함과 괘씸함에 몸부림 치던 그녀. 3년 뒤, 청소부로 위장한 채 산업 스파이를 쫓던 중 재준과 우연히 다시 마주치게 된다! 국제 회계사가 되어 나타난 재준. 그를 보자 수지의 마음은 다시 흔들리는데…  나 평범한 회계사 아니야!? 그를 의심하라!  오랜 연인 수지의 반복되는 수상한 거짓말에 지친 ‘재준’.  한국을 떠난다는 전화 한 통으로 이별을 통보하고 러시아로 유학을 떠난다. 3년 뒤 국제회계사로 신분을 위장하고 국가정보원 해외파트 소속 요원이 되어 돌아온 재준. 깨지기 일쑤, 실수 연발의 신참이지만 의욕만은 넘치는 재준은 현장투입 첫 임무로 러시아 조직을 미행하던 중 우연히 수지와 마주친다! 호텔 청소부가 되어 있는 그녀의 모습이 쇼킹하지만 애틋한 마음만은 여전한데…  비밀 많은 커플의 스릴 넘치는 대결이 시작된다!  그들이 각각 쫓던 타겟은 국내 기술을 해외로 빼돌리려는 같은 사건의 인물들! 이 사실을 모르는 수지와 재준은 임무수행마다 사사건건 맞닥뜨리는 서로의 정체를 의심하기 시작하는데…!"
395,957154,서울괴담,영화,KR,122.0,,"어두운 터널을 홀로 지날 때의 두려움, 옆집에서 들려오는 의문의 소리, 중고 가구에 얽힌 미스터리, 다른 사람을 향한 그릇된 질투. 복수, 저주, 욕망에서 시작된 죽음보다 더한 공포의 실체가 찾아온다!"
396,936243,리바운드,영화,KR,122.0,,"농구선수 출신의 공익근무요원 양현은 해체 위기에 놓인 부산중앙고 농구부 신임 코치로 발탁된다. 하지만 전국대회에서의 첫 경기 상대는 고교 농구 최강자 용산고. 팀워크가 무너진 중앙고는 몰수패라는 치욕의 결과를 낳고 학교는 농구부 해체까지 논의하지만, 양현은 MVP까지 올랐던 고교 시절을 떠올리며 다시 선수들을 모은다. 주목받던 천재 선수였지만 슬럼프에 빠진 가드 기범. 부상으로 꿈을 접은 올라운더 스몰 포워드 규혁. 점프력만 좋은 축구선수 출신의 괴력센터 순규. 길거리 농구만 해온 파워 포워드 강호. 농구 경력 7년 차지만 만년 벤치 식스맨 재윤. 농구 열정만 만렙인 자칭 마이클 조던 진욱까지 아무도 주목하지 않은 신임 코치와 6명의 선수가 2012년 전국 고교농구대회에서 8일간 써 내려간 기적. 모두가 불가능이라 말할 때, 우리는 리바운드를 잡는다."
397,630211,삼진그룹 영어토익반,영화,KR,110.0,,"1995년, 토익 600점만 넘기면 대리가 될 수 있다는 이야기에 입사 8년차 동기인 말단 여직원들이 삼진그룹 영어토익반에 모인다. 실무 능력 퍼펙트, 현실은 커피 타기 달인인 생산관리3부 오지랖 이자영. 추리소설 마니아로 뼈 때리는 멘트의 달인 마케팅부 돌직구 정유나. 수학 올림피아드 우승 출신, 실체는 가짜 영수증 메꾸기 달인 회계부 수학왕 심보람은 대리가 되면 진짜 ‘일’을 할 수 있을 것이라는 희망에 부푼다. 잔심부름을 하러 간 공장에서 검은 폐수가 유출되는 것을 목격한 자영은 유나, 보람과 함께 회사가 무엇을 감추고자 하는지, 결정적 증거를 찾으려 한다. 불가능해 보이는 싸움, 세 친구는 해고의 위험을 무릅쓰고 고군분투를 시작하는데…"
398,1034871,라방,영화,KR,90.0,,"대기업 취업도 쉽지 않고 친구가 보낸 불법 몰카 라이브 방송 링크를 여자친구 수진에게 들켜 헤어질 위기에 처한 프리랜서 PD ‘동주’. 수진의 생일날 이벤트를 준비하던 중 의문의 라이브 방송 링크가 전송되고 링크가 자동으로 열리는데… “아이디 486번 고객님이 입장되었습니다” 실시간으로 시작되는 몰카 라이브 방송! 그런데 모니터를 통해 여자친구 ‘수진’이 나타나고 동주는 충격에 빠지게 된다. 정체불명의 ‘젠틀맨’과 정신을 잃은 ‘수진’, ‘동주’는 사랑하는 수진을 구하기 위해 라이브 방송에 참여하기 시작하지만 ‘젠틀맨’은 라이브 방송을 점점 최악의 상황으로 끌고 가는데… 1분 1초를 다투는 숨 막히는 실시간 라이브 추격전이 시작된다!"
399,598440,기방도령,영화,KR,110.0,,"남존여비 관념으로 여인들이 억압받던 옛 시절, 기방에서 나고 자란 허색은 사라질 위기에 처한 기방을 살리기 위해 조선 최초의 남자 기생이 되기로 결심한다. 수려한 용모, 여심을 사로잡는 화려한 언변, 뛰어난 기예까지! 처음 보는 완벽남의 등장에 조선 팔도 여인들의 외로웠던 마음이 두근거리기 시작하고, 단숨에 조선 최초의 남자 기생에서 조선 최고의 남자 기생으로 등극한 허색. 도인 육갑과 함께 환상의 호흡을 자랑하며 여심을 휘어잡던 허색의 앞에 어느 날, 시대를 앞서가는 사고방식을 가진 묘령의 여인 해원이 나타나고, 많은 여인들의 구애에도 끄떡 없던 허색의 마음이 드디어 두근거리기 시작하는데..."
400,764842,스트리밍,영화,KR,92.0,,"대한민국에서 가장 핫한 구독자 수 1위의 범죄 채널 스트리머 우상. 오직 1위만이 후원금 전부를 독차지하는 스트리밍 플랫폼 왜그에서 미제 범죄 사건을 분석하며 최고의 인기를 달리던 중, 논란에 휘말리며 한순간 나락으로 떨어진다. 우상은 어떻게든 1위를 되찾고자 화제의 중심에 있던 옷자락 연쇄살인사건의 범인 추적 과정을 실시간으로 방송하기 시작하고, 하나 둘 단서를 쫓으며 연쇄살인범의 실체에 다가간다. 그러나 연쇄살인범이 자신의 방송을 보고 있다는 것을 알게 되며, 우상의 방송은 생각하지 못한 방향으로 흘러가는데…"
401,270759,일대일,영화,KR,122.0,,"5월 9일, 한 여고생이 잔인하게 살해당한다. 살인 용의자 7인과 그들에게 테러를 감행하는 ‘그림자’ 7인. 이들의 정체는 무엇인가? 이들 중 당신은 누구인가?"
402,116488,내 아내의 모든 것,영화,KR,121.0,,"예쁘고 사랑스러운 외모, 완벽한 요리 실력, 때론 섹시하기까지. 남들이 보기엔 모든 것을 갖춘 최고의 여자 정인. 하지만 입만 열면 쏟아내는 불평과 독설로 인해 남편 두현에겐 결혼생활 하루하루가 죽을 맛이다. 매일 수백 번씩 이혼을 결심하지만 아내가 무서워 이혼의 ‘이’자도 꺼내지 못하는 소심한 남편 두현. 그런 아내와 헤어질 방법은 단 하나뿐. 그녀가 먼저 두현을 떠나게 하는 것!  제발… 제 아내를 유혹해 주세요!  아내가 싫어하는 짓만 골라하며 소심한 반항을 해보지만 눈도 까딱 않는 정인으로 인해 두현은 절망에 빠진다. 하지만 어떤 여자든 사랑의 노예로 만들어 버리는 비범한 능력을 지녔다는 전설의 카사노바 성기를 만나 절호의 기회를 얻는 두현! 이제 은퇴를 선언하고 은둔의 삶을 선택한 그에게 두현은 카사노바 일생의 화룡점정을 위한 마지막 여자로 정인을 유혹해 달라고 부탁하는데…"
403,20605,짝패,영화,KR,92.0,,"2005년 온성. 서울에서 형사생활을 하던 태수는 어린 시절 죽마고우 왕재의 부음을 듣고 십여 년 만에 고향을 찾는다. 왕재의 갑작스런 죽음에 의문을 품은 태수는 서울행을 잠시 보류하고 며칠 더 고향에 남기로 한다. 왕재의 주변을 중심으로 조사를 벌이던 태수는 의문의 패거리들에게 공격을 당하지만 석환의 도움으로 가까스로 위기에서 벗어난다. 의혹은 더욱 짙어지고, 태수와 석환은 본격적으로 왕재의 죽음을 파헤쳐 들어간다. 그러나 그들이 죽음의 배후에 가까이 다가가면 갈수록, 이유를 알 수 없는 죽음이 꼬리에 꼬리를 문다. 태수와 석환은 어느새 운명적으로 짝패가 되어 보이지 않는 적들을 향해 전쟁을 선포하기에 이르는데..."
404,16447,여자는 남자의 미래다,영화,KR,88.0,,"겨울 어느 날 미국에서 오랜 유학생활을 마치고 돌아온 영화감독 지망생 헌준과 서울 유명대학에서 미술 강사를 하고 있는 문호가 만난다. 그들은 중국집에서 낮술을 마시다 갑자기 둘 모두의 옛사랑으로 기억에 남아 있는 선화를 떠올린다. 헌준은 문호에게 선화를 만나러 갈 것을 제안하고, 그들은 부천에 살고 있는 그녀를 찾아간다. 막상 선화의 얼굴을 본 두 남자는 7년 전 선화를 되찾고 싶다라는 욕망이 일고 선화와 오직 단둘이 있을 기회를 호시탐탐 노리고, 선화는 이런 두 남자의 행동을 일단 즐겨보기로 하는데..."
405,470524,아이 캔 스피크,영화,KR,119.0,,"온 동네를 휘저으며 무려 8천 건에 달하는 민원을 넣어 도깨비 할매라고 불리는 옥분. 20여 년간 누구도 막을 수 없었던 그녀 앞에 원칙주의 9급 공무원 민재가 나타나면서 팽팽한 긴장감이 흐른다. 민원 접수만큼이나 열심히 공부하던 영어가 좀처럼 늘지 않아 의기소침한 옥분은 원어민 수준의 영어를 구사하는 민재를 본 후 선생님이 되어 달라며 시간과 장소를 불문하고 부탁하기에 이른다. 둘만의 특별한 거래를 통해 결코 어울리지 않을 것 같았던 두 사람의 영어 수업이 시작되고, 함께하는 시간이 계속 될수록 서로를 이해하고 소통하게 되면서 친구이자 가족이 되어 간다. 옥분이 영어 공부에 매달리는 이유가 내내 궁금하던 민재는 어느 날, 그녀가 영어로 꼭 하고 싶은 말이 있다는 것을 알게 되는데…"
406,18384,과속스캔들,영화,KR,108.0,,"한때 아이돌 스타로 10대 소녀 팬들의 영원한 우상이었던 남현수. 지금은 서른 중반의 나이지만, 그래도 아직까지는 잘나가는 연예인이자, 청취율 1위의 인기 라디오 DJ. 어느 날 애청자를 자처하며 하루도 빠짐없이 라디오에 사연을 보내오던 황정남이 느닷없이 찾아와 자신이 현수가 과속해서 낳은 딸이라며 바득바득 우겨대기 시작하는데!! 그것도 애까지 달고 나타나서…… 집은 물론 현수의 나와바리인 방송국까지. 어디든 물불 안 가리고 쫓아다니는 스토커 정남으로 인해 완벽했던 인생에 태클 한방 제대로 걸린 현수. 설상가상 안 그래도 머리 복잡한 그에게 정남과 스캔들까지 휩싸이게 되는데… 나 이제, 이거 한방 터지면 정말 끝이다! 끝!!"
407,529569,목격자,영화,KR,111.0,,"모두가 잠든 새벽, 비명소리를 듣고 베란다에 나간 상훈은 살인사건을 목격하게 된다. 신고를 하려던 순간, 손가락을 까딱거리며  자신의 아파트 층수를 세는 범인 태호와 눈이 마주치게 되는데…"
408,58069,화려한 휴가,영화,KR,118.0,,"광주에 사는 택시기사 민우. 어릴 적 부모님을 여의고 끔찍이 아끼는 동생 진우와 단둘이 사는 그는 오직 진우 하나만을 바라보며 평범한 일상을 살고 있다. 진우와 같은 성당에 다니는 간호사 신애를 맘에 두고 사춘기 소년 같은 구애를 펼치는 그는 작은 일상조차 소중하다. 이렇게 소소한 삶을 즐기는 이들에게 어느 날 갑자기, 생각지도 못한 무시무시한 일이 벌어진다. 무고한 시민들이 총,칼로 무장한 시위대 진압군에게 폭행을 당하고 심지어 죽임을 당하기까지 한다. 눈 앞에서 억울하게 친구, 애인, 가족을 잃은 그들은 퇴역 장교 출신 흥수을 중심으로 시민군을 결성해 결말을 알 수 없는 열흘 간의 사투를 시작 하는데…"
409,438623,그것만이 내 세상,영화,KR,120.0,,"한때는 WBC 웰터급 동양 챔피언이었지만  지금은 오갈 데 없어진 한물간 전직 복서 조하. 우연히 17년 만에 헤어진 엄마 인숙과 재회하고, 숙식을 해결하기 위해 따라간 집에서  듣지도 보지도 못했던 뜻밖의 동생 진태와 마주한다. 라면 끓이기, 게임도 최고로 잘하지만  무엇보다 피아노에 천재적 재능을 지닌 서번트증후군 진태. 조하는 입만 열면 ""네~"" 타령인 심상치 않은 동생을 보자 한숨부터 나온다. 하지만 캐나다로 가기 위한 경비를 마련하기 전까지만 꾹 참기로 결심한 조하는  결코 만만치 않은 불편한 동거생활을 하기 시작하는데..."
410,40167,하모니,영화,KR,115.0,,"18개월이 되면 아기를 입양 보내야 하는 정혜, 가족마저도 등을 돌린 사형수 문옥, 저마다 아픈 사연을 가진 채 살아가는 여자교도소에 합창단이 결성되면서 사랑하는 이들을 위해 가슴 찡한 감동의 무대를 만들어가는 이야기. 편견을 뚫고 화음으로 서로를 보듬는 재소자들. 그리고 4년이 지난 오늘, 세상과 만날 단 하루를 위해 그녀들이 손에 손을 잡고 무대에 오른다."
411,242458,집으로 가는 길,영화,KR,131.0,,"사랑하는 남편과 딸이 세상 전부인 평범한 아내. 여권에 처음 도장이 찍히던 날, 그녀는 프랑스에서 마약범으로 몰려 교도소에 수감된다. 한국에서 비행기로 22시간, 대서양 건너 12,400km 지구 반대편 프랑스 외딴 섬 마르티니크 교도소. 말도 한마디 통하지 않는 낯선 곳. 그녀는 집으로 돌아갈 수 있을까?"
412,1535349,극장의 시간들,영화,KR,95.0,,"[침팬지] “영화는 오랜 친구와 같은 것이다” 2000년 광화문. 고도, 모모, 제제는 영화를 사랑한다는 공통점으로 단짝이 된다. 헌책방에서 신기한 침팬지 이야기를 발견한 세 사람은 그 이야기에 빠져든다. 2025년, 영화감독이 된 고도는 홀로 광화문을 걷다가 다시 침팬지 이야기를 만난다. [자연스럽게] “자, 편안하고 자연스럽게! 레디…액션!” 무더운 여름의 영화 촬영 현장. 어린이 배우들은 동네 곳곳을 뛰어다니며 신나게 노는 장면을 연기 중이다. 그런데 감독은 계속 더 자연스럽게 연기해달라고 말하고, 배우와 스탭들은 고민에 빠진다. “도대체 자연스러운 연기란 뭘까?” [영화의 시간] “너야말로 안 변했네. 그 시절 얼굴이 그대로야” 춘천에 사는 영화는 오랜만에 광화문을 찾는다. 홀로 정동과 광화문 곳곳을 걷다가 우연히 들어간 극장에서 수십 년 만에 여고 동창과 재회한다. 영화는 그곳에서 일하는 동창의 배려로 한여름의 꿈 같은 영화 한 편을 만난다."
413,610321,경관의 피,영화,KR,119.0,,"출처불명의 막대한 후원금을 받고 고급 빌라, 명품 수트, 외제차를 타며 범죄자들을 수사해온 광역수사대 반장 강윤의 팀에 어느 날 뼛속까지 원칙주의자인 신입경찰 민재가 투입된다. 강윤이 특별한 수사 방식을 오픈하며 점차 가까워진 두 사람이 함께 신종 마약 사건을 수사하던 중 강윤은 민재가 자신의 뒤를 파는 두더지, 즉 언더커버 경찰임을 알게 되고 민재는 강윤을 둘러싼 숨겨진 경찰 조직의 비밀을 마주하게 되는데…"
414,588166,사생결단,영화,KR,90.0,,"마약과 돈을 교환하던 팽과 아라이가 서로 교환을 끝내고 가다가 아라이의 칼에 팽이 죽고 또 아라이는 마약을 넣은 인형을 마약거래의 증거로 가지려는 진미연의 아버지에게 괴롭힘을 당하던 미연은 아버지를 찾아온 강철민에게 도움을 청하고 팽의 일당들 또한 인형에게 눈독을 들인다. 인형의 내용물이 마약이었음을 안 철민은 돈을 찾기위해 팽의 일당과 아라이를 상대로 싸움을 벌인 후 돈을 발견하나 위조지폐이고,철민은 마약과 위조지폐의 조사를 나온 형사임이 밝혀진다."
415,287647,카트,영화,KR,104.0,,"대한민국 대표 마트 더 마트. “마트의 생명은 매출, 매출은 고객, 고객은 서비스”를 외치며 언제나 고객 만족 서비스를 실천하기 위해 온갖 컴플레인과 잔소리에도 꿋꿋이 웃는 얼굴로 일하는 더 마트의 직원들. 그러던 어느 날, 회사로부터 갑작스럽게 일방적인 해고 통지를 받게 된다. 정규직 전환을 눈 앞에 둔 선희를 비롯, 싱글맘 혜미, 청소원 순례, 순박한 아줌마 옥순, 88만원 세대 미진은 하루 아침에 직장을 잃을 위기에 처한다. 노조의 ‘노’자도 모르고 살았던 그녀들이 용기를 내어 서로 힘을 합치는데…"
416,500699,골든슬럼버,영화,KR,108.0,,"착하고 성실한 택배기사 건우. 최근 모범시민으로 선정되어 유명세를 탄 그에게 고등학교 시절 친구 무열로부터 연락이 온다. 오랜만에 재회한 반가움도 잠시, 그들 눈 앞에서 유력 대선후보가 폭탄 테러에 의해 암살당하는 사건이 벌어진다. 당황한 건우에게 무열은 이 모든 것은 계획된 것이며, 건우를 암살범으로 만들고 그 자리에서 자폭 시키는 게 조직의 계획이라는 이야기를 전한다. 겨우 현장에서 도망치지만 순식간에 암살자로 지목되어 공개 수배된 건우. CCTV, 지문, 목격자까지 완벽히 조작된 상황, 무열이 남긴 명함 속 인물, 전직 요원인 민씨를 찾은 건우는 그를 통해 사건의 실체를 조금씩 알게 된다. 살아 남기 위해, 그리고 누명을 벗기 위해 필사적으로 맞서는 건우. 하지만 자신이 도망칠수록 오랜 친구인 동규, 금철, 선영마저 위험에 빠지게 되는데…"
417,783127,불도저에 탄 소녀,영화,KR,112.0,,"혜영은 대책 없는 소녀다. 한쪽 팔에는 온통 문신을 새겼다. 욕설을 입에 달고 살며 폭력도 다반사. 말 그대로 문제아 중의 문제아다. 혜영은 엄마 없이 중식당을 운영하는 아빠와 어린 동생과 함께 셋이서 살고 있다. 어느 날 아빠가 의문의 사고를 당하게 되자, 이 문제의 소녀는 갑자기 동생을 돌봐야 할 가장이 되고, 아빠의 억울함을 밝혀야 할 탐문자가 되며, 세상의 추악함을 몸소 이겨내야 할 투쟁가가 된다."
418,237490,결혼전야,영화,KR,118.0,,"한번 헤어진 후 다시 만난 전직 야구선수 태규와 비뇨기과 의사 주영. 결혼식 일주일 전, 서로의 충격적인 과거를 알게 되다. 연애 7년차, 스타 쉐프 원철과 네일 아티스트 소미. 우리가 결혼하는 이유? 오래 사귀었으니까!  순수한 꽃집 노총각 건호와 우크라이나에서 온 절세미녀 비카. 국경과 나이도 초월한 두 사람의 사랑을 방해하는 것은? 건호의 몸에 찾아온 이상징후. 만남에서부터 결혼까지 LTE급 속도로 진행 중인 파파걸 이라와 마마보이 대복. 그러나 결혼은 현실! 혼수준비, 신혼여행, 종교, 집안문제까지 달라도 너무 다르다! 여행사 실수로 부녀회 단체여행에 합류한 소미와 티격태격하는 제주도 여행가이드 경수. 결혼식 일주일 전, 운명적인 사랑에 이끌리다! 과연 이들은 메리지 블루를 극복하고 무사히 결혼에 골인할 수 있을까?"
419,649233,핑크퐁 시네마 콘서트: 우주대탐험,영화,KR,66.0,,"우주여행을 하던 핑크퐁과 아기상어 올리, 갑자기 날아온 운석에 부딪혀 우주선의 별이 조각나버렸어요.  우리 함께 잃어버린 별 조각을 찾기 위해 5개의 행성으로 신나는 우주 모험을 떠나요!"
420,1063814,필사의 추격,영화,KR,110.0,,"완벽한 변장술로 형사들을 크게 뺑이 치게 만들어 빅뺑이라 불리는 사기꾼 김인해, 말보다 주먹이 빠른 분노조절장애 형사 조수광, 피도 눈물도 없는 보스 주린팡까지 각기 다른 이유로 제주도에서 운명적으로 조우한 세 사람! 도망칠 곳 없는 제주에 발을 디딘 그들의 쫓고 쫓기는 대환장 추격이 시작된다!"
421,606740,소리도 없이,영화,KR,99.0,,"범죄조직의 하청을 받아 근면성실하고 프로페셔널하게 시체 수습을 하며 살아가는 태인과 창복. 어느 날 단골이었던 범죄조직의 실장 용석에게 부탁을 받고 유괴된 11살 아이 초희를 억지로 떠맡게 된다. 그런데 다음 날 다시 아이를 돌려주려던 두 사람 앞에 용석이 시체로 나타나고, 두 사람은 예기치 못한 사건에 휘말리게 되는데…"
422,132946,남매의 집,영화,KR,43.0,,비좁고 초라한 반지하에 부모 없는 오누이가 스스로 갇혀 지낸다. 아버지가 돌아오길 기다리며 같은 일상을 반복하는 그들의 집에 어느 날 누군가가 침입한다. 5분만 있다가 나간다던 그는 일행인 듯 보이는 괴한 둘을 집으로 들이며 이런저런 핑계들을 늘어놓기 시작하는데…. 스스로 고립된 인간의 의식과 그 안의 도덕적 신념이 얼마나 볼품없는지를 우화적으로 표현하는 작품.
423,548352,완벽한 타인,영화,KR,115.0,,"우리 게임 한 번 해볼까? 다들 핸드폰 올려봐.  저녁 먹는 동안 오는 모든 걸 공유하는 거야.  전화, 문자, 카톡, 이메일 할 것 없이 싹!  오랜만의 커플 모임에서 한 명이 게임을 제안한다. 바로 각자의 핸드폰을 테이블 위에 올려두고 통화 내용부터 문자와 이메일까지 모두 공유하자고 한 것. 흔쾌히 게임을 시작하게 된 이들의 비밀이 핸드폰을 통해 들통나면서 처음 게임을 제안했던 것과는 전혀 다른 상상치 못한 결말로 흘러가는데..."
424,485442,부라더,영화,KR,102.0,,"인디아나 존스를 꿈꾸며 유물발굴에 전 재산을 올인 하지만  현실은 늘어나는 빚과 쓸모 없는 장비뿐인 형 석봉. 가문을 대표하는 눈부신 외모와 명석한 두뇌로 잘 나가는 건설 회사에 다니지만 순간의 실수로 실직 위기에 처한 동생 주봉. 3년 만에 본가로 강제소환(?) 당한 형제는 사고로 오로라를 치게 된다. 사고 탓인지 원래 그런 건지, 알 수 없는 말과 돌발 행동으로 형제를 헉(!)하게 만드는 멘탈까지 묘(?)한 여자 오로라. 형제의 인생에 훅 들어온 그녀는 그들에게 엄청난 비밀을 알려주게 되고 오로라의 말에 혹한 석봉과 주봉에게 지긋지긋한 안동은 노다지로 보이기 시작 하는데…"
425,75931,고양이: 죽음을 보는 두 개의 눈,영화,KR,106.0,,"가까워지는 죽음의 그림자…  어릴 적 충격으로 폐소공포증을 앓고 있는 ‘소연’. 펫숍의 미용사로 일하는 그녀는 사랑스러운 동물들과 함께할 때만은 항상 행복하다. 그러던 어느 날, 소연이 미용을 해 준 고양이 ‘비단이’를 찾아간 주인이 엘리베이터에서 의문사하는 사건이 발생한다. 공포에 질린 참혹한 모습으로 발견된 ‘비단이’의 주인. 죽음의 이유를 전혀 짐작할 수 없는 가운데, 한 가지 사실만이 밝혀진다. 갑작스런 죽음의 순간, 밀폐된 공간에서 이를 목격한 이는 고양이 ‘비단이’뿐이라는 것…!  소녀의 환상과 함께 시작된 두 번째 죽음  경찰의 부탁으로 주인 잃은 비단이를 집으로 데려온 소연은 그때부터 신비한 어린 소녀를 보기 시작한다. 어린 시절의 충격을 극복하는 과정이라는 의사의 말에 희망을 가져보지만 계속해서 소녀의 악몽에 시달리는 소연. 정체를 알 수 없는 공포감은 점점 커져만 가고, 새 고양이를 입양 받아온 친구 ‘보희’마저 자신의 집에서 참혹한 모습으로 죽은 채 발견되는데…  연속된 의문사  모두의 죽음을 지켜본 유일한 두 개의 눈 ‘고양이’  일상을 파고드는 죽음의 공포가 시작된다!"
426,435809,해빙,영화,KR,117.0,,"경기도의 한 신도시. 병원 도산 후 이혼, 선배 병원에 취직한 내과의사 승훈은 치매아버지 정노인을 모시고 정육식당을 운영하는 성근의 건물 원룸에 세를 든다. 어느 날, 정노인이 수면내시경 중 가수면 상태에서 흘린 살인 고백 같은 말을 들은 승훈은 부자에 대한 의심을 품게 된다. 조용했던 도시에 다시 살인사건이 시작되고 승훈은 공포에 휩싸인다. 그러던 중, 승훈을 만나러 왔던 전처가 실종되었다며 경찰이 찾아오는데…"
427,626129,앵커,영화,KR,111.0,,"생방송 5분 전, 방송국 간판 앵커 세라에게 자신이 살해될 것이라며 죽음을 예고하는 제보전화가 걸려온다. 장난전화로 치부하기에는 찝찝한 마음을 감출 수 없는 세라. 진짜 앵커가 될 기회라는 엄마 소정의 말에 세라는 제보자의 집으로 향하고 제보자인 미소와 그녀의 딸의 시체를 목격한다.그날 이후, 세라의 눈앞에 죽은 미소의 모습이 자꾸만 떠오르기 시작한다. 사건 현장에서 미소의 주치의였던 정신과 의사 인호를 마주하게 되며 그에 대한 세라의 의심 또한 깊어지는데…"
428,300433,기술자들,영화,KR,116.0,,"뛰어난 두뇌의 금고털이이자 작전의 설계는 물론 모든 위조에 능한 멀티플레이어 지혁, 절친한 형이자 인력 조달 전문 바람잡이 구인과 함께 어떤 보안 시스템도 순식간에 뚫어버리는 업계 최연소 해커 종배와 손잡고 기막힌 솜씨로 철통 보안을 자랑하는 보석상을 털며 순식간에 업계에 이름을 날린다. 이들을 눈 여겨 본 재계의 검은 손 조사장은 자신이 벌일 큰 판에 지혁 일당을 끌어들인다. 조사장이 설계한 작전은 동북아 최고의 보안 시스템을 자랑하는 인천 세관에 숨겨진 고위층의 검은 돈 1,500억. 주어진 시간은 단 40분. 클래스가 다른 기술자들의 역대급 비즈니스가 지금 시작된다!"
429,33251,집으로...,영화,KR,87.0,,"기차를 타고, 버스를 타고, 먼지 풀풀 날리는 시골길을 한참 걸어, 엄마와 7살 상우가 할머니의 집으로 가고 있다. 형편이 어려워진 상우 엄마는 잠시 상우를 외할머니 댁에 맡기기로 한다.  말도 못하고 글도 못 읽는 외할머니가 혼자 살고 계신 시골 외딴집에 남겨진 상우. 전자오락기와 롤러블레이드의 세상에서 살아온 아이답게 빳데리도 팔지 않는 시골가게와 사방이 돌 투성이인 시골집 마당과 깜깜한 뒷간은 생애 최초의 시련이다. 하지만, 영악한 도시 아이답게 상우는 자신의 욕구불만을 외할머니에게 드러내기 시작한다. 하지만 세상의 모든 외할머니가 그렇듯 짓궂은 상우를 외할머니는 단 한번도 나무라지 않는다. 같이 보낸 시간이 늘어날수록 상우의 할머니 괴롭히기도 늘어만 간다. 빳데리를 사기 위해 잠든 외할머니의 머리에서 은비녀를 훔치고, 양말을 꿰매는 외할머니 옆에서 방구들이 꺼져라 롤러블레이드를 타고... 그러던 어느 날, 후라이드 치킨이 먹고 싶은 상우는 온갖 손짓발짓으로 외할머니에게 닭을 설명하는 데 성공한다.  드디어 커뮤니케이션이 시작되는가 싶지만, 할머니가 장에서 사온 닭으로 요리한 것은 ""물에 빠트린"" 닭. 백숙이었다. 7살 소년과 77세 외할머니의 기막힌 동거는 과연 어떻게 될 것인가..."
430,973608,라바 펜던트,영화,KR,33.0,,"허당 친구 레드와 옐로우의 갈팡질팡 좌충우돌 도시 모험기가 펼쳐진다.  <라바 아일랜드>, <라바 아일랜드 무비>의 속편으로 제작된 엉뚱발랄한 단편 영화."
431,578211,판소리 복서,영화,KR,113.0,,한때 복싱 챔피언 유망주로 화려하게 주목 받던 전직 프로복서 ‘병구’. 그러나 한 순간의 지울 수 없는 실수로 복싱협회에서 영구 제명이 되어버린 그는 ‘박관장’ 의 배려로 체육관의 허드렛일을 도맡아 하며 살아가고 있다. 다시 복싱을 시작하려는 마음은 있지만 설상가상 뇌세포가 손상되는 ‘펀치드렁크(punchdrunk)’ 진단까지 받게 된 ‘병구’. 어느 날 ‘병구’가 뿌린 전단지를 들고 체육관을 찾은 신입관원 ‘민지’ 는 복싱에 대한 ‘병구’의 순수한 열정을 발견하고 그의 든든한 지원군이 되어준다. ‘민지’의 응원에 잊고 있었던 미완의 꿈이자 자신만의 스타일인 ‘판소리 복싱’을 완성하기로 결심한 ‘병구’는 생애 마지막이 될지도 모를 가장 무모한 도전을 시작한다.
432,385261,해어화,영화,KR,120.0,,"1943년 비운의 시대  미치도록 부르고 싶던 노래, 그 노래가 내 것이어야 했다. 마지막 남은 경성 제일의 기생 학교 ‘대성권번’  빼어난 미모와 탁월한 창법으로 최고의 예인으로 불리는 소율과 심금을 울리는 목소리를 가진 연희는 선생 산월의 총애와 동기들의 부러움을 받는 둘도 없는 친구.  당대 최고의 작곡가인 윤우는 민중의 마음을 어루만지는 ‘조선의 마음’이라는 노래를 작곡하려 하고 윤우의 노래를 부르고 싶은 소율은 예인이 아닌 가수를 꿈꾸게 된다. 하지만 윤우는 우연히 듣게 된 연희의 목소리에 점차 빠져들고 소율과 연희는 노래 ‘조선의 마음’을 차지하기 위해 서로 엇갈린 선택을 하게 되는데…"
433,328716,조선명탐정: 사라진 놉의 딸,영화,KR,125.0,,"정조 19년. 한때는 왕의 밀명을 받던 특사였으나 무슨 이유인지 왕에게 미운 털이 박혀 외딴 섬에 유배되어 버린 조선 제일의 명탐정 김민. 찾아오는 이라곤 지난 날 함께 했던 파트너 서필과  매일 같이 동생을 찾아달라며 오는 어린 소녀뿐이다. 그러던 중 김민은 조선 전역에 불량은괴가 유통되고 있다는 소식을 접하게 되고, 이로 인해 잠자고 있던 탐정 본능이 꿈틀거리기 시작한다. 결국 유배지 이탈이라는 초강수를 두며  불량은괴 유통사건과 행방불명 된 소녀의 동생을 찾기 위해 본격 수사에 착수하게 된다. 사상 최초로 동시에 두 사건 해결에 나선 조선 명탐정 김민과 서필! 그러나 정체를 알 수 없는 미모의 여인 히사코로 인해 명콤비의 수사는 더욱 혼선을 빚는다.  과연 이들은 의문의 두 사건을 해결하고, 화려한 옛 영광을 되찾을 수 있을까?"
434,1391014,홈캠,영화,KR,94.0,,"복직을 앞두고 낯선 곳으로 이사한 보험조사관 '성희'는 아픈 딸 '지우'를 위해 홈캠을 설치한다. 회사에서 카메라를 살피던 그녀는 섬뜩한 여자가 딸과 있는 걸 보고 황급히 전화하지만, 정작 '지우'는 아무도 없다며 황당해한다. 그날 이후, 여자는 홈캠에 더 자주 찍혔고 여전히 집에선 어떤 흔적도 찾을 수 없었다. 하지만, 지우는 갈수록 기괴한 행동을 하는데…."
435,554137,국가부도의 날,영화,KR,114.0,,"1997년, 대한민국 최고의 경제 호황을 믿어 의심치 않았던 그때, 곧 엄청난 경제 위기가 닥칠 것을 예견한 한국은행 통화정책팀장 한시현은 이 사실을 보고하고, 정부는 뒤늦게 국가부도 사태를 막기 위한 비공개 대책팀을 꾸린다. 한편, 곳곳에서 감지되는 위기의 시그널을 포착하고 과감히 사표를 던진 금융맨 윤정학은 국가부도의 위기에 투자하는 역베팅을 결심, 투자자들을 모으기 시작한다."
436,79374,블라인드,영화,KR,111.0,,"연속적인 여대생 실종사건과 뺑소니 사고.  두 사건의 피해자가 동일인물로 밝혀지고 경찰은 목격자를 찾아 나서지만 수사는 점점 난항을 겪는다.  사건의 첫 목격자로 등장한 사람은 다름아닌 시각장애인 ‘수아’. 촉망 받는 경찰대생이었던 그녀는 당시 사건의 정황들을 세밀히 묘사하며 수사의 방향을 잡아준다. 수아를 중심으로 수사가 진행되던 중, 사건의 또 다른 목격자가 등장한다. 바로 수아와 달리 사건의 현장을 두 눈으로 목격한 기섭.  수아와는 상반된 진술을 펼쳐 수사는 점점 다른 국면에 처하게 되는데…"
437,83013,번지점프를 하다,영화,KR,101.0,,"1983년 여름. 첫 눈에 반하는 일 따위는 믿지 않는 국문학과 82학번 서인우(이병헌 분)는 적극적이고 사랑스런 여자 82학번 인태희(이은주 분)를 만난다. 자신의 우산 속에 당돌하게 뛰어들어온 여자 인태희. 비에 젖은 검은 머리, 아름다운 얼굴, 그리고 당돌한 말투까지 인우의 마음은 온통 그녀로 가득 차 버린다. 그녀의 존재로 가슴 설레여하고, 그 사람의 손이 닿은 물건이면 무엇이든 소중하게 간직하며 사랑은 무르익어 간다."
438,1379775,허들,영화,KR,103.0,,"허들 유망주 고등학생 선수 서연은 실업팀 입단을 꿈꾸며 하나뿐인 가족인 아빠의 응원 속에 훈련에 매진하고 있었다. 그러던 어느 날, 걸려온 한 통의 전화. 대형 트럭을 운전하는 아빠가 도로에서 뇌졸중으로 의식을 잃었다는 것. 아빠의 유일한 보호자이지만, 미성년자라 병원비를 마련할 수 없는 서연은 실업팀에 입단하면 갚겠다는 차용증을 쓰고 친척에게 돈을 빌린다. 하지만 육상부 박 감독은 대회 1등인 서연이 아닌 친구이자 라이벌 민정이 실업팀에 입단하게 되었다고 말한다. 벼랑 끝에 몰린 서연은 결국 돌이킬 수 없는 선택을 하고 마는데…"
439,64882,김종욱 찾기,영화,KR,112.0,,돌다리도 두드려 보고 건너는 고지식한 성격의 소유자 한기준. 지나치게 강한 책임감과 융통성 제로에 가까운 성격 덕에 회사에서 잘린 기준은 우연한 기회에 기발한 창업 아이템을 찾아 낸다. 바로 아직까지 첫사랑을 잊지 못한 사람들을 위해 첫사랑을 찾아주는 일! 기준은 고객에게 무한 감동을 선사하겠다는 열정과 패기로 첫사랑 찾기 사무소를 오픈 한다. 남자친구로부터 프러포즈를 받은 서지우는 딸이 시집가기만을 학수고대하는 홀아버지의 압박에도 불구하고 결국 프러포즈를 거절하고 만다. 일에만 매달려온 그녀 맘 속에는 김종욱이라는 잊을 수 없는 사람이 있기 때문. 아버지에게 등 떠밀려 첫사랑 찾기 사무소를 찾은 서지우는 우여곡절 끝에 이제는 기억 조차 희미한 첫사랑의 상대 김종욱을 찾아보기로 결심한다.
440,581390,자산어보,영화,KR,126.0,,"순조 1년, 신유박해로 세상의 끝 흑산도로 유배된 호기심 많은 정약전은 그 곳에서 바다 생물에 매료되어 책을 쓰기로 한다. 이에 바다를 훤히 알고 있는 청년 어부 창대에게 도움을 구하지만 창대는 죄인을 도울 수 없다며 단칼에 거절한다. 창대가 혼자 글 공부를 하며 어려움을 겪고 있다는 것을 알게 된 정약전은 서로의 지식을 거래하자고 제안하고 거래라는 말에 창대는 못 이기는 척 받아들이는데..."
441,329253,장수상회,영화,KR,112.0,,"온 동네가 바라는 첫사랑이 시작된다!  틈만 나면 버럭,  융통성이라곤 전혀 없는 까칠한 노신사 `성칠`.  장수마트를 지켜온 오랜 모범 직원인 그는 해병대 출신이라는 자부심은 넘쳐도 배려심, 다정함 따윈 잊은 지 오래다.  그런 성칠의 앞집으로 이사 온 고운 외모의 ‘금님’.  퉁명스러운 공세에도 언제나 환한 미소를 보여주는 소녀 같은 그녀의 모습에 성칠은 당혹스러워 하고, 그런 그에게 갑작스레 금님은 저녁을 먹자고 제안한다.  무심한 척 했지만 떨리는 마음을 감출 수 없는 성칠!  장수마트 사장 ‘장수’는 비밀리에 성칠에게 첫 데이트를 위한 노하우를 전수하고 성칠과 금님의 만남은 온 동네 사람들은 물론 금님의 딸 ‘민정’까지 알게 된다.  모두의 응원에 힘입어 첫 데이트를 무사히 마친 성칠은 어색하고 서툴지만, 금님과의 설레는 만남을 이어간다.  그러던 어느 날,  성칠이 금님과의 중요한 약속을 잊어 버리는 일이 발생하고 뒤늦게 약속 장소에서 금님을 애타게 찾던 성칠은 자신만 몰랐던 그녀의 비밀을 알게 되는데…  인생 가장 빛나는 순간 시작된 러브스토리  마지막 사랑의 비밀이 밝혀진다!"
442,662024,첫경험 3,영화,KR,84.0,,성인영화 작가와 친구가 벌이는 성행각을 그린 성애 영화
443,91073,만추,영화,CN,113.0,,"수인번호 2537번 애나. 7년 째 수감 중, 어머니의 부고로 3일 간의 휴가가 허락된다. 장례식에 가기 위해 탄 시애틀 행 버스, 쫓기듯 차에 탄 훈이 차비를 빌린다. 사랑이 필요한 여자들에게 에스코트 서비스를 하는 그는, 누군가로부터 도망치는 중이다. 훈은 돈을 갚고 찾아가겠다며 억지로 시계를 채워주지만 애나는 무뚝뚝하게 돌아선다. 7년 만에 만난 가족도 시애틀의 거리도, 자기만 빼 놓고 모든 것이 변해 버린 것 같아 낯설기만 한 애나. 돌아가 버릴까? 발길을 돌린 터미널에서 훈을 다시 만난다. 그리고 장난처럼 시작된 둘의 하루. 시애틀을 잘 아는 척 안내하는 훈과 함께, 애나는 처음으로 편안함을 느낀다. 이름도 몰랐던 애나와 훈. 호기심이던 훈의 눈빛이 진지해지고 표정 없던 애나의 얼굴에 희미한 미소가 떠오를 때쯤, 누군가 훈을 찾아 오고 애나가 돌아가야 할 시간도 다가오는데..."
444,500168,궁합,영화,KR,110.0,,"극심한 흉년이 지속되던 조선시대, 송화옹주의 혼사만이 가뭄을 해소할 것이라 믿는 왕은 대대적인 부마 간택을 실시하고, 조선 최고의 역술가 서도윤은 부마 후보들과 송화옹주의 궁합풀이를 맡게 된다. 사나운 팔자로 소문나 과거 혼담을 거절당한 이력의 송화옹주는 얼굴도 모르는 사람을 남편으로 맞이할 수 없다고 판단하고  부마 후보들의 사주단자를 훔쳐 궐 밖으로 나가 후보들을 차례로 염탐하기 시작한다. 송화옹주가 사주단자를 훔친 궁녀라고 오해한 서도윤은 사주단자를 되찾기 위해 그녀의 여정에 함께 하게 되는데.. 야심찬 능력남 윤시경, 경국지색의 절세미남 강휘, 효심 지극한 매너남 남치호에 대세 연하남까지!  조선의 팔자를 바꿀 최고의 합(合)을 찾아라!"
445,267573,하이힐,영화,KR,125.0,,"“이건 내 선택이 아니야…신이 날 잊은 거야…”  완벽한 남자의 조건을 모두 갖춘 강력계 형사 ‘지욱’은  범인을 단숨에 제압하는 타고난 능력을 발휘해  경찰은 물론 거대 범죄 조직 사이에서도 전설적인 존재로 불린다.  내면에 깊숙이 자리한 여자가 되고 싶은 욕망을 감추기 위해서  더욱 거친 남자의 모습으로 살아왔지만,  이제는 진짜 자신이 원하는 모습으로 살기 위한 새로운 삶을 준비하려고 하는데…  잔인하게 슬프고, 눈부시게 강렬한 감성 느와르가 온다!"
446,26935,8월의 크리스마스,영화,KR,97.0,,"""좋아하는 남자 친구 없어요?"" 변두리 사진관에서 아버지를 모시고 사는 노총각 ‘정원’. 시한부 인생을 받아들이고 가족, 친구들과 담담한 이별을 준비하던 어느 날, 주차단속요원 '다림'을 만나게 되고 차츰 평온했던 일상이 흔들리기 시작한다. ""아저씨, 왜 나만 보면 웃어요?"" 밝고 씩씩하지만 무료한 일상에 지쳐가던 스무 살 주차단속요원 '다림'. 단속차량 사진의 필름을 맡기기 위해 드나들던 사진관의 주인 '정원'에게 어느새 특별한 감정을 갖게 되는데..."
447,645985,소방관,영화,KR,106.0,,"살리기 위해, 살아남기 위해 하루하루가 마지막 현장인 소방관 팀은 열악한 환경 속에서도 화재 진압과 전원 구조라는 단 하나의 목표로 의기투합한다. 어느 날, 다급하게 119 신고 전화로 홍제동에 화재가 발생했다는 긴급 상황이 접수되자 팀원들은 위기를 직감하는데…"
448,1007127,댓글부대,영화,KR,109.0,,"실력 있지만 허세 가득한 사회부 기자 임상진.  대기업 만전의 비리를 취재하지만 오보로 판명되며 정직당한다. 그러던 어느 날, 온라인 여론을 조작했다는 의문의 제보자가 찾아오는데…"
449,573787,킹메이커,영화,KR,123.0,,"세상을 바꾸기 위해 도전하는 정치인 김운범 앞에 그와 뜻을 함께하고자 선거 전략가 서창대가 찾아온다. 열세인 상황 속에서 서창대는 아무도 상상하지 못한 선거 전략을 펼치고 김운범은 선거에 연이어 승리하며, 당을 대표하는 대통령 후보까지 올라서게 된다. 대통령 선거를 향한 본격적인 행보가 시작되고 그들은 당선을 위해 총력을 기울인다. 그러던 중 김운범 자택에 폭발물이 터지는 사건이 발생하고 용의자로 서창대가 지목되면서 둘의 관계는 새로운 국면을 맞이하게 되는데..."
450,1168166,괴담만찬,영화,KR,117.0,,"욕망에 눈먼 이들이 겪는 죽음보다 더한 공포를 그린 <괴담만찬>은 댄스 챌린지, 입시, 모텔, 헬스장, 연구실, 먹방 등 1020 Zalpha 세대들에게 익숙한 소재에 얽힌 괴담들을 담은 영화"
451,602288,여고괴담 여섯번째 이야기: 모교,영화,KR,108.0,,"은희가 교감으로 부임한 모교의 폐쇄된 화장실에서 기이한 사건사고가 연이어 발생한다. 폐쇄된 화장실을 아지트로 사용하던 여고생 하영과 소연은 아무도 없는 화장실에서 울려 퍼지는 허밍을 듣고, 귀신의 존재를 믿게 된다. 우연히 발견한 화분을 단서로 이 미스터리에 은희가 연관됐다고 추측하는 하영. 부임 후 환영과 환청으로 불안과 두려움에 떨고 있던 은희 또한 화장실 거울 속에서 흉측한 모습의 여고생을 목격하고 자신을 모교로 불러들인 것이 그 소녀라고 확신하고 그 정체를 밝히려고 하는데..."
452,140380,26년,영화,KR,135.0,,"광주 수호파 중간보스 곽진배, 국가대표 사격선수 심미진, 서대문소속 경찰 권정혁, 5. 18 민주화운동 희생자 2세라는 공통 분모를 가진 세 사람이 한 자리에 모였다. 그들을 불러 모은 보안업체 대기업 회장 김갑세와 그의 비서 김주안의 제안은 바로 ‘그 사람’을 타겟으로 한 극비 프로젝트. 진배는 무력도발로 연희동을 자극시킨다. 그러나 김갑세가 광주 시민들을 제압하던 계엄군이었고 그의 총검에 아버지가 죽었다는 사실을 알게 되면서 팀은 균열이 생긴다. 미진은 홀로 서대문 사거리에서 ‘그 사람’의 차량에 뛰어들어 사격을 가한다. 마지막 한발, 성공의 순간 터져버린 총 때문에 부상당한 미진은 뒤늦게 달려온 진배의 도움으로 탈출하지만, 정혁은 충격을 받고 사라진다. 마침내 그날, 저격 위치를 확보한 미진과 경찰 병력을 저지할 진배 일행, 그리고 김갑세와 주안은 탁실장을 이용하여 검문을 통과하고 드디어 연희동 저택 안으로 들어간다. 한편, 서대문경찰서 최계장의 집요한 추적으로 암살 작전의 실체가 밝혀지고 경호실장인 마상렬의 명령으로 연희동 안팎은 빠르게 진압된다. 미진에게까지 포위망은 좁혀지고 사라졌던 정혁이 나타나 작전을 저지하는데..."
453,41441,불꽃처럼 나비처럼,영화,KR,124.0,,"차가운 궁궐 생활과 시아버지와의 정치적 견해 차이로 하루도 안심할 수 없는 나날들을 보내던 자영은 자객 무명이 지켜주고 있음을 알게 되면서 따뜻함을 느끼게 된다. 하지만, 일본의 외압과 그로부터 조선을 지키기 위한 자영의 외교가 충돌하면서 그녀를 향한 무명의 사랑 또한 광풍의 역사 속으로 휩쓸리게 되는데…"
454,379880,오빠생각,영화,KR,123.0,,"전쟁으로 소중한 가족도, 지켜야 할 동료도 모두 잃은 군인 한상렬. 우연히 전출 명령을 받아 머물게 된 부대 내에서 부모를 잃고 홀로 남은 아이들을 만나게 된다. 아이들의 해맑은 모습에 점차 마음을 열게 된 그는 자원봉사자 선생님 박주미와 함께 어린이 합창단을 만들어 노래를 가르치기 시작하고, 이들의 노래는 언제 목숨을 잃을지 모르는 전쟁 한가운데 놓인 모든 이들의 마음을 울리기 시작하는데..."
455,336053,무뢰한,영화,KR,118.0,,"범인을 잡기 위해선 어떤 수단이든 다 쓸 수 있는 형사 정재곤. 그는 사람을 죽이고 잠적한 박준길을 쫓고 있다. 그를 잡을 수 있는 유일한 실마리는 박준길의 애인인 김혜경. 재곤은 정체를 숨긴 채 혜경이 일하고 있는 단란주점 마카오의 영업상무로 들어간다. 하지만, 재곤은 준길을 잡기 위해 혜경 곁에 머무는 사이 퇴폐적이고 강해 보이는 술집 여자의 외면 뒤에 자리한 혜경의 외로움과 눈물, 순수함을 느낀다. 오직 범인을 잡는다는 목표에 중독되어 있었던 그는 자기 감정의 정체도 모른 채 마음이 흔들린다. 그리고 언제 연락이 올 지도 모르는 준길을 기다리던 혜경은, 자기 옆에 있어주는 그에게 마음을 열기 시작한다."
456,321191,허삼관,영화,KR,124.0,,"돈 없고, 대책 없고, 가진 것도 없지만 뒤끝만은 넘치는 남자 허삼관. 마을 절세미녀 허옥란에 한눈에 반하지만 이미 그녀에겐 하소용이란 남자가 있다는 청천벽력 같은 소식을 듣게 된다. 하지만 여기서 포기하면 허삼관이 아니다! 온갖 물량공세로 마침내 결혼승낙을 받아낸 삼관은 보고만 있어도 배부른 세 아들 일락, 이락, 삼락을 낳고 행복한 하루하루를 보낸다. 하지만 시간이 흐를수록 마을에는 삼관의 행복을 위협하는 흉흉한 소문이 퍼져간다. 바로 큰 아들 일락이 허삼관이 아닌 하소용을 닮아간다는 것! 일락이 자신의 아들이란 사실을 입증하기 위해 마을 사람들을 모두 모은 삼관. 그리고 현장에 막 도착한 일락의 혈액형 검사결과를 발표하는데..."
457,226673,뽀로로 극장판 슈퍼썰매 대모험,영화,KR,77.0,,슈퍼썰매 챔피언이라는 꿈을 간직한 뽀로로와 친구들은  허풍쟁이 배달왕 거북이들로부터 챔피언이 되기 위해 특별훈련을 받게 된다.  그리고 난생 처음으로 뽀롱마을을 떠나 얼음나라 '노스피아'로 꿈을 이루기 위한 대모험을 떠난다.  그러나 언제나 모두를 괴롭히는 악당 불곰 푸푸의 계략으로 위기에 빠지게 되는데......
458,49213,우리 형,영화,KR,112.0,,"1990년대 후반, 한 고등학교.. 같은 반에 연년생 형제가 재학중이다. 잘생긴 얼굴에 싸움까지 잘하는 '싸움 1등급' 동생-종현(원빈)과 한없이 다정하고 해맑은 '내신 1등급' 형-성현(신하균). 어린시절부터 형만 편애하던 어머니(김해숙) 때문에 17년째 교전중이던 형제는 어느날, 두형제가 동시에 인근지역 최고 퀸카-미령(이보영)에게 반하면서 2라운드에 돌입한다.  형제간에 그동안 참아왔던 감정이 폭발하며 대판 싸운 날, 성현은 그동안 동생에게 하지 못했던 말을 한다. “종현아! 내가 소원이 하나있는데.. 형이라고 한번만 불러줄래? 한번도 들어본 적이 없어서..."" 태어나 한번도 형을 형이라 부르지 않았던 동생과 동생이 자신의 첫사랑과 사귀는게 부러웠던 만큼, 자신만을 향한 어머니의 사랑이 부담스러웠던 만큼.. ...그만큼 동생에게 미안했던 형. 하지만 끝끝내 종현은 성현을 형이라 불러주지 않는데..."
459,374111,히말라야,영화,KR,125.0,,"해발 8,750 미터 히말라야 에베레스트 데스존  인간의 접근을 허락하지 않은 신의 영역  그곳에 우리 동료가 묻혀있다.  산 아래 하나였고, 또 다른 가족이었던 사람들  생을 마감한 후배 대원의 시신을 찾기 위해 기록도, 명예도, 보상도 없는 가슴 뜨거운 여정을 시작한다.  그 누구도 시도하지 않았던 위대한 도전  엄홍길 대장과 휴먼원정대의 감동 실화가 공개된다!"
460,107434,러브픽션,영화,KR,121.0,,"완벽한 여인을 찾아 헤맨 나머지 31살 평생 제대로 된 연애 한번 해 보지 못한 소설가 구주월. 그런 그의 앞에 모든 게 완벽한 여인 희진이 나타난다. 첫 눈에 그녀의 포로가 되어 버린 주월은 모든 수단을 동원하여 희진을 자신의 여자로 만들기 위해 애쓴다. 그런 주월의 순수하고 귀여운 모습에 희진도 조금씩 마음을 열기 시작한다.  드디어 시작된 그녀와의 연애! 그녀를 위해서라면 목숨도 아깝지 않은 주월은 끓어오르는 사랑과 넘치는 창작열에 마냥 행복하기만 하다. 그러나 시간이 갈수록 그녀의 괴상한 취미, 남다른 식성, 인정하기 싫은 과거 등 완벽할 거라고만 생각했던 희진의 단점이 하나 둘씩 마음에 거슬리기 시작하는데..."
461,45089,혈의 누,영화,KR,119.0,,"19세기, 조선시대 후반,  제지업을 기반으로 성장한 외딴 섬마을 동화도.  어느 날 조정에 바쳐야 할 제지가 수송선과 함께 불타는 사고가 벌어지고.  사건 해결을 위해 수사관 원규 일행이 동화도로 파견된다.  섬에 도착한 第 一 日,  화재사건의 해결을 서두르던 원규 일행 앞에 참혹한 살인 사건이 일어난다.  범인을 알 수 없는 살인 사건과 혈우가 내렸다는 소문에 마을 사람들은  7년 전, 온 가족이 참형을 당한 강 객주의 원혼이 일으킨 저주라 여기며 동요하기  시작한다.  그리고.....  사건 해결을 위해 냉철하게 추리해 나가던 원규 앞에  참혹한 또 다른 연쇄 살인 사건이 이어진다.  불길한 섬에 고립된 원규 일행은 살인범의 자취를 찾지 못한 채  광기어린 마을 사람들의 분위기에 궁지로 내몰리고....  제지소 주인의 아들 인권은 흉흉한 마을 분위기를 강압적인 태도로 일관하며  원규와 끊임없이 대립하기만 한다.  여기에 참형 당한 강객주에게 은혜를 입었던 두호의 등장과  자신 역시 연쇄 살인 사건과 필연으로 이어져 있음을 알게 된 원규는  점점 더 깊은 혼란에 빠지게 되는데..."
462,603314,블랙머니,영화,KR,113.0,,"일명 서울지검 ‘막프로’! 검찰 내에서 거침없이 막 나가는 문제적 검사로 이름을 날리는 양민혁은 자신이 조사를 담당한 피의자가 자살하는 사건으로 인해 하루 아침에 벼랑 끝에 내몰린다. 억울한 누명을 벗기 위해 내막을 파헤치던 그는 피의자가 대한은행 헐값 매각사건의 중요 증인이었음을 알게 된다. 근거는 의문의 팩스 5장! 자산가치 70조 은행이 1조 7천억원에 넘어간 희대의 사건 앞에서 양민혁 검사는 금융감독원, 대형 로펌, 해외펀드 회사가 뒤얽힌 거대한 금융 비리의 실체와 마주하게 되는데…"
463,91596,댄싱퀸,영화,KR,124.0,,"왕년의 신촌 마돈나 정화 앞에 댄스 가수가 될 수 있는 일생 일대의 기회가 찾아온다. 하지만 오랜 꿈을 향한 도전의 설렘도 잠시, 남편 정민은 ‘서울 시장 후보로 출마하게 되었다!’고 폭탄 선언을 한다. 서울 시장 후보의 부인과 화려한 댄싱퀸즈의 리더 사이에서 남편도 모르는 위험천만, 다이나믹한 이중생활이 시작되는데..."
464,544089,명당,영화,KR,126.0,,"땅의 기운을 점쳐 인간의 운명을 바꿀 수 있는 천재 지관 박재상은 명당을 이용해 나라를 지배하려는 장동 김씨 가문의 계획을 막다 가족을 잃게 된다. 13년 후, 복수를 꿈꾸는 박재상 앞에 세상을 뒤집고 싶은 몰락한 왕족 흥선이 나타나 함께 장동 김씨 세력을 몰아낼 것을 제안한다. 뜻을 함께하여 김좌근 부자에게 접근한 박재상과 흥선은 두 명의 왕이 나올 천하명당의 존재를 알게 되고, 서로 다른 뜻을 품게 되는데…"
465,52414,고死 두 번째 이야기: 교생실습,영화,KR,84.0,,"“올해도 전교 1등부터 30등까지 생활관에서 특별보충수업을 한다.”  명문 사립 우성 고등학교는 여름 방학이 시작되면, 전교 1등부터 30등까지 생활관 특별 수업을 받게 된다. 전교 1등이자 우성고 최고의 엄친딸 지윤, 고교 야구선수 킹카 관우, 내성적이고 말이 없는 세희, 전직 고교 수영선수 나래, 로얄 스터디 그룹의 만년 2등 수일, 예민한 성격으로 성적 강박증을 가지고 있는 현아, 교내 스타 커플 용란과 JK 등 엘리트 학생 30명, 그리고 이들의 담임 선생님인 차선생과 새로 부임해 온 교생 선생님 은수가 학교에 남게 되었다. 첫 날의 수업이 끝나고 어느덧 밤 12:00. 갑자기, 조용한 독서실에서 찢어질 듯한 비명소리가 들려오고, 그 순간 천장에서 온 몸이 묶인 채 끔찍하게 살해 된 시체가 떨어진다. 그리고 교내 스피커를 통해서 들려오는 목소리…  “지금부터 특별반 여러분을 대상으로 시험을 치르겠습니다.  지금부터 여러분 중에서 한 명씩 죽어나가게 될 것입니다”  아비규환의 상태에 빠진 아이들, 학교를 빠져 나가보려고 하지만, 이미 밖으로 통하는 모든 문은 잠겨진 상태. 생활관을 나가기 위해 온갖 수단을 동원해보지만 피할 수도, 맞설 수도 없는 상황,"
466,593959,뽀로로 극장판 보물섬 대모험,영화,KR,80.0,,"뽀로로와 친구들의 스펙터클 보물찾기 어드벤처! 전설 속 보물을 찾아 떠난 뽀로로와 친구들은 우연히 손에 넣은 지도를 따라 신비의 보물섬에 도착한다.  그곳에서 사라진 실버 선장을 만나 비밀을 간직한 보물섬의 수수께끼를 풀어내지만, 악당 블랙 선장과 보물섬의 괴물로 인해 위기에 빠지는데... 과연 뽀로로와 친구들은 전설의 보물을 찾을 수 있을까?"
467,108972,화차,영화,KR,117.0,,"결혼 한 달 전, 부모님 댁에 내려가던 중 휴게소에 들른 문호와 선영. 커피를 사러 갔다 온 문호를 기다리고 있는 건 문이 열린 채 공회전 중인 차 뿐이다. 꺼져있는 휴대폰, 흔적도 없이 그녀가 사라졌다.  그녀를 찾기 위해 전직 강력계 형사인 사촌 형 종근에게 도움을 청한 문호. 하지만 가족도 친구도 없는 그녀의 모든 것은 가짜다. 실종 당일, 은행잔고를 모두 인출하고 살던 집의 지문까지 지워버린 선영의 범상치 않은 행적에 단순 실종사건이 아님을 직감하는 종근은 그녀가 살인사건과 연관되어 있음을 알아낸다.  그녀는 과연 누구였을까? 그녀의 정체에 다가갈수록 점점 더 충격적인 진실들이 밝혀지기 시작 하는데…"
468,1148558,아마존 활명수,영화,KR,113.0,,"전 양궁 국가대표 메달리스트였지만 지금은 구조조정 1순위 진봉. 회사에서 준 마지막 기회를 잡기 위해 아마존으로 향한다. 죽을 고비를 넘기고 도착한 아마존. 그곳에서 만난 신이 내린 활 솜씨의 아마존 전사 3인방 시카, 이바, 왈부! 살 길을 찾았다고 생각한 진봉은 한국계 볼레도르인 통역사 빵식과 함께 활의 명수 3인방을 데리고 한국으로 향하는데... 이제 진봉의 부활은 아마존 3인방에 달려있다!"
469,81460,푸른소금,영화,KR,120.0,,"전설로 불리던 조직 세계를 떠나 식당 하나 차려서 평범하게 살고 싶은 남자, 두헌. 그를 감시하라는 의뢰를 받고 그에게 접근하기 위해 요리학원에 나타난 여자, 세빈. 과거를 숨기고 싶은 두헌과 정체를 숨겨야만 하는 세빈은 서로를 속인 채 조금씩 가까워진다. 두헌이 조직 보스의 후계자로 거론되자 조직 내 분열이 일기 시작한다. 그리고 세빈은 그를 죽이라는 새로운 임무를 받는다. 두헌의 일거수일투족을 감시하면서 저격할 기회를 노리는 세빈. 하지만 자신도 모르는 사이에 마음이 흔들리고, 두헌은 마침내 세빈의 정체를 알게 되는데..."
470,229878,공범,영화,KR,95.0,,15년 전 대한민국을 충격에 빠뜨린 故 한채진 군 유괴살인사건!  공소시효를 앞두고 '다은'은 실제 범인의 목소리에서 세상에서 가장 익숙한 아빠의 존재를 느끼고 그의 과거를 추적하기 시작한다. 파헤치면 파헤칠수록 '다은'은 혼란에 휩싸이고 평생 자신을 위해 모든 것을 바쳐 온 아빠에 대한 잔인한 의심은 커져만 가는데...
471,344476,극비수사,영화,KR,107.0,,"한 아이가 유괴된 후, 수사가 시작되고 아이 부모의 특별 요청으로 담당이 된 공길용 형사는 아이를 보호하기 위해 극비 수사를 진행하기로 한다. 한편, 가족들은 유명한 점술집을 돌아다니며 아이의 생사여부를 확인하지만 이미 아이가 죽었다는 절망적인 답만 듣게 되고, 마지막으로 도사 김중산을 찾아간다.  아이의 사주를 풀어보던 김도사는 아직 아이가 살아있고, 보름 째 되는 날 범인으로부터 첫 연락이 온다고 확신한다. 보름째 되는 날, 김도사의 말대로 연락이 오고, 범인이 보낸 단서로 아이가 살아있음을 확신한 공형사는 김도사의 말을 믿게 된다. 하지만 한 달이 지나도록 수사는 진전되지 않고, 모두가 아이의 생사 보다 범인 찾기에 혈안이 된 상황 속에 공형사와 김도사 두 사람만이 아이를 살리기 위한 수사를 계속 진행하는데…"
472,214209,숨바꼭질,영화,KR,107.0,,"고급 아파트에서 완벽한 가정을 꾸리고 사는 성공한 사업가 성수는 하나 뿐인 형에 대한 비밀과 지독한 결벽증을 갖고 있다. 그는 형의 실종 소식을 듣고 수십 년 만에 찾아간 형의 아파트에서 집집마다 새겨진 이상한 암호와 형을 알고 있는 주희 가족을 만난다. 어린 딸과 단 둘이 살고 있는 주희는 자신의 집을 훔쳐보는 누군가의 존재를 느끼며 두려움에 떨고 있다. 낡은 아파트의 암호를 찬찬히 살펴보던 성수는 그것이 그 집에 사는 사람의 성별과 수를 뜻하는 것을 알게 된다. 형의 아파트를 뒤로한 채 자신의 안락한 집으로 돌아온 그 날, 성수는 형의 아파트에서 봤던 암호가 자신의 집 초인종 옆에서 새겨진 것을 발견하는데..."
473,17593,영화는 영화다,영화,KR,112.0,,"영화를 촬영하던 배우 장수타는 액션씬에서 욱하는 성질을 참지 못해 상대 배우를 폭행, 영화는 제작 중단 위기에 처한다. 또한 어떤 배우도 깡패 같은 배우 수타의 상대역에 나서지 않아 궁지에 몰린다. 그는 궁여지책으로 룸싸롱에서 사인을 해주며 알게 된 조직폭력배 넘버 투 이강패를 찾아가 영화 출연을 제의한다. 누구도 모르게 영화 배우의 꿈을 갖고 있었던 강패는 수타의 제안에 흥미를 느끼며 출연에 응하는 대신 한가지 조건을 내건다. 액션씬은 연기가 아닌 실제 싸움을 하자는 것! 배우가 안되었으면 깡패 못지 않은 싸움 실력을 갖추었을 것이라 자신하는 수타 역시 이 조건을 받아들이고, 두 사람의 치열한 전쟁과도 같은 영화 촬영이 시작되는데..."
474,882580,크리스마스 캐럴,영화,KR,131.0,,"크리스마스 아침, 쌍둥이 동생 월우가 죽은 채로 발견된다.  단순 사고로 사건이 종결되자, 형 일우는 복수를 결심하고 월우와의 마지막 통화에서 들렸던 목소리를 찾아 스스로 소년원에 들어간다. 그곳에서 동생을 돌봐주던 상담교사 조순우의 도움을 받으며 비밀을 숨기고 있는 손환과 자신을 없애려는 문자훈, 그리고 무자비한 힘으로 군림하는 교정교사 한희상까지 폭력에 맞서 목숨을 건 싸움을 계획하는데…"
475,38053,효자동 이발사,영화,KR,116.0,,"어느 날 밤. 청와대 뒤 북악산에 간첩이 잠입한다. 제 아무리 무서운 간첩이라 해도 생리적 욕구는 어쩔 수 없는 법, 갑작스런 설사병에 쭈그리고 앉아 변을 보던 간첩들은 마침 순찰을 돌던 군인에게 들켜 한바탕 총격전이 벌어진다. 이 사건을 계기로 정부에서는 설사병을 간첩에 의해 전염된 불순한 병으로 규정한다. 일명 ‘마루구스’ 병!  이에 설사만 했다 하면 동네사람들끼리도 서로 의심하여 고발하는 웃지 못할 상황이 펼쳐지는데... 하필 이런 때 성한모의 아들, 낙안이마저 줄줄 물똥을 싼다. 불안해진 성한모, 우리 아들은 간첩이 아니라며 낙안이를 제 손으로 경찰서에 데려가고, 간첩엔 애어른도 없다고, 어린 나이에 간첩 용의자가 되어버린 낙안은 중앙정보부 고문실로 끌려간다. 설상가상으로 이 기회에 성한모를 이용해 장혁수를 제거하고 권력을 독차지하려는 음모를 품은 박종만은 어린 낙안마저 고문하여 성한모 부자를 ‘마루구스’ 병으로 검거하려 하는데…"
476,610249,멍뭉이,영화,KR,113.0,,"동생 같은 반려견 루니를 위해 정시 퇴근에 진심인 민수. 결혼을 앞둔 그에게 닥친 견주 인생 조기 로그아웃 위기! 야심 차게오픈한 카페는 말아먹고 인생 자체가 위기인 사촌형 진국, 민수의 다급한 SOS에 고심하다 새 집사 면접을 제안하게 되고.완벽한 집사를 찾기 위해 제주도로 향하는 두 형제의 여정에 느닷없는 멍뭉이들의 등장이 이어지는데..."
477,1104331,폭설,영화,KR,77.0,,강릉의 예술 고등학교를 다니는 열아홉 배우 지망생 수안. 어느 날 폭설처럼 갑자기 다가온 아역배우 출신 스타 설이를 만나 서로 마음을 나누며 특별한 존재가 되지만 사소한 오해로 멀어지게 된다. 어느덧 어른이 되어 어엿한 배우가 된 수안은 설이를 향한 사무치는 그리움에 겨울바다로 돌아가서 기억 속 설이를 다시 찾아 나선다.
478,221518,스파이,영화,KR,121.0,,"대한민국 최고의 스파이 김철수. 하지만 마누라 영희 앞에만 서면 쩔쩔 매는 대한민국의 평범한 남편이기도 하다. 아무도 모르게 나랏일을 하는 탓에, 출장을 밥 먹듯이 하는 철수. 하필이면 2세를 만들기 위해 받아 놓은 D-day에 의문의 테러가 발생해, 진상 파악을 위한 태국 출장 명령을 받게 된다. 위험천만한 작전지를 종횡무진하는 철수. 그런데, 그 곳에서 철수의 레이더망에 들어온 건 다름 아닌 마.누.라! 심지어 그녀는 모든 작전지마다 위험하게 잘생긴 의문의 사나이와 함께 나타나 철수의 애간장을 태운다. 한편, 남편의 정체를 모르는 스튜어디스 영희는 그런 남편 때문에 폭발 직전! 홧김에 비행 스케줄을 바꿔 태국으로 간다. 그곳에서 우연히 만난 꽃미남 라이언과 달콤한 시간을 보내며 철수의 전화도 받지 않고 핑크빛 환상에 빠지는데…"
479,1064205,대가족,영화,KR,107.0,,"자수성가 맛집의 근본, SNS 없던 시절부터 줄 서 먹던 노포 맛집 평만옥의 사장 무옥은 대를 이을 줄 알았던 외아들 문석이 승려가 되어 출가한 이후 근심이 깊어 간다. 자신의 대에서 끊겨버릴 예정인 가문을 걱정하던 가운데 어느 날, 평만옥에 문석이 자신의 아빠라며 방문한 어린 손님들! 끊길 줄 알았던 가문의 대를 잇게 생긴 무옥은 난생 처음 맛보는 행복을 느끼고 문석은 승려가 되기 이전의 과거를 되짚다 그만 충격적인 사실을 알게 되는데…"
480,564863,말모이,영화,KR,135.0,,"1940년대 우리말이 점점 사라져가고 있는 경성. 극장에서 해고된 후 아들 학비 때문에 가방을 훔치다 실패한 판수. 하필 면접 보러 간 조선어학회 대표가 가방 주인 정환이다. 사전 만드는데 전과자에다 까막눈이라니! 그러나 판수를 반기는 회원들에 밀려 정환은 읽고 쓰기를 떼는 조건으로 그를 받아들인다. 돈도 아닌 말을 대체 왜 모으나 싶었던 판수는 난생처음 글을 읽으며 우리말의 소중함에 눈뜨고, 정환 또한 전국의 말을 모으는 ‘말모이’에 힘을 보태는 판수를 통해 ‘우리’의 소중함에 눈뜬다. 얼마 남지 않은 시간, 바짝 조여오는 일제의 감시를 피해 ‘말모이’를 끝내야 하는데…"
481,36329,파주,영화,KR,111.0,,"금지된 마음 그리고 숨겨진 진실 엇갈린 운명에 흔들리는 남자와 소녀 그들이 펼치는 파란의 러브스토리! 2003 년 3월, 그녀가 돌아왔다 몇 해 동안의 인도 여행을 마치고 고향, 파주로 돌아온 최은모는 언니의 사고사가 자신이 알고 있던 사실과 다르다는 것과 언니의 남편인 김중식이 자신 앞으로 보험금을 남겨놓았다는 소식을 듣게 된다. 1996년 봄, 그가 나타났다 은모의 언니, 최은수가 서울에서 온 대학생 김중식을 좋아하기 시작할 때부터 은모는 중식.."
482,1535977,"미스터김, 영화관에 가다",영화,KR,104.0,,"팬데믹 이후 급변한 영화 생태계 속에서 감독은 직접 카메라를 들고 한국과 일본, 대만, 인도네시아 등 아시아 여러 나라의 극장과 영화제를 순례한다. 그리고 그곳에서 만난 여러 영화인들로부터 극장과 영화에 대한 기억과 현재의 고민을 듣는다. 이창동, 박찬욱, 봉준호, 고레에다 히로카즈, 차이밍량, 가린 누그르호 등 국내외의 주요 영화인들도 기꺼이 그의 카메라 앞에서 영화와 극장에 대한 자신의 생각과 고민을 들려준다. 극장의 현재를 살펴보기 위해 시작된 여정은 영화에 대한 정서적 기록으로 나아가고 결국 영화관의 본질과 영화의 지속 가능성을 성찰하는 소중한 기회를 제공한다."
483,546768,메기,영화,KR,88.0,,성관계를 하는 엑스레이 사진이 발견되면서 병원은 발칵 뒤집힌다. 간호사 여윤영은 사진의 주인공이 자신과 남자친구일지 모른다고 생각한다. 병원을 그만둬야 할 수도 있다고 생각하고 출근을 하는데 막상 병원에선 더 심각한 일들이 벌어진다.
484,18372,그녀를 믿지 마세요,영화,KR,115.0,,"깜찍한 외모, 순수한 미소, 유려한 말솜씨..100% 완벽美를 자랑하는 그녀, 영주. 하지만 그녀 본색은 고단수 사기경력으로 별을 달고 있는 터프걸. 영주는 가석방 심사를 탁월한 연기력으로 가볍게 통과한다. 출감하자마자 영주는 유일한 혈육인 언니결혼선물로 준비해둔 목공예 기러기 한쌍을 들고 부산행 기차에 오르는데.  한편, 용강마을 약사인 희철 역시 여친에게 프로포즈할 반지를 들고 부산으로 가던 중 영주를 만나게 된다. 첫 만남부터 영주에게 치한으로 오인 받아 죽도록 맞는 것도 모자라 낯선 남자에게 반지까지 소매치기 당한 희철. 가석방 중인 영주는 도둑으로 몰리지 않기 위해 다시 반지를 찾아주려 하지만 이 와중에 그녀의 짐 가방과 희철의 반지가 뒤바뀌고 만다.  잃어버린 가방을 찾아야 한다는 일념 하에 용강마을에 들어선 영주. 하지만 한번 꼬인 것이 어디 쉽게 풀리랴. 희철의 가족들은 반지를 가지고 나타난 영주를 희철의 애인으로 오인하고 진실을 밝히기엔 뒤가 깨림직한 그녀는 결국 약혼녀 연기에 돌입하고 만다.  여친에게 프로포즈도 못하고 집으로 돌아온 희철은 영주의 의도치 않은 사기극에 분노하지만 이미 한발 늦은 상태. 희철은 가족 뿐 아니라 마을 사람들에게 순진한 여인을 버린 파렴치한으로 찍히고 마침내 집에서 쫓겨나는 신세가 된다. 이제 영주와 희철, 진실과 거짓의 대결이 본격적으로 시작되는데..."
485,731684,공기살인,영화,KR,107.0,,"봄이 되면 나타났다 여름이 되면 사라지는 죽음의 병. 공기를 타고 대한민국에 죽음을 몰고 온 살인무기의 실체를 밝히기 위한 그들의 사투. 증발된 범인, 피해자는 증발되지 않았다!"
486,972435,너와 나,영화,KR,118.0,,"수학여행 전날,  세미는 그녀의 가장 친한 친구 하은이 죽는 불길한 꿈을 꾼다. 두려움에 휩싸인 샘은 최근 자전거 사고로 병원에 입원한 하은에게 달려가 함께 수학여행을 가자고 한다. 두 소녀는 여행을 위한 돈을 벌기 위해 하은의 캠코더를 팔기로 결심한다. 캠코더를 팔러 가는 길, 샘은 자신이 느끼는 하은에 대해 감정과 하은의 마음이 다를지도 모른다는 깊은 불안을 느낀다. 그녀는 하은을 둘러싼 사람들에게 질투심을 보이고 결국 그녀를 지치게 만든다. 둘이 크게 다툰 후, 하은은 사라지고 세미는 그녀를 찾아 헤매게 된다."
487,37502,천군,영화,KR,106.0,,"남북한 공동으로 극비리에 개발한 핵무기 비격진천뢰가 미국측에 양도되기로 결정된다. 이에 불만을 품은 북한장교 강민길은 핵물리학자 김수연을 납치, 비격진천뢰를 연구소에서 빼내 탈출을 시도한다. 그때, 433년 만에 지구를 지나는 엄청난 혜성이 한반도 상공을 통과하는데... 강민길 일행과 그를 추적하던 남한장교 박정우 일행은 압록강에서 대치중, 갑작스런 회오리 돌풍과 함께 흔적도 없이 사라진다."
488,995063,웅남이,영화,KR,98.0,,"태초에 마늘과 쑥을 100일 동안 먹고, 곰에서 사람이 된 최초의 인물이 있었으니 그 이름 웅녀… 아니 웅남이??!! 인간을 초월한 능력을 가졌지만 얼마 남지 않은 곰의 수명을 우연히 알게 된 충격에 경찰을 그만두고 빈둥빈둥 곰생인생을 살게 된다. 하지만 자신과 머리부터 발끝까지 똑같이 생긴 테러 조직의 2인자가 있다는 사실을 알게 되고, 엄마의 소원인 경찰 복귀를 위해 형사, 구독자 10명의 유튜버, 동네 순경과 공조하여 국제 범죄 조직을 소탕하는 공조 수사대에 합류하게 되는데…"
489,359460,탐정: 더 비기닝,영화,KR,120.0,,"국내 최대 미제살인사건 카페를 운영하는 파워블로거 강대만은 아기 돌보랴, 만화방 운영하랴, 부인 눈치 보랴 일상에 치여, '셜록'급의 추리력은 당최 쓸 데가 없다. 유일한 낙은 경찰서 기웃거리며 수사에 간섭하기! 광역수사대 출신 레전드 형사 노태수는 형사 뺨치는 실력의 대만이 눈엣가시 같기만 하다.  그러던 어느 날, 친구이자 강력계 형사인 준수가 살인 사건의 범인으로 체포되고, 그의 누명을 벗기기 위해 두 사람은 어쩔 수 없이 비공식 합동추리작전을 시작한다. 그렇게 사사건건 부딪히기만 하던 그들 앞에 두 번째 살인사건이 일어나는데…"
490,331251,스물,영화,KR,115.0,,"아무것도 하지 않는 잉여의 삶을 지향하는 인기절정의 백수, 만화가가 되겠다는 꿈을 위해 쉴 틈 없이 준비하는 생활력 강한 재수생, 대기업 입사가 목표인 최강 스펙의 엄친아이지만 술만 마시면 돌변하는 새내기 대학생까지. 인생의 가장 부끄러운 순간을 함께 한 스무살 동갑내기 세 친구의 자체발광 코미디!"
491,417199,미씽: 사라진 여자,영화,KR,100.0,,"이혼 후 육아와 생계를 혼자 책임져야 하는 워킹맘 지선은 헌신적으로 딸을 돌봐주는  보모 한매가 있어 늘 다행이라고 생각한다. 어느 날, 퇴근 후 집에 돌아온 지선은 보모 한매와 딸 다은이가 흔적도 없이 사라져 버린 것을 알게 된다. 지선은 뒤늦게 경찰과 가족에게 사실을 알리지만 아무도 그녀의 말을 믿지 않고, 오히려 양육권 소송 중 일으킨 자작극으로 의심한다.  결국 홀로 한매의 흔적을 추적하던 지선은 집 앞을 서성이는 정체불명의 남자와 주변 사람들의 이상한 증언들로 더욱 혼란에 빠지게 되고,  그녀의 실체에 가까워질수록 이름, 나이, 출신 등 모든 것이 거짓이었다는 충격적인 진실을 알게 되는데..."
492,333713,헬머니,영화,KR,108.0,,"고삐리 일진부터 디스전문래퍼, 자갈치 할매, 욕쟁이 경찰, 지하철 막말녀 등  전국 각지 욕의 고수들이 한자리에 모여 레전드를 가릴 욕 배틀이 펼쳐진 가운데,  세상사는 맛을 욕 안에 모두 녹여낸 남다른 이빨(?)의 소유자  답답한 세상, 욕으로 풀어줄 지옥에서 온 할매 ‘헬(Hell)머니’가 온다!"
493,257331,우아한 거짓말,영화,KR,117.0,,"“동생이 죽었다. 하지만 아무도 이유를 알지 못한다...”  마트에서 일하며 생계를 책임지고 있지만 언제나 주책 맞을 정도로 쿨하고 당당한 엄마 현숙. 남의 일엔 관심 없고, 가족 일에도 무덤덤한 시크한 성격의 언니 만지. 그런 엄마와 언니에게 언제나 착하고 살갑던 막내 천지가 어느 날 갑자기 세상을 떠난다. 세 가족 중 가장 밝고 웃음 많던 막내의 갑작스런 죽음에 현숙과 만지는 당황하지만, 씩씩한 현숙은 만지와 함께 천지가 없는 삶에 익숙해 지기 위해 애쓴다.  그러던 어느 날, 우연히 천지의 친구들을 만난 만지는 가족들이 몰랐던 숨겨진 다른 이야기, 그리고 그 중심에 천지와 가장 절친했던 화연이 있음을 알게 된다. 아무 말 없이 떠난 동생의 비밀을 찾던 만지는 빨간 털실 속 천지가 남기고 간 메시지가 있음을 알게 되는데…"
494,138665,용의자X,영화,KR,110.0,,"한 천재 수학자의 완벽한 알리바이가 시작된다!  천재로 알려졌었지만 현재는 고등학교 수학교사로 평범하게 살아가고 있는 석고(류승범)는 어느 날 옆집에 이사온 화선(이요원)이 우발적으로 전 남편을 죽인 것을 알게 된다. 석고는 남몰래 지켜봤던 그녀를 위해 완벽한 알리바이를 설계하고 놀랍게도 화선은 거짓말 탐지기까지 통과하며 용의선상에서 점점 멀어져 간다. 하지만 이 사건의 담당형사인 민범(조진웅)은 동물적인 감각으로 화선이 범인이라 확신하고 그녀를 집요하게 추적하기 시작한다. 과연, 천재 수학자 석고가 세운 알리바이는 그녀를 구할 수 있을까?"
495,269340,역린,영화,KR,135.0,,"정조 1년, 끊임없는 암살 위협에 시달리며 밤에도 잠을 이루지 못하는 정조. 정조가 가장 신임하는 신하 상책은 그의 곁을 밤낮으로 그림자처럼 지킨다. 날이 밝아오자 할마마마 정순왕후에게 아침 문안인사를 위해 대왕대비전으로 향하는 정조. 왕의 호위를 담당하는 금위영 대장 홍국영과 상책이 그의 뒤를 따른다. 노론 최고의 수장인 정순왕후는 넌지시 자신의 야심을 밝히며 정조에게 경고한다. 정조의 처소 존현각에는 세답방 나인 월혜가 의복을 수거하기 위해 다녀가고, 정조의 어머니 혜경궁이 찾아와 ‘지난 밤 꿈자리가 흉했다’며 아들의 안위를 걱정한다. 한편 궐 밖, 조선 최고의 실력을 지닌 살수는 오늘 밤 왕의 목을 따오라는 광백의 암살 의뢰를 받게 되는데…"
496,437083,7년의 밤,영화,KR,123.0,,"인적이 드문 세령마을의 댐 관리팀장으로 부임을 앞둔 최현수. 가족이 지낼 사택을 보러 가는 날, 안개가 짙게 깔린 세령마을 입구에서 길을 잃고 헤매던 중 갑자기 뛰어나온 여자 아이를 쳐 교통사고를 낸다. 너무 놀란 최현수는 한 순간의 잘못된 선택으로 호수에 아이를 유기한다. 아이의 실종으로 마을은 발칵 뒤집혀 수색 작업이 시작되고, 결국 싸늘한 주검으로 돌아온 딸을 보자 광기 어린 분노에 사로잡힌, 마을 대지주이자 아이의 아버지 오영제. 사고가 아니라 사건이라고 판단한 그는 직접 범인을 찾기 위해 증거를 모으기 시작한다."
497,366093,도리화가,영화,KR,109.0,,"금기를 깨는 자는 목숨이 위태로운 혼돈의 조선 말기. 조선 최초의 판소리학당 동리정사의 수장 신재효 앞에 소리가 하고 싶다는 소녀 진채선이 나타난다. 어릴 적 부모를 잃고 우연히 듣게 된 신재효의 아름다운 소리를 잊지 못한 채 소리꾼의 꿈을 품어 온 채선. 그러나 신재효는 여자는 소리를 할 수 없다는 이유로 채선의 청을 단호히 거절한다.  채선은 포기하지 않고 남장까지 불사하며 동리정사에 들어가지만 신재효는 그녀를 제자로 인정하지 않는다. 하지만 흥선대원군이 개최하는 전국의 소리꾼을 위한 경연 ‘낙성연’의 소식이 들려오고 신재효는 춘향가의 진정한 소리를 낼 수 있는 단 한 사람 남자는 결코 흉내 낼 수 없는 소리를 지닌 채선을 받아들이기로 결심한다. 그리고 채선이 여자임이 발각되면 모두가 죽음을 면치 못하는 위험 속, 채선에게 자신의 모든 것을 가르치는데…"
498,20969,작업의 정석,영화,KR,100.0,,"작업계의 대표선수 민준과 지원이 만났다. 선수는 선수를 알아보는 법! 작업계의 고수로 소문난 이들에게 민준과 지원은 결코 호락호락한 상대가 아니다. 보통 남녀에게 하는 방법으로 슬쩍 서로를 떠보는 우리의 작업남녀! 하지만 이들에게 평범한 작업버전이 통할 리 없다. 드디어, 그 동안 갈고 닦은 비장의 작업기술을 실전 테스트해볼 상대를 만난 민준과 지원의 작업대결은 슬슬 달아오르기 시작한다.  드디어 적수를 만났다를 외치며 쾌재를 불렀던 두 사람. 치밀한 물 밑 작업을 거쳐 본격 작업 대결에 들어간 민준과 지원이건만, 백발백중 먹혔던 그들의 작업은 자꾸만 삑사리를 친다. 절대지존으로써 작업 내공은 무너질대로 무너지고 최고의 작업 선수라는 자부심마저 흔들리기 시작할 때! 자신만만 지원의 화려한 작업 노하우도, 여유만만 민준의 노련한 작업 테크닉도, 자연스러운 마음의 움직임을 당해낼 비법은 없음을 어렴풋이 깨달아가기 시작한다.  하지만, 진정한 프로는 승부를 보기 전까진 경기를 멈추지 않는 법. 작업의 진검승부를 펼치는 마지막 승자는 누가 될 것인가? 그리고 수많은 작업에서 살아남은 자에게만 주어지는 로맨스의 달콤함을 그들도 누릴 수 있는 걸까?"
499,488372,역모: 반란의 시대,영화,KR,103.0,,1728년 영조 4년.  내금위 사정에서 의금부 포졸로 좌천당한  조선 최고의 검 '김호'는  왕좌를 노리는 역적 '이인좌'와 왕을 제거하려는 어영청 5인방 무사집단이 역모를 꾸미고 있다는 사실을 알게 된다.  하지만 이미 궁궐 안은 간신배들로 가득하고  '김호'는 홀로 역적에 맞서 왕을 지켜야만 하는데...  역사 속에 기록되지 않은 최후의 대결이 시작된다!
500,783111,행복의 나라,영화,KR,105.0,,"1979년 10월 26일, 대통령 암살 사건에 연루된 정보부장 수행비서관 박태주의 변호를 맡으며 대한민국 최악의 정치재판에 뛰어든 법정 개싸움 일인자 정인후. 정인후는 군인 신분 때문에 단 한번의 선고로 형이 확정되는 박태주가 정당한 재판을 받을 수 있도록 고군분투 하지만, 불공정하게 진행되는 재판 과정에 분노를 터뜨린다. 사건 발발 30분 전, 정보부장으로부터 무슨 일이 생기면 경호원들을 제압하라는 명령을 받은 박태주. 그의 행동이 내란의 사전 공모인지, 위압에 의한 명령 복종인지가 법정의 쟁점으로 떠오른다. 정인후는 박태주가 빠져나갈 수 있는 증언을 제안하지만, 박태주는 신의를 저버릴 수 없다는 자세로 일관한다. 한편, 10.26을 계기로 위험한 야욕을 품은 합수부장 전상두. 그는 자신만만한 정인후를 조롱하듯 재판을 감청하며, 재판부에 실시간으로 쪽지를 건네 사실상 재판을 좌지우지하는데…"
501,1484919,베베핀 극장판: 사라진 베베핀과 핑크퐁 대모험,영화,KR,65.0,,"베베핀이 태블릿 속으로 사라졌어요! 사라진 베베핀을 찾아 보라와 브로디가 떠난 핑크퐁 나라! 유니콘과 티렉스 만나기, 해적왕 되기, 아기상어와 숨바꼭질까지… 그동안 꿈꿔온 모든 상상이 이루어지는 곳! 그런데… 마법에 꼭 필요한 핑크퐁의 별빛봉을 베베핀이 가져갔어요! 보라와 브로디는 핑크퐁과 함께 태블릿 배터리가 닳기 전 동생을 찾아 엄마와 아빠의 곁으로 돌아갈 수 있을까요? 모두의 꿈이 이루어지는 상상의 나라로, 한여름 밤의 모험 출발!"
502,18302,취화선,영화,KR,120.0,,"1850년대, 청계천 거지 소굴 근처에서 거지패들에게 죽도록 맞고있던 어린 승업을 김병문이 구해주고 승업은 맞은 내력을 설명하며 김선비에게 그림을 그려보인다. 세도정치에 편승하지 않고 새로운 세상을 꿈꾸던 김선비. 거칠지만 비범한 승업의 실력을 눈여겨보고. 5년만에 재회한 승업을 엘리트이자 역관 이응헌에게 소개하는데. 승업에게 진정한 예술가의 자세를 추구할 것을 독려하고 선대의 명화가들처럼 훌륭한 화가가 되라는 뜻에서 오원이라는 호를 지어준 김선비는 승업의 피드백 역할을 해주는 평생의 조언자였고 그런 승업은 행운아였다. 이응헌의 집에서 머슴살이를 하면서 그림의 안목을 키워가는 중 이응헌의 여동생 소운에게 한눈에 반해버리지만 가슴 설레는 첫사랑은 소운의 결혼으로 끝나고. 화가로 자리잡기 시작할 무렵 병을 앓던 소운이 죽어가며 자신의 그림을 청한다는 이야기를 듣고 달려가는데..."
503,64931,조선명탐정: 각시투구꽃의 비밀,영화,KR,115.0,,"정조 16년, 공납 비리를 숨기려는 관료들의 음모를 짐작한 정조는 조선 제일의 명탐정에게 사건의 배후를 찾으라는 밀명을 내린다. 수사 첫날부터 자객의 습격을 받은 명탐정은 개장수 서필의 도움으로 위기를 모면하게 되고, 서필과 함께 사건의 결정적 단서인 각시투구꽃을 찾아 적성으로 향하게 된다. 그 곳에서 그들은 조선의 상단을 주름잡으며 사건의 열쇠를 쥐고 있는 한객주를 만나게 되는데…"
504,85550,극장전,영화,KR,89.0,,"옛날 영화를 보러 갔다. 종로 어느 극장 앞, 한 남자가 있다. 그의 이름은 김동수이다. 그는 지금 막 영화 한 편을 보고 나왔다. 오늘 하루가 왠지 남다를 것 같다. 영화 때문인지, 영화를 만든 선배 감독 때문인지는 아직 모르겠다. 극장 앞, 영화 속 여주인공을 마주치다. 극장 앞, 영화 속 여주인공이 지나간다. 그 여배우의 이름은 최영실이다. 햇살이 눈부시다. 여배우 영실은 인파 속으로 사라졌다. 동수는 동창 한 명을 우연히 만난다. 그 역시 선배의 영화를 보러 왔다고 한다. 저녁 때 있을 선배를 위한 동창회 후원모임 이야기도 빼놓지 않는다. 사실 선배는 지금 투병 중이다. ‘가야하나? 말아야 하나?’ 동수는 일단 동창과 헤어져 무작정 종로 길을 걷는다. 저 멀리 여중생들에게 사인을 해주고 있는 여배우 영실이 다시 보인다…. 동수는 그녀를 뒤따라가 본다. 영화 속에 등장했던 안경점에서 멈추는 영실. ‘그녀 역시 방금 영화를 본 탓일까?’ 조심스럽게 다가가 그녀에게 말을 건네보니 의외로 살갑게 대해준다. 극장 앞, 영화 속 여주인공을 마주친 한 남자의 영화 같은 하루가 시작된다…"
505,952476,악마들,영화,KR,105.0,,"아무런 동기도, 흔적도 없이 이어지는 연쇄 살인. 살인마의 손에 소중한 동료이자 가족을 잃은 형사 재환은 증오에 휩싸여 그의 뒤를 쫓는데 몰두한다. 어느 날, 살인마 진혁과 추격전 끝에 병실에서 눈을 뜬 재환. 알 수 없는 이유로 진혁과 몸이 뒤바뀐 것을 확인하고, 진혁은 가족을 인질 삼아 재환을 협박한다. 결국 살인마의 몸으로 살인마를 잡기 위해 다시 한번 목숨 건 추격을 시작하는 재환. “아니, 진짜 게임은 지금부터야.”"
506,581394,1947 보스톤,영화,KR,108.0,,"1936년 베를린 올림픽, 세계 신기록을 세운 마라톤 금메달리스트 손기정. 기미가요가 울려 퍼지는 시상대에서 화분으로 가슴에 단 일장기를 가렸던 그는 하루아침에 민족의 영웅으로 떠올랐지만 일제의 탄압으로 더 이상 마라톤을 할수 없게 된다. 광복 이후 1947년 서울, 제2의 손기정으로 촉망받는 서윤복에게 손기정이 나타나고 밑도 끝도 없이 보스톤 마라톤 대회에 나가자는 제안을 건넨다. 일본에 귀속된 베를린 올림픽의 영광을 되찾기 위해 처음으로 태극마크를 가슴에 새기고 달려 보자는 것! 운동화 한 켤레 살 돈도 없던 대한의 마라토너들은 미국 보스톤으로 잊을 수 없는 여정을 시작하는데…"
507,451914,임금님의 사건수첩,영화,KR,114.0,,"모든 사건은 직접 파헤쳐야 직성이 풀리는 총명한 왕 예종. 그를 보좌하기 위해 학식, 가문, 외모(?)는 물론 한 번 본 것은 절대 잊지 않는 비상한 재주까지 겸비한 신입사관 이서가 임명된다. 하지만 의욕과 달리 어리바리한 행동을 일삼던 이서는 예종의 따가운 눈총을 한 몸에 받으며 고된 궁궐 생활을 시작한다. 때마침 한양에 괴이한 소문이 돌기 시작하고, 예종은 모든 소문과 사건이 심상치 않음을 직감한다. 예종과 이서는 모든 과학적 지식과 견문을 총동원, 괴소문의 실체를 파헤치기 위해 나서는데…"
508,605193,정직한 후보,영화,KR,104.0,,"국민들 앞에서는 서민의 일꾼을 자처하는 둘도 없이 청렴하고 믿음직한 국회의원처럼 보이지만, 실상은 서민을 자신의 일꾼으로 여기며 4선 당선을 위해서라면 거짓말을 옵션이 아닌 필수로 여기는, 거짓말이 제일 쉬운 국회의원 주상숙에게 청천벽력이 떨어진다. 선거를 앞둔 어느 날 하루아침에 거짓말은 1도 할 수 없는 진실의 주둥이를 갖게 된 것. 최고의 무기인 거짓말을 잃자 그녀의 인생은 송두리째 흔들리게 되는데…"
509,180651,전설의 주먹,영화,KR,153.0,,"학창시절, 화려한 무용담들을 남기며 학교를 평정했던 파이터들 중 진짜 최강자는 누구였을까?  한때 ‘전설’이라 불렸던 그들이 맞붙어 승부를 가리는 TV파이트 쇼 ‘전설의 주먹’.  세월 속에 흩어진 전국 각지의 파이터들이 하나 둘씩 등장하고, 쇼는 이변을 속출하며 뜨겁게  달아오른다. 그리고 화제 속에 등장한 전설의 파이터 세 사람에 전국민의 시선이 집중된다."
510,1169340,씬,영화,KR,102.0,,"실험적 요소로 내로라하는 해외 유수 영화제에서 이름을 알린 유명 감독 ‘휘욱’은 춤을 소재로한 새로운 작품 촬영을 위해 신인 배우 ‘시영’, ‘채윤’과 함께 폐교 옥상에서 촬영을 시작한다. 파격적이고 거친 동작의 춤사위로 촬영이 시작되자 이내 배우와 제작진들은 오묘한 기운에 휩싸이고 촬영 현장은 순식간에 아비규환이 되어 버린다. 그리고, 깨어나지 말아야할 존재 ‘그것’과 마주하게 되는데…"
511,437078,침묵,영화,KR,125.0,,"재력과 사랑, 세상을 다 가진 남자 임태산. 모든 것이 완벽히 행복하다 믿었던 그 날, 약혼녀이자 유명 가수인 유나가 살해 당하고, 용의자로 딸 임미라가 지목된다. 세간의 이목이 집중된 사건. 임태산은 그날의 일을 기억하지 못하는 딸을 무죄로 만들기 위해 자신만의 방식으로 사건을 쫓기 시작한다. 그리고 최고의 변호인단을 마다한 채, 미라의 무죄를 믿고 보듬어줄 젊은 변호사 최희정을 선임한다. 미라가 기억하지 못하는 시간을 둘러싼 치열한 법정 공방, 하지만 사라진 그날의 CCTV 영상을 갖고 있는 유나의 팬 김동명의 존재가 드러나며 사건은 예상치 못한 방향으로 흘러가는데..."
512,1005533,빈틈없는 사이,영화,KR,112.0,,"가수의 꿈을 위해 오디션을 준비 중인 승진. 죽마고우 친구들과 발품 팔아 구한 방에서 첫날 밤을 보내려는 순간, 어디선가 들려오는 한 맺힌 여인의 울음소리! 소리의 정체는 바로, 방음이 전혀 안 되는 집 때문에 다양한 방법으로 이사 오는 족족 옆집을 내쫓았던 라니의 방해 공작! 하지만 승진은 호락호락한 상대가 아니었다! 벽 너머를 오가는 기상천외한 소음전쟁 끝에, 시간을 나눠 쓰는 동거 아닌 동거가 시작되고! 이름도, 얼굴도 모르는 서로의 일상을 공유하며 점점 미묘한 감정에 사로잡히는데…"
513,511883,바람 바람 바람,영화,KR,100.0,,"끝도 없이 사랑 받고 싶은 철부지 어른들이 온다.  20년 경력을 자랑하는 ‘바람’의 전설 석근은 SNS와 사랑에 빠진 여동생 미영의 남편 봉수를 ‘바람’의 세계로 인도한다. 하지만 세 사람 앞에 나타난 치명적인 매력의 소유자 제니의 등장으로 네 사람의 인생은 걷잡을 수 없이 꼬여만 가고.. 갈수록 환장, 들키면 끝장  뭘해도 외로운  어른들을 위한 코미디가 온다!"
514,49087,이끼,영화,KR,162.0,,"도시 생활에 염증을 느껴왔던 해국은 20년간 의절한 채 지내온 아버지 유목형의 부고 소식에 아버지가 거처해 온 시골 마을을 찾는다. 그런데 오늘 처음 해국을 본 마을 사람들은 하나같이 해국을 이유 없이 경계하고 불편한 눈빛을 던지는데...  아버지의 장례를 마치고 마련된 저녁식사 자리. 마치 해국이 떠나는 것을 축하하기 위해 모인 것 같은 마을사람들에게 해국은 '서울로 떠나지 않고 이 곳에 남아 살겠노라' 선언을 한다. 순간, 마을 사람들 사이에는 묘한 기류가 감돌고, 이들 중심에 묵묵히 있던 이장은 그러라며 해국의 정착을 허한다. 이장 천용덕의 말 한마디에 금세 태도가 돌변하는 마을사람들. 겉보기에는 평범한 시골 노인 같지만, 섬뜩한 카리스마로 마을의 모든 것을 꿰뚫고 있는 듯한 이장과 그를 신처럼 따르는 마을 사람들. 해국은 이곳 이 사람들이 모두 의심스럽기만 한데..."
515,1252499,스트리머,영화,KR,67.0,,
516,571632,미성년,영화,CN,95.0,,"같은 학교 2학년 주리와 윤아가 학교 옥상에서 만났다. 최근 주리의 아빠 대원과 윤아의 엄마 미희 사이에 벌어진 일을 알게 된 두 사람. 이 상황이 커지는 것을 막고 싶은 주리는 어떻게든 엄마 영주 몰래 수습해보려 하지만 윤아는 어른들 일에는 관심 없다며 엮이지 않으려 한다. 그 때, 떨어진 주리의 핸드폰을 뺏어든 윤아는 영주의 전화를 받아 그 동안 감춰왔던 엄청난 비밀을 폭로해 버리고, 이를 본 주리는 멘붕에 빠지게 되는데…"
517,385137,봉이 김선달,영화,KR,121.0,,"천재적 지략과 당대 최고의 뻔뻔함! 두둑한 배포에 수려한 외모까지 갖춘 희대의 천재사기꾼 김선달(유승호). 신출귀몰, 나타났다 하면 전설을 만들어 내는 김선달은 늘 인생 최고의 판을 기다린다.  그는 위장 전문 보원(고창석), 복채 강탈 전문 윤보살(라미란), 사기 꿈나무 견이(시우민)과 함께 온갖 기상천외한 사기 행각을 벌이며 조선 최고의 사기패로 조선 팔도에서 명성을 떨친다.  조선에서 가장 비싼 값에 거래된다는 담파고(담배) 탈취라는 새로운 판을 준비하던 그들은, 그 배후에 당대 최고의 권력가 성대련(조재현)이 있음을 알게 되고, 그를 속이기 위해 ‘주인 없는 대동강’을 미끼로 인생 최대의 판을 꾸미게 되는데…"
518,529859,변산,영화,KR,123.0,,"발렛 파킹, 편의점 아르바이트로 빡센 청춘을 보내지만, 쇼미더머니 6년 개근의 열정을 불태우는 무명 래퍼 학수 a.k.a 심뻑. 또 다시 예선 탈락을 맞이한 인생 최악의 순간, 한 통의 전화를 받고 잊고 싶었던 고향 변산으로 향한다. 짝사랑 선미의 꼼수에 제대로 낚여 고향에 강제로 소환된 학수. 징글징글하게 들러 붙는 옛 친구들로 인해 지우고 싶었던 흑역사는 하나, 둘 떠오르고 하루 빨리 고향을 뜨고 싶었던 학수는 예측 불허의 사건들을 겪으면서 인생 최대 위기를 맞이하게 되는데..."
519,941045,화사한 그녀,영화,KR,121.0,,인생 역전 한방을 꿈꾸는 화사한 작전꾼 지혜. 매번 허당한 실력으로 허탕만 치던 그녀에게 600억이라는 일생일대의 기회가 찾아왔다. 실패는 사치다!라는 모토 아래 영혼까지 끌어 모은 마지막 작전을 시작하는데…
520,892856,여타짜,영화,,96.0,,"인생 역전을 꿈꾸며 도박을 시작한 ‘미미’. 어느 날 밤, 정체불명의 괴한의 습격으로 눈 앞에서 가족을 잃는다.  사건 현장에서 발견된 포커 카드를 입수한 ‘미미’는 수소문 끝에 비밀리에 운영되는 하우스 도박판 전용 카드임을 알아채고 배후를 찾기 위해 도박장에 입성한다.  내로라하는 선수들만 모인 그 곳, 미스터리한 타짜 ‘오자와’를 만나며 평범했던 ‘미미’의 삶은 송두리째 뒤바뀐다. 그 어떤 것도 예측할 수 없는 포커판에서 두 사람은 인생 최대 위기를 겪으며 목숨이 오가는 거대한 판에 뛰어드는데…"
521,1244810,아메바 소녀들과 학교괴담: 개교기념일,영화,KR,91.0,,"영화감독이 꿈인 지연과 친구들은 우연히 방송반 캐비닛에서 1998년에 촬영 된 비디오테이프를 보게 된다. 그 날 이후, 지연과 친구들은 동시에 기이한 현상을 겪고, 비디오테이프의 정체를 쫓다 학교괴담을 알게 되는데…"
522,575752,항거: 유관순 이야기,영화,KR,105.0,,"1919년 3.1 만세운동 후 세평도 안 되는 서대문 감옥 8호실 속, 영혼만은 누구보다 자유로웠던 유관순과 8호실 여성들의 1년의 이야기. 한 명의 청춘이 겪었던 당대의 어려움, 삶 자체의 시대적 고민을 가지고 있는 사람들의 대변인. 인간 유관순의 고뇌와 삶에 대한 태도를 그린다."
523,373855,극적인 하룻밤,영화,KR,107.0,,"각자 전 애인 결혼식장에서 만난 정훈과 시후. 술잔을 기울이며 실연의 고통을 함께 나누던 두 사람은 몸까지 나누는 극적인 하룻밤을 보내고 만다. 하지만 이대로 끝내기엔 너무나 기막혔던 하룻밤!  “딱 몸친, 거기까지만. 열 개 다 채우고 빠이빠이. 어때?”  시후는 커피 쿠폰 10개 채울 때까지, 딱 아홉 번만 더 자자는 당돌한 제안을 하고, 속타는 연애에 지친 연애 ‘을(乙)’ 정훈과 시후의 ‘섹’다른 만남이 시작된다. 하지만 쿠폰 도장이 늘어갈수록 두 사람의 마음은 미묘해 지고, 시후의 전 남친 준석(박병은)은 자꾸 시후 곁을 맴돌며 정훈의 심기를 건드린다.  연애 ‘을(乙)’ 정훈과 시후, 원나잇 쿠폰 열 번 찍고 약속대로 쿨하게 굿바이 할 수 있을까?"
524,32170,여고괴담 4: 목소리,영화,KR,104.0,,"음산한 소리로 가득 찬 성원여고 지하 기계실. 영언과 선민은 이곳을 비밀 아지트로 삼은 둘도 없는 단짝 친구다. 교내 방송반 아나운서를 맡을 정도로 활기찬 선민과 달리 영언은 뛰어난 노래 실력 외에는 눈에 띄지 않는 조용한 아이. 늦은 밤, 텅 빈 음악실에 홀로 남아 노래 연습을 하는 영언의 노래 사이로 낯선 목소리가 끼어든다. 잿빛 교정을 감싸는 아름다운 화음의 노래 소리. 그 날 밤, 영언이 살해된다.  지루한 아침 조회시간, 선민은 영언의 빈자리가 계속 맘에 걸린다. 점심 방송을 진행하던 선민은 애타게 자신을 부르는 영언의 목소리를 듣는다. 하지만 비좁은 방송 부스 안에는 오직 선민 뿐! 선민은 실체 없는 영언의 목소리에 그만 그 자리에서 기절하고 만다. 선민은 영언의 목소리가 오직 자신에게만 들린다는 사실이 두렵지만, 목소리만 남은 친구를 외면 할 수 없다. 그러나 어젯밤 쓰러졌다던 엘리베이터 앞은 물론 학교 어느 곳에서도 영언의 흔적은 찾을 수 없고... 고심하던 선민은 평소 영언에게 각별한 관심을 보였던 음악 선생 희연을 의심한다. 그 날 밤, 영언과 함께 음악실을 찾은 선민. 깜깜한 음악실, 보면대 사이를 헤집던 선민은 첼로 줄에 목 맨 희연 선생의 시체와 마주하고 경악한다.  잇따른 의문의 사건들로 선민은 영언의 목소리를 들을 수 있다는 사실이 점점 더 두렵다. 혼란스러워하는 선민에게 같은 반 초아가 다가선다. 어릴 적부터 귀신의 소리를 들을 수 있었다고 고백하는 초아. 초아 역시 죽은 영언의 목소리를 듣고 있었던 것이다. 선민은 초아의 뜻밖의 행동에 적잖이 당황하면서도, 자신의 고민을 나눌 수 있는 상대가 생겼다는 사실에 위로 받는다. 그 무렵 학교 엘리베이터 통로에서는 목이 찢긴 영언의 시신이 발견되고, 선민에게 들리는 영언의 목소리가 기괴하게 변해 가는데..."
525,422545,사랑하기 때문에,영화,KR,110.0,,"사랑하는 그녀에게 고백하러 가던 날,  갑작스러운 사고로 사랑에 서툰 사람들의 몸에  들어갈 수 있는 뜻밖의 능력을 가지게 된  작곡가 이형. 여고생 K양을 시작으로 이혼위기 P씨, 모태솔로 노총각 Y씨  첫사랑만 찾는 치매할머니 K씨까지!  유일하게 자신의 비밀을 알아챈 4차원 소녀  스컬리)의 도움으로 인생 최대의 위기를 기회로 바꿔보기로 한다.  이형은 과연 인생 최고의 순간을 맞이할 수 있을 것인가?"
526,180252,연애의 온도,영화,KR,112.0,,"헤어져,  라고 말하고 모든 것이 더 뜨거워졌다.  직장동료 동희와 영은 3년차 비밀연애커플.  남들 눈을 피해 짜릿하게 사랑했지만 오늘, 헤어졌다.  다음날 아침, 직장동료로 다시 만난 두 사람.  서로의 물건을 부숴 착불로 보내고, 커플 요금을 해지하기 전 인터넷 쇼핑으로 요금 폭탄을 던지고. 심지어는 서로에게 새로운 애인이 생겼다는 말에 SNS 탐색부터 미행까지!  헤어져, 라고 말한 후에 모든 것이 새롭게 시작되었다.  헤어지고 다시 시작된 들었다 놨다 밀었다 당겼다,  사랑할 때보다 더 뜨거워진 동희와 영.  연애가 원래 이런 건가요?"
527,616670,인생은 아름다워,영화,KR,122.0,,무뚝뚝한 남편 진봉과 무심한 아들딸을 위해 헌신하며 살아온 세연은 어느 날 자신에게 시간이 얼마 남지 않았다는 것을 알게 된다. 한치 앞도 알 수 없는 인생에 서글퍼진 세연은 마지막 생일 선물로 문득 떠오른 자신의 첫사랑을 찾아달라는 황당한 요구를 한다. 막무가내로 우기는 아내의 고집에 어쩔 수 없이 여행길에 따라나선 진봉은 아무런 단서도 없이 이름 석자만 가지고 무작정 전국 방방곡곡을 누빈다. 시도 때도 없이 티격태격 다투던 두 사람은 가는 곳곳마다 자신들의 찬란했던 지난날 소중한 기억을 하나 둘 떠올리는데...
528,114661,연애의 목적,영화,KR,121.0,,"고등학교 영어교사 '유림'은 한 살 연상의 미술교생 '홍'에게 호시탐탐 수작을 건다. 너무도 당당하게 '연애'를 요구하는 유림은 일면 귀엽고, 일면 능청스럽고, 일면 약아빠졌다. 파트너쉽을 핑계로 단둘이 갖게 된 술자리에서 유림은 기회를 틈타 솔직하게 고백한다. ""같이 자고 싶어요!"" 그런데 이 여자 홍도 만만치 않다. ""나랑 자려면 50만원 내요."" 서로간의 밀고 당기는 줄다리기가 반복 되면서 그들은 어느새 '연애'에 진입하게 된다. 그리고 목적 없던 연애에 '목적'이 생기면서 그들의 연애는 골치아파 진다. 과연, 그들의 연애의 목적은?"
529,1071662,사채소년,영화,KR,105.0,,"존재감도, 빽도, 돈도 없는 서열 최하위 '강진'. 일진들의 괴롭힘에 시달리며 최악의 학교 생활을 이어가던 중 우연한 기회로 사채업자 '랑'에게 동업을 제안받게 된다. 학업에 지친 학생들의 마음을 사랑으로 채워주는 '사채'. '랑'에게 전수받은 특별한 기술을 활용해 학생들에게 돈을 빌려주는 고교사채왕이 된 '강진'은 자신을 괴롭히던 일진 '남영'까지 돈으로 짓밟으며 단숨에 학교 서열 최강자에 등극한다. 짝사랑하는 '다영'과도 가까워지며 꿈같은 시간을 보낸 것도 잠시, 고교사채왕 '강진'의 자리를 위협하는 사람들이 나타나기 시작하는데..."
530,572988,나랏말싸미,영화,KR,109.0,,"문자와 지식을 권력으로 독점했던 시대. 모든 신하들의 반대에 무릅쓰고, 훈민정음을 창제했던 세종의 마지막 8년. 나라의 가장 고귀한 임금 ‘세종’과 가장 천한 신분 스님 ‘신미’가 만나 백성을 위해 뜻을 모아 나라의 글자를 만들기 시작한다. 모두가 알고 있지만 아무도 모르는 한글 창제의 숨겨진 이야기! 1443, 불굴의 신념으로 한글을 만들었으나 역사에 기록되지 못한 그들의 이야기가 시작된다."
531,500378,조선명탐정: 흡혈괴마의 비밀,영화,KR,120.0,,"기이한 불에 사람들이 타 죽는 미스터리한 사건이 계속되자 명탐정 김민과 파트너 서필이 다시 뭉친다.  그러던 중 사건 현장에서 자꾸 의문의 여인과 마주치게 되고,  직감적으로 그녀와 사건이 관련되어 있음을 느낀 명탐정 콤비는 의문의 여인과 함께 사건을 쫓기 시작한다.  범인이 남긴 단서들로 다음 목표물을 찾아낸 세 사람,  하지만 정체를 알 수 없는 남자 흑도포와 의문의 자객들이 세 사람의 수사를 방해하기 시작하는데…  모든 귀(鬼)들의 힘이 가장 세지는 보름!  만월에 열리는 달맞이 연회에 일어날 다섯 번째 살인을 막아라!"
532,760510,추억의 검정고무신,영화,KR,80.0,,"영화티켓이 10원, 소 한 마리가 5만원 하던 시절. 장난꾸러기 기영, 기철 형제 가족의 평범하고도 특별한 일상이 펼쳐진다."
533,40580,순정만화,영화,KR,113.0,,"연애 전략과는 거리가 먼 수줍은 서른 살 연우, 연애 경험이 전혀 없는 터프한 여고생 수영. 새로운 연애를 시작할 용기가 없는 스물아홉 하경, 짝사랑 때문에 애타는 연하남 강숙. 예상하지 못한 순간, 상상도 못한 상대에게 빠져버린 네 남녀가 만들어가는 서툴러서 더욱 특별한 연애 이야기."
534,18371,동갑내기 과외하기,영화,KR,110.0,,"아버지의 실직으로 닭집 딸이 된 수완(김하늘 분), 대학 2학년인 그녀는 등록금을 위해 고액과외를 뛴다. 책상 밑으로 거울을 들이밀며 그녀의 치맛 속이나 궁금해 하는 골칫덩이들과의 험난한 대결, 불의를 참을 수 없는 그녀는 오늘도 과외 7일만에 짤리는 사고(?)를 치고 만다. 그러나 ""과외 없으면 등록금도 없다""를 외치는 엄마 등쌀에 또다시 과외전선으로 뛰어든 그녀, 마침내 막강 난적 지훈(권상우 분)을 만나게 된다.  벼락부자집 장남, 싸움꾼에, 학교 '짱'에, 고등학교를 2년 꿇은(?) 전적 화려한 동갑내기 제자 지훈... 첫 만남부터 반말은 기본이고 수업시간 내내 담배를 피워대는 지훈에게 질려버린 수완, 그만 두기엔 또 사고 치고 엄마 볼 면목이 없고 어떻게든 기선을 제압하려 두 팔 걷어 붙여 보지만 지훈의 적시타 한 방에 나가 떨어지고 만다. 그렇게 시작된 동갑내기 과외 수업, 그러나 그 둘 주변엔 심상찮은 사건들이 꼬리에 꼬리를 물기 시작하는데..."
535,32159,사생결단,영화,KR,116.0,,"3만명의 고객이 우글거리는 황금 구역을 관리하는 마약 중간 판매상 이상도는 최고급 오피스텔에서 살며 폼나게 즐기는 인생이다. 그러나 마약계 거물 장철을 잡겠다는 집념에 사로잡힌 미치광이 형사 도경장 경장에게 약점을 잡히면서 잘나가던 상도의 인생에 브레이크가 걸린다. 결국 도경장의 협박에 못 이겨 함정수사에 협조한 상도. 그러나 도경장은 함정수사가 실패로 돌아가자 대신 상도를 감옥에 넣어버린다.  장철의 행방이 손에 잡힐 듯 가까워지자 도경장은 출소한 상도를 다시 찾는다. 뒤를 봐줄테니 다시 한 번 손을 잡자고 청하는 도경장. 그러나 이미 도경장 때문에 감옥에서 8개월을 보낸 상도는 호락호락 넘어오지 않는다. 도경장의 비호 아래 칼부림을 벌여 잃었던 영업구역을 되찾은데 이어 도경장에게 거액의 사업 자금까지 뜯어낸 상도. 결국 장철의 조직에 들어가 자유롭게 장사하는 것을 도경장이 눈감아 주는 대가로 정보를 넘겨주기로 한다.  장철에게 최고 형량을 받게 하기 위해서 마약 유통의 핵심인 제조 현장을 덮쳐야만 하는 도경장. 그러나 장사에 눈이 팔린 상도가 3개월이 지나도 아무런 정보를 넘겨주지 않자 그의 분노는 극에 달한다. 자신을 보호해 주겠다는 도경장의 각서를 받아낸 후에야 제조 교수의 행방을 알려주는 상도. 한편 도경장이 장철과 교수가 만나는 현장을 덮치기 위해 잠복근무에 들어간 사이 상도는 천문학적 액수에 달하는 장철의 마약을 빼돌린다.  그러나 장철과 교수가 만나는 현장을 덮친 도경장은 뜻밖의 존재와 부딪히고, 장철의 몰락을 틈타 단숨에 전국을 장악하려던 상도의 야망 역시 예상 밖의 장애물을 만나게 된다. 각자의 먹이를 향해 이빨을 드러내고 달려들던 두 남자의 ‘사생결단’은 결국 예상치 못했던 최후를 향해 달려가는데..."
536,574840,"어쩌다, 결혼",영화,KR,87.0,,"재산을 물려받기 위해서는 결혼을 꼭 해야만 하는 성석. 엄마와 세 오빠의 결혼 압박에서 벗어나 나만의 인생을 찾고 싶은 해주. 부모님의 등쌀에 못 이겨 나간 맞선 자리에서 만나게 된 둘은 각자의 목적을 달성하기 위해 딱! 3년간만 결혼하는 ‘척’하기로 계약한다. 하지만 두 사람의 결혼 준비가 진행될수록 방해꾼들은 늘어만 가고, 넘어야 할 산이 한두 개가 아닌데… 결혼하는 척, 같이 사는 척, 딱! 3년만 하는 척! 척! 과연 두 사람의 ‘하는 척’은 성공할 수 있을까?"
537,30843,서양골동양과자점 앤티크,영화,KR,109.0,,"단 것은 질색하면서 손님이 대부분 여자라는 이유만으로 케이크 가게를 차린 엉뚱한 사장 진혁. 한적한 주택가 골목길에 자리잡은 서양골동품점을 개조해, 몇 백만 원짜리 앤틱 식기에 케이크를 담아 내오고 새벽 2시까지 영업을 하는 별난 케이크숍 ‘앤티크’를 오픈하고 업계 최고라 불리는 파티쉐 선우까지 영입한다. 그런데 선우는 하필이면 고교시절 진혁에게 사랑을 고백해왔던 껄끄러운 동창생! 거기다 누구나 첫눈에 반하게 만드는 ‘마성의 게이’로 끊임없이 남자 문제를 일으키는 통에 몇 달째 직원조차 구하기 힘들다. 결국 선우의 케이크 맛에 홀딱 반한 케이크광 기범이 주방 보조이자 견습생으로 들어오고, 진혁을 도련님이라고 부르며 그림자처럼 따라다니는 보디가드 수영이 서빙을 맡게 된다. 마침내 본격적인 영업을 시작한 앤티크는 잘생긴 남자들만 모인 케이크숍으로 입소문이 나면서 연일 성업이다. 그런데 이 네 남자, 멀끔한 겉모습들과는 달리 무언가 수상하다! 남자들과는 거침없이 복잡한 연애를 즐기는 마성의 게이 선우가 어찌된 일인지 여자 앞에만 서면 벌벌 떠는 심각한 여성공포증이 있고, 곱상한 외모와는 정반대로 거친 성격의 기범은 알고 보니 최연소 동양챔피언이었던 전직 복서로 밝혀지고, 몸짱 보디가드 수영은 허우대가 무색한 사고뭉치로 오히려 늘 진혁의 보살핌을 받고 있다. 가장 의뭉스런 일은 수다쟁이 호색한 진혁이 가족만 나타나면 품행 방정한 재벌 2세 도련님으로 돌변하는 것인데…! 겉만 보곤 도저히 알 수 없는 알쏭달쏭 네 남자, 다들 무슨 사연일까?"
538,16606,주유소 습격사건,영화,KR,117.0,,"전직 야구선수 노마크, 무식하지만 무식하단 말을 제일 싫어하는 무대포, 음악이 없으면 심심한 가수 지망생 딴따라, 화가 지망생인 뻬인트. 이들 심심하고 할 일 없는 청춘 4명이 주유소를 털었다. 그것도 전에 털었던 주유소를. 왜? 그냥, 심심하니까. 경보기를 달자던 건빵 의 말을 무시하고 돈 밖에 모르던 사장 은 아르바이트 생들과 함께 2층에 감금당하고, 사장이 숨겨 놓은 돈을 찾지 못한 4명은 주유소를 점거한다. 주유소 안에 가득 넘치는 기름을 팔아서 돈을 벌려고"
539,1448256,Panggil Aku Ayah,영화,ID,120.0,,
540,379887,좋아해줘,영화,KR,123.0,,SNS라는 새로운 매체를 통해 각기 다른 세 커플의 사랑 이야기를 그린 로맨틱 코미디 옴니버스 영화. 잘 나가는 작가와 더 잘 나가는 스타. 사랑 잃은 노총각과 집 잃은 노처녀. 연애 초짜 작곡가와 밀당 고수 PD. 대책 없이 ‘좋아요’를 누르다가 진짜 좋아져버린 내 생애 가장 설레는 로맨스. 사랑이 고픈 여섯 싱글 남녀가 SNS 정복에 나섰다. 원하는 건 단 하나! 나 좀 좋아해 달라고.
541,483295,박화영,영화,KR,99.0,,"박화영의 집에 모인 모두는 매일 라면을 먹고, 매번 담배를 피우고 동갑인 화영을 ‘엄마’라고 부른다. 화영에게는 단짝인 무명 연예인 친구 미정이 있다. 미정은 또래들의 우두머리인 남자친구 영재를 등에 업고 친구들 사이에서 여왕으로 군림한다. 화영을 이용하고 괴롭히는 영재는 화영과 미정, 둘의 사이가 마땅치 않다. 어느 날 화영의 집으로 들어온 또 한 명의 가출 소녀 세진은 영재와 심상치 않은 관계가 된다. 그리고 미정보다 먼저 그 사실을 알게 된 화영은 세진을 가만두고 볼 수가 없다."
542,522811,탐정: 리턴즈,영화,KR,116.0,,"역대급 미제사건을 해결한 추리 콤비, 셜록 덕후 만화방 주인 강대만과 광역수사대 레전드 형사 노태수. 드디어 대한민국 최초 탐정사무소를 개업하고, 전직 사이버 수사대 에이스 여치까지 영입하며 탐정으로서의 첫 발을 내딛는다. 하지만 꿈과 현실은 다른 법! 기다리는 사건 대신 파리만 날리고, 생활비 압박에 결국 경찰서까지 찾아가 몰래 영업을 뛰기 시작한다. 드디어 기다림 끝에 찾아온 첫 의뢰인. 게다가 성공보수는 무려 5천만원! 자신만만하게 사건을 받아 든 세 사람은 파헤칠수록 꼬리에 꼬리를 무는 의심스러운 증거들로 혼란에 빠지기 시작하는데…"
543,535550,강변호텔,영화,KR,96.0,,"강변의 호텔에 공짜로 묵고 있는 시인이 오랫동안 안 본 두 아들을 부른다. 아무 이유없이 죽을 거 같다는 느낌이 들어서 부른 거다. 한 젊은 여자가 같이 살던 남자에게 배신을 당한 후 강변의 호텔에 방을 잡았다. 위로를 받으려 선배 언니를 부른다. 다들 사는 게 힘들다. 그 강변의 호텔에서 하루는 하루가 다인 양 하루 안에서 계속 시작하고 있고, 사람들은 서로를 바라만 보고 있다."
544,499255,풀잎들,영화,KR,66.0,,커피집이 있을 것 같지 않은 골목 안으로 커피집이 있고 사람들이 커피집 안 여기저기에 앉아 얘기들을 하고 있습니다. 밖에는 건너편 슈퍼 아줌마가 심어 놓은 몇 가지 종류의 야채의 새싹들이 고무대야 안에서 자라나고 있습니다. 다른 테이블에 앉은 사람들이 시간이 지나면 서로 섞이고 서로에게 익숙해집니다. 한 여자는 그들을 관찰하고 자신의 생각을 기록하고 있습니다. 그들은 밤이 되도록까지 커피집을 떠나지 않습니다.
545,267467,표적,영화,KR,98.0,,"한 밤 중에 벌어진 의문의 살인 사건. 누명을 쓰고 쫓기던 여훈은 교통사고로 병원에 긴급 후송된다. 여훈의 담당의사 태준은 그 날 이후 갑작스런 괴한의 습격을 받게 되고, 납치된 아내를 구하기 위해 병원에서 여훈을 빼돌려 위험한 동행을 시작하게 된다. 한편, 사건의 음모를 직감한 여형사 영주와 범인 검거율 100 %인 광역수사대 송반장이 새롭게 사건에 개입하게 되는데..."
546,19529,작전,영화,KR,119.0,,"억울한 게 생기면 잠도 못 자는 성격의 강현수(박용하), 찌질한 인생 한 방에 갈아타기 위해 주식에 도전하지만, 순식간에 신용불량자가 된다. 그는 독기를 품고, 수년의 독학으로 이제 실력을 갖춘 프로 개미가 되어 마침내 작전주 하나를 추격해 한번에 수천 만원을 손에 쥔다. 그러나 기쁨도 잠시, 그가 건드린 것은 전직 조폭 출신 황종구(박희순)가 작업중인 작전주였다. 몰매를 맞으며 납치된 현수는 되려 황종구의 작전을 망친 남다른 능력을 인정 받아 대한민국을 뒤흔들 600억 헤비급 작전에 엮이게 된다.  초짜 현수와는 달리, 이번 작전에 가담한 작전멤버들은 대한민국 경제를 돌리는 거물급 프로들! 오랜 조폭 생활을 청산하고 DGS홀딩스를 차려 주식작전 세계에 뛰어든 황종구, 탈세를 원하는 졸부, 비자금을 축적한 정치인 등 상류층의 자산뿐만 아니라 비밀까지 철저하게 관리해주는 유서연(김민정), 서진에셋에서 높은 실적으로 승진 가도를 달리고 있는 작전계 특급 에이스 조민형(김무열), 그리고 작전의 시발점인 대산토건의 대주주 박창주까지 최고의 멤버가 구성되었다.  이들이 벌릴 판은 부실한 건설 회사 대산토건. 작전의 최고 죽이는 아이템이라는 ‘환경 기술’을 이용해, ‘수질 개선 박테리아 연구‘ 를 하고 있는 ‘한결 벤처’에 투자, 유서연의 고객 중 한 명이자, 굴리는 돈이 왠만한 기업보다 커 ‘마산창투’라 불리우는 완벽한 쩐주의 돈을 미끼로, 대산토건 주식을 사들인다. 여기에 쪽집게 분석으로 유명한 언론 스타 김승범의 여론 몰이와 검은 머리 외국인 브라이언 최를 통해 외국 자본을 끌어들이며 판은 걷잡을 수 없이 커져만 가고, 눈 먼 개미들의 돈을 쓸어모으기 시작한다. 대박을 눈 앞에 둔 시점, 너무나 완벽하게 진행되는 작전! 작전멤버들간의 쫓고 쫓기는 또 다른 물밑 작전이 시작되는데.. 대한민국 돈이 움직이는 지상최대의 작전이 시작된다."
547,571078,돈,영화,KR,115.0,,"오직 부자가 되고 싶은 꿈을 품고 여의도 증권가에 입성한 신입 주식 브로커 조일현. 빽도 줄도 없는, 수수료 O원의 그는 곧 해고 직전의 처지로 몰린다. 위기의 순간, 베일에 싸인 신화적인 작전 설계자 번호표를 만나게 되고, 막대한 이익을 챙길 수 있는 거래 참여를 제안 받는다. 위험한 제안을 받아들인 후 순식간에 큰 돈을 벌게 되는 일현. 승승장구하는 일현 앞에 번호표의 뒤를 쫓던 금융감독원의 사냥개 한지철이 나타나 그를 조여 오기 시작하는데…"
548,363790,성난 변호사,영화,KR,117.0,,"두뇌 상위 1%, 승소확률 100%의 에이스 변호사 변호성. 대형 소송을 성공적으로 마무리 짓고 승승장구하는 그에게 새로운 의뢰가 들어온다. 바로 시체도 증거도 없는 신촌 여대생 살인 사건의 유력 용의자를 변호하는 것! 좀처럼 풀리지 않는 사건이지만 그의 두뇌는 빠르게 움직이기 시작하고, 파트너 박사무장과 함께 사건 현장에서 용의자의 혐의를 벗길 결정적 증거를 확보한다. 재판 당일, 사사건건 부딪히는 후배 검사 진선민의 반론에 맞서 조목조목 반박하는 변변. 언제나 그렇듯 승리를 확신하는 순간! 용의자가 자신이 피해자를 살해했다고 자백한다. 갑작스런 자백에 판세는 뒤바뀌고, 변변은 승소를 위해 증거를 조작했다는 의혹과 함께 인생 최대의 위기를 맞게 되는데…"
549,1529439,중간계,영화,KR,61.0,,"각자 다른 목적을 가지고 장례식장에서 만난 네 사람은 납치된 상주를 쫓다 교통사고를 당한다. 중간계. 이승과 저승사이, 산 것도 죽은 것도 아닌 자들이 떠도는 익숙한 듯 기묘한 곳에 갇힌 네사람. 이들은 자신들의 영혼을 거둬가려는 저승사자들과 필사적인 추격전을 벌이다 광화문 광장에서 상상도 못한 상황을 마주하게 되는데..."
550,264273,방황하는 칼날,영화,KR,122.0,,"버려진 동네 목욕탕에서 싸늘한 시체로 발견된 여중생 수진. 아버지 상현은 하나뿐인 딸의 죽음 앞에 무력할 뿐이다. 그러던 어느 날 상현에게 범인의 정보를 담은 익명의 문자 한 통이 도착한다. 그리고 문자 속 주소대로 찾아간 그곳에서, 소년들에게 성폭행을 당하며 죽어가는 딸의 동영상을 보고 낄낄거리고 있는 철용을 발견한다. 순간, 이성을 잃고 우발적으로 철용을 죽인 상현은 또 다른 공범의 존재를 알게 된 후, 무작정 그를 찾아 나선다. 한편, 수진이 살인사건의 담당 형사 억관은 철용의 살해현장을 본 후, 상현이 범인임을 알아차리고 그를 추격하기 시작하는데…"
551,437116,미옥,영화,KR,91.0,,"범죄조직을 재계 유력기업으로 키워낸 언더보스 ‘나현정’은 새로운 시작을 꿈꾸며 은퇴를 준비한다.  그녀를 위해서라면 어떤 일도 서슴지 않았던 조직의 해결사 ‘임상훈’은 그런 그녀를 이해하지 못한다.  한편, 법조계 라이징스타 ‘최대식’은 자신의 치명적인 약점을 붙잡은 ‘나현정’으로 인해 궁지에 몰리게 되고, ‘임상훈’을 이용해 악에 찬 복수를 준비한다.  걷잡을 수 없는 세 사람의 욕망은 점점 파국을 향해 치닫는데…"
552,347697,성실한 나라의 앨리스,영화,KR,90.0,,"제가 이래봬도 스펙이 좋거든요. 제 자랑은 아니지만 자격증이 한 14개? 어렸을 때부터 손으로 하는건 뭐든지 잘했어요~ 근데 결국 컴퓨터에 일자리를 뺏겼죠. 그래도 다행이 취직도 하고, 사랑하는 남편까지 만났어요. 그래서 둘이 함께 살 집을 사기로 결심했죠. 잠도 줄여가며 투잡 쓰리잡 열심히 일했어요. 근데 아무리 꾸준히 일해도 빚은 더 쌓이더라고요. 그러다 빚을 한방에 청산할 기회가 찾아왔는데! 왜 행복을 방해하는 사람들이 자꾸 생기는 걸까요? 이제 제 손재주를 다르게 써보려고요. 더 이상 당하고만 있지 않을 거예요! 5포세대에 고함! 열심히 살아도 행복해 질 수 없는 세상, 그녀의 통쾌한 복수가 시작된다!"
553,204260,더 웹툰: 예고살인,영화,KR,104.0,,"그녀의 웹툰대로 살인사건이 벌어진다!  포털 사이트 웹툰 편집장 사망 사건 현장. 사건을 담당한 형사 기철은, 피해자가 사망 당시 보고 있던 웹툰과 똑같이 죽어있음을 확인하고 그 웹툰을 그린 작가 지윤을 찾아간다. 혐의를 부인하는 지윤, 하지만 얼마 뒤 그녀의 웹툰과 동일한 방식으로 살해된 두 번째 피해자가 나타나고 기철은 사건 현장에 있던 지윤을 유력한 범인으로 체포한다. 결국 취조를 받던 지윤은 자신의 웹툰에 대한 충격적인 고백을 시작하는데…"
554,183507,접속,영화,KR,105.0,,"라디오 음악 프로그램 PD인 동현에게 옛 애인으로부터 낡은 음반이 보내져 오고, 바로 그날 여인2라는 ID로부터 그 음반의 신청곡이 접수된다. 동현은 여인2에게 그 음악의 신청 동기를 묻는 이메일을 보낸다. 옛애인이 신청한 것이 아닐까 하는 기대를 가진다.  그러나 ID 여인2의 주인공 수현은 동현의 옛애인이 아닌, 가질 수 없는 사랑 때문에 속을 태우고 있는 상황이었다. 이렇게 우연한 계기로 통신상에서 알게 된 두 사람은 서로에게 충실한 조언을 해주는 사이가 된다.  그러나 동현의 제안으로 극장 앞에서 첫만남을 갖기로 했던 날, 동현은 옛 애인의 사망소식을 접하게 되는데..."
555,437073,특별시민,영화,KR,131.0,,"오직 서울만 사랑하는, 발로 뛰는 서울시장 변종구. 하지만 실은 어느 정치인보다도 최고 권력을 지향하며 이미지 관리에 철저한 정치 9단이다. 선거 공작의 일인자인 선거대책본부장 심혁수를 파트너로 삼고, 겁없이 선거판에 뛰어든 젊은 광고 전문가 박경까지 새롭게 영입한 변종구는 차기 대권을 노리며, 헌정 사상 최초의 3선 서울시장에 도전한다. 하지만 상대 후보들의 치열한 공세에 예기치 못했던 사건들까지 일어나며 변종구의 3선을 향한 선거전에 위기가 거듭되는데..."
556,41338,그때 그사람들,영화,KR,102.0,,"헬기에 자리가 없다는 이유로 대통령과의 행사에 함께 가지 못하고 병원을 찾은 중앙정보부 김부장은 주치의로부터 건강이 안 좋으니 잠시 쉬라는 권유를 받는다. 집무실에서 부황을 뜨던 중 대통령의 만찬 소식을 전해 들은 김부장은 잠시 생각에 잠기지만 이내 수행 비서 민대령과 함께 궁정동으로 향한다. 만찬은 시작되고, 오늘따라 더 심한 경호실장의 안하무인스런 태도에 비위가 상한다. 심각한 표정으로 앉아 있던 그는 슬며시 방을 나와 오른팔 주과장과 민대령을 호출하여 대통령 살해계획을 알리는데..."
557,1208276,넌센스,영화,KR,117.0,,"냉철하고 이성적인 손해사정사 유나는 자살이 의심되는 저수지 실족사고에 대한 조사를 의뢰받는다. 사고를 조사하던 중 사망자의 보호자인 강순규를 만나게 되는데 의뭉스러운 그의 존재가 어쩐지 의심스럽다. 무명 코미디언 출신으로 지금은 웃음치료라는 독특한 심리치료를 하는 순규는 멘토처럼 보이기도 하고, 사기꾼처럼 보이기도 한다. 그런 강순규를 거듭 만날 수록 감춰두었던 유나의 마음 속 한 부분이 흔들리기 시작한다."
558,1126128,자카르타: 13번의 폭탄테러,영화,ID,143.0,,
559,599331,장르만 로맨스,영화,KR,113.0,,7년째 슬럼프에 빠져 신작을 내놓지 못하고 있는 베스트셀러 작가 현. 되는 일 없이 우울한 현에게 이혼 후 싱글라이프를 즐기는 전처 미애와 한창 사춘기가 찾아와 첫사랑에 갈팡질팡하는 아들 성경 그리고 오랜 친구이자 출판사 대표인 순모가 의도치 않은 사건사고를 가져다준다. 평범하지 않은 로맨스로 얽힌 이들의 사생활이 밝혀진다.
560,1315477,한란,영화,KR,119.0,,"1948년 제주, 토벌대를 피해 한라산으로 피신하게 된 아진은 딸 해생과 생이별을 한다. 아진은 마을에 두고 온 딸 해생을 걱정하며 산에 오르던 중 군인들이 마을을 전부 불태웠다는 이야기를 듣게 되고, 딸을 찾아 하산을 결심한다. 딸을 구하러 가는 엄마 아진과 엄마를 찾아 산을 오르는 딸 해생의 살아남기 위한 생존 여정이 시작되는데…"
561,382766,뽀로로 극장판 컴퓨터 왕국 대모험,영화,KR,62.0,,"어느 날, 에디가 만들어 낸 ‘황금날개 대모험’이라는 게임 속으로 빨려 들어간 뽀로로와 크롱! 그 곳에서 게임의 주인공 치치왕자를 만난 뽀로로와 크롱은 함께 ‘황금날개’를 찾아 공주를 구하기 위한 모험을 떠나게 된다. 한편, 그 둘을 따라 들어온 친구들은 게임 속 세상을 노리는 거미마왕의 부하들에게 잡혀가게 되는데…  과연 뽀로로와 친구들이 함께 거미마왕을 물리치고, 게임 속에서 탈출할 수 있을까?!"
562,131979,늑대의 유혹,영화,KR,113.0,,"어른들도 울리는, 그 녀석들의 트루 로맨스,  정한경, 상경하다.  성격과 외모에서 모두 ‘갓 상경’ 한 느낌을 풍기는 한경, 서울에서 엄마와 함께 살기 위해 말 그대로 ‘갓 상경’하여 강신고로 전학을 오는데...  원조 킹카 반해원, 정한경에게 꽂히다.  그러나 그녀의 서울 생활은 정신적, 신체적 충격의 연속이다. 버스를 타고 가는데 어떤 놈이 던진 실내화가 머리로 날아온다. 그런데 문제는 거기서 끝나지 않는다. 실내화를 던진 반해원이란 녀석이 예삿 녀석이 아니었던 것이다. 인근 학교의 여자애들을 구름처럼 몰고 다니는 원조 킹카 반해원은 허둥대는 한경의 안쓰럽고도 귀여운 모습에 반한다. 그리고 성격대로 저돌적으로 대시한다..  반해원, 정태성의 성질을 건드리다.  문제는 옆 학교 성권고의 짱 정태성도 바로 이 정한경을 찍었다는 사실이다. 수줍은 듯한 얼굴 뒤에 숨어있는 강한 주먹과 고집으로 뭉쳐진 태성. 자존심과 사랑을 모두 건 둘의 대결은 한치의 양보도 없는 싸움으로 번지게 되고,  그 녀석들의 트루 로맨스  그러나 태성은 한경을 사랑할래야 할 수 없는 운명적인 비밀이 있고, 이를 알지 못하는 한경은 둘 다에게 상처를 주지 않는 방법을 찾기 위해 고민에 고민을 거듭한다. 결국 한경 곁을 떠나는 태성, 그리고 뒤늦게 태성의 비밀을 알게 된 한경과 해원. 그 녀석들의 가슴 아프지만 밝은 모습이 어른들조차 울린다."
563,1469823,신명,영화,KR,118.0,,"어린 시절, 분신사바를 시작으로 주술에 심취한 윤지희. 남자를 이용해 원하는 것을 얻을 수 있다는 사실을 깨달은 그녀는 성형으로 얼굴을 바꾸기 시작해서 이름, 학력, 신분까지 위조해 전혀 다른 삶을 살아간다. 그러던 중 권력의 맛을 본 윤지희는 마침내 대한민국을 손에 넣겠다는 야망에 사로잡히고 필요하다면 주술로 사람의 목숨조차 앗아갈 만큼 잔혹한 행보를 이어간다. 믿을 수 없는 사건들이 연이어 벌어지고, 그럴수록 그녀는 점점 목적지에 가까워진다.  한편 정현수 PD와 탐사보도 기자들은 대선 후보로 급부상한 검사 출신 정치인 김석일과 그녀를 추적하던 중 둘 사이의 수상한 연결고리에 강한 의혹을 품고 점점 더 그녀에게 가까이 다가가게 된다. 하지만 끔찍한 진실에 다가갈수록 정PD는 점점 더 위험한 그림자에 쫓기게 되는데…  과연 그는 그녀의 실체에 닿을 수 있을까?"
564,1129557,로비,영화,KR,106.0,,"연구밖에 모르는 스타트업 대표 창욱은 라이벌 회사 대표 광우의 뒷거래 때문에 기회도, 기술도 번번히 빼앗긴다. 그의 회사의 유일한 탈출구는 4조 원에 달하는 국책사업을 따내어, 한방에 자본을 확보하는 것! 하지만 로비에 있어선 한수 위인 광우는 조장관을 일찌감치 포섭한 상황, 창욱은 눈을 돌려 조장관의 최측근이자 실무를 쥐고 있는 남편 최실장에게 접근해 더러운 싸움에 참전하게 되는데... 마침내 뒷거래가 이뤄지는 골프장에 한날 한시 각자의 목적을 위해 모인 로비팀들, 이들의 진흙탕 로비가 펼쳐진다!"
565,342021,은밀한 유혹,영화,KR,110.0,,"믿었던 친구에게 배신 당하고 사채업자들에게 쫓기며 하루하루 희망을 잃어가던 지연. 그런 그녀 앞에 젊고 유능한 비서 성열이 나타나 그녀의 인생을 바꿀 거대한 제안을 한다. 그 제안은 바로 천문학적인 재산을 소유한 마카오 카지노 그룹의 회장을 사로잡아 그의 전 재산을 상속받는 것. 단, 성공 시 그 재산의 절반을 성열과 나누는 것을 조건으로 내건다."
566,448166,비정규직 특수요원,영화,KR,117.0,,만년알바인생 ‘장영실’(강예원)은 35살의 나이에 국가안보국 댓글요원으로 임시 취업하지만  그마저도 정리해고 1순위에 놓인다.  그러던 중 국가안보국 예산이 보이스피싱에 털리는 사건이 발생하고  자신의 실수로 벌어진 사건을 조심스레 은폐시키고 싶던 박차장은  비밀리에 영실을 보이스피싱 조직에 잠입시킨다.  그러나 그 곳에는 이미 사건 해결이라면 물불 가리지 않는  경찰청 미친X 형사 ‘나정안’(한채아)이 잠복근무중인데…  직장사수 vs 임무완수  날아간 국가예산을 환수하기 위한 불편하고 수상한 합동수사가 시작된다
567,32160,야수,영화,KR,124.0,,"강력반 문제아로 낙인 찍힌 다혈질 형사 장도영. 연수원 수석출신의 스타검사 오진우. 얼마 전 오진우가 잡아 넣은 유강진이 출소해 정계진출을 준비하고, 오진우는 유강진에 얽힌 살인사건과 비리에 관한 재수사에 착수한다. 한 편, 장도영은 유강진의 하수인에 의해 동복 동생을 잃게 된다.  공동의 적이 생긴 장도영과 오진우는 이제 한 팀이 되어 수사를 진행한다. 그리고 위협을 느낀 유강진은 장도영과 오진우를 음모에 빠뜨린다.  장도영과 오진우는 수사 중 용의자 가혹행위로 체포되어 법정에 서게 된다. 지금까지의 자신을 있게 한 신념에 철저히 배신감을 느낀 오진우. 자신의 목숨과도 같았던 유일한 피붙이인 어머니마저 잃게 된 장도영. 이들의 분노는 마침내 폭발하게 되는데... 유강진을 향한 두 야수의 거침없는 협공. 어쩌면 비참한 최후가 될 지도 모르는 길. 그러나 장도영과 오진우, 세상도 길들이지 못한 그들을 막을 수 있는 사람은 이제 그 누구도 없다!"
568,91078,완득이,영화,KR,107.0,,"남들보다 키는 작지만 자신에게만은 누구보다 큰 존재인 아버지와 언제부터인가 가족이 되어버린 삼촌과 함께 사는 고등학생 완득이. 가난하고 불우한 가정환경에 공부도 못하는 문제아지만 싸움만큼은 누구에게도 지지 않는다. 가진 것도, 꿈도, 희망도 없는 완득이 간절히 바라는 것이 딱 하나 있었으니, 바로 담임 ‘똥주’가 없어지는 것! 사사건건 자신의 일에 간섭하는 데다 급기야 옆집 옥탑방에 살면서 밤낮없이 자신을 불러대는 ‘똥주’. 오늘도 완득은 교회를 찾아 간절히 기도한다. “제발 똥주 좀 죽여주세요”"
569,113388,코리아,영화,KR,127.0,,"1991년 대한민국에 탁구 열풍을 몰고 온 최고의 탁구 스타 현정화. 번번히 중국에 밀려 아쉬운 은메달에 머물고 말았던 그녀에게 41회 세계선수권대회를 앞두고 남북 단일팀 결성 소식이 들려온다. 금메달에 목마른 정화에겐 청천벽력 같은 결정! 선수와 코치진의 극렬한 반대에도 불구하고 강행된 초유의 남북 단일팀이 결성된다.  순식간에 ‘코리아’라는 이름의 한 팀이 된 남북의 선수들. 연습 방식, 생활 방식, 말투까지 달라도 너무 다른 남북 선수단은 사사건건 부딪히기 시작하고, 양 팀을 대표하는 라이벌 정화와 북한의 리분희의 신경전도 날이 갈수록 심각해진다. 대회는 점점 다가오지만 한 팀으로서의 호흡은커녕 오히려 갈등만 깊어지고, 출전팀 선발은 예상치 못한 정국으로 흘러 가는데…  46일간의 뜨거운 도전이 시작된다!"
570,50341,신기전,영화,KR,134.0,,"1448년, 세종 30년. 조선의 새로운 화기 개발을 두려워 한 명 황실은 극비리에 화포연구소를 습격하고 연구소 도감 ‘해산’은 신기전 개발의 모든 것이 담긴 ‘총통등록’과 함께 외동딸 ‘홍리’를 피신시키고 완성 직전의 ‘신기전’과 함께 자폭한다. 계획이 실패로 돌아가자 명은 대규모 사신단으로 위장한 무장세력을 급파해 사라진 ‘총통등록’과 ‘홍리’를 찾기 시작하는데…"
571,394170,탐정 홍길동: 사라진 마을,영화,KR,125.0,,"사건해결률 99%, 악당보다 더 악명 높은 탐정 홍길동에게는 20년간 찾지 못했던 단 한 사람이 있다.  그것은 바로 어머니를 죽인 원수 김병덕.  홍길동은 오랜 노력 끝에 드디어 그를 찾아내지만, 김병덕은 간발의 차로 누군가에게 납치되어 간 이후이고,  그의 집엔 두 손녀, 동이와 말순이만 덩그러니 남아 있다.  느닷없이 껌딱지처럼 들러 붙어 할아버지를 찾아달라는 두 자매를 데리고, 사라진 김병덕의 실마리를 쫓던 중,  홍길동은 대한민국을 집어 삼키려는 거대 조직 광은회의 실체를 마주하게 되는데....  기다렸던 복수의 순간, 성가시게 판이 커져버렸다!"
572,362974,특종: 량첸살인기,영화,KR,125.0,,"이혼, 해고의 위기에 몰린 열혈 기자 허무혁. 우연한 제보로 연쇄살인사건과 관련한 일생일대의 특종을 터트린다. 하지만 단독 입수한 연쇄살인범의 친필 메모가 소설 량첸살인기의 한 구절임을 알게 된 무혁은 세상을 떠들썩하게 만든 특종이 사상초유의 실수임을 깨닫게 된다.  내가 보도하는 대로 사건이 벌어진다. 이를 알리 없는 보도국은 후속 보도를 기다리고 경찰은 사건의 취재 과정을 밝히라며 무혁을 압박해온다. 심지어 특종의 진실을 알고 있다는 목격자까지 나타나는 걷잡을 수 없는 상황 속, 무혁이 보도한 오보 그대로 실제 살인사건이 벌어지기 시작하는데…"
573,282058,두근두근 내 인생,영화,KR,117.0,,"한 때 헛발 왕자로 불리던 태권도 유망주 대수와 아이돌을 꿈꾸던 당찬 성격의 미라. 하지만 17살에 아이를 가져 불과 서른 셋의 나이에 16살 아들 아름이의 부모가 되어 있다.  남들보다 빨리 늙는 선천성 조로증인 아름이의 신체 나이는 여든 살. 어리고 철없는 부모지만 대수와 미라는 아름이와 씩씩하고 밝게 살아간다. 그러던 어느 날 그들의 사연이 세상에 알려지고, 하루하루 늙어가는 것이 전부였던 아름이에게 두근거리는 일들이 생기기 시작하는데..."
574,189081,파파로티,영화,KR,127.0,,"한 때 잘 나가던 성악가였지만 지금은 촌구석 예고의 음악 선생인 상진(한석규). 싸늘한 교육열, 까칠함만 충만한 그에게 청천벽력 같은 미션이 떨어진다. 천부적 노래 실력을 지녔으나, 일찍이 주먹세계에 입문한 건달 장호(이제훈)를 가르쳐 콩쿨에서 입상 하라는 것. 전학 첫날 검은 승용차에 어깨들까지 대동하고 나타난 것도 모자라, 수업 중에도 ‘큰 형님’의 전화는 꼭꼭 챙겨 받는 무늬만 학생인 장호가 못마땅한 상진. 장호의 노래를 들어볼 필요도 없이 결론을 내린다.  주먹과 노래 두 가지 재능을 타고났으나 막막한 가정 환경으로 인해 주먹 세계에 뛰어든 장호. 비록 현실은 ‘파바로티’의 이름 하나 제대로 모르는 건달이지만 성악가가 되고픈 꿈만은 잊은 적 없다. 이런 자신을 가르쳐 주긴커녕 툭하면 개나 소나 취미로 하는 게 클래식이냐며 사사건건 무시하는 쌤 상진의 태도에 발끈하는 장호. 그래도 꿈을 포기할 수 없는 장호는 험난하고 까칠한 상진과의 관계를 이어가는데..."
575,629277,차인표,영화,KR,102.0,,화려한 날들은 갔다. 그것도 제법 오래전에. 하지만 여전히 과거의 영광에 젖어 사는 배우 차인표. 그의 세상이 느닷없이 무너진다. 드디어 정신 차릴 순간이 왔단 말인가.
576,1172507,장손,영화,KR,121.0,,"3대 대가족이 모두 모인 제삿날. 일가의 명줄이 달린 가업 두부공장 운영 문제로 가족들이 다투는 와중, 장손 성진은 그 은혜로운 밥줄을 잇지 않겠다고 선언한다. 설상가상 갑작스레 맞닥뜨린 예기치 못한 이별로 가족 간의 갈등은 극에 달하는데…"
577,717908,대무가,영화,KR,108.0,,유아독존 신빨 대신 술빨로 버티는 40대 마성의 무당 마성준. 백발백중 1타 무당을 꿈꾸며 역술계를 평정한 30대 스타트업 무당 청담도령. 인생역전 갓생을 노리며 10주 완성 무당학원을 등록한 20대 취준생 무당 신남. 신빨 떨어진 무당들이 용하다 소문난 전설의 대무가 비트로 뭉쳤다!  그리고 그들을 이용해서 50억 원을 손에 넣으려는 이 구역 미친X 익수가 판을 벌리고 대무가 무당즈는 각자 일생일대의 한탕을 위해 비트에 몸을 맡긴 채 프리스타일 굿판 대결을 펼치는데…
578,200604,광복절 특사,영화,KR,120.0,,광복절특사로 석방되기 위해 열심히 교도 생활을 하는 모범수 재필. 조금만 참으면 사랑하는 애인 경순과 결혼할 수 있다. 하지만 고무신은 군대에서만 거꾸로 신는게 아니란 걸 몰랐던 탓일까? 어느날 면회 온 애인으로부터 결혼한다는 날벼락같은 소식을 듣는다. 변심한 애인의 맘을 되돌리기 위해 탈옥을 결심하는데...
579,1127546,차박: 살인과 낭만의 밤,영화,KR,83.0,,모든 것이 완벽하게 행복한 부부 수원과 미유. 결혼 1주년을 맞아 떠난 둘만의 낭만적인 차박 여행은 낯선 누군가의 등장과 함께 순식간에 끔찍한 악몽으로 바뀐다.
580,483297,소공녀,영화,KR,104.0,,"하루 한 잔의 위스키와 한 모금의 담배 그리고 사랑하는 남자친구만 있다면 더 바라는 것이 없는 3년 차 프로 가사도우미 미소. 새해가 되자 집세도 오르고 담배와 위스키 가격마저 올랐지만 일당은 여전히 그대로다. 좋아하는 것들이 비싸지는 세상에서 포기한 건 단 하나, 바로 ‘집’. 집만 없을 뿐 일도 사랑도 자신만의 방식대로 살아가는 사랑스러운 현대판 소공녀 미소의 도시 하루살이가 시작된다!"
581,453992,박열,영화,KR,129.0,,"1923년, 관동대지진 이후 퍼진 괴소문으로 6천여 명의 무고한 조선인이 학살된다. 사건을 은폐하기 위해, 관심을 돌릴 화젯거리가 필요했던 일본내각은 불령사를 조직해 항일운동을 하던 조선 청년 박열을 대역사건의 배후로 지목한다. 일본의 계략을 눈치챈 박열은 동지이자 연인인 가네코 후미코와 함께  일본 황태자 폭탄 암살 계획을 자백하고, 사형까지 무릅쓴 역사적인 재판을 시작하는데..."
582,402648,굿바이 싱글,영화,KR,119.0,,"온갖 찌라시와 스캔들의 주인공인 톱스타 주연. 그러나 점차 내려가는 인기와 남자친구의 공개적 배신에 충격을 받고, 영원한 내 편을 만들기 위해 대책 없는 계획에 돌입하게 되는데! 대표 독거스타의 임신 발표는 전국민 스캔들로 일이 커지고,  주연의 불알친구이자 스타일리스트인 평구와 소속사 식구들이 안절부절하며 뒷수습에 동분서주 하는데…"
583,55765,거룩한 계보,영화,KR,126.0,,"치성은 전라도 조직세계를 주름잡는 전설의 칼잡이다. 그의 곁에는 유년시절부터 주먹세계에 입문하기까지 모든 걸 함께해온 죽마고우 주중이 있다. 마약 제조업자 최박사의 신기술을 노리는 조직의 명령으로 그에게 칼을 들게 된 치성은 모든 책임을 홀로 지고 감옥에 가게 된다. 그곳에서 그는 수년 전 죽은 줄로만 알았던 또 한명의 죽마고우 순탄과 우연히 재회하고 그간 마음에 담아둔 회포를 푼다.  한편, 치성을 감옥에 보내고 조직에 남게 된 주중은 마음이 착잡하기만 하다. 그러던 어느 날, 몇 해전 치성에게 한쪽 다리를 잃은 경쟁 조직의 보스 성봉식이 치성 부모에게 칼을 휘두르는 사건이 발생하고, 조직은 세력확장을 위한 검은 거래 속에서 그 사건에 대해 침묵하며 치성에게서 등을 돌린다. 주중은 치성에 대한 연민으로 마음이 괴롭지만, 조직원으로서의 의무감을 떨쳐내지 못하고 갈등하게 된다.  10년간 조직을 위해 모든 것을 바쳐온 치성은 치를 떠는 배신감에 분노한다. 이제 그에게 남은 건 오직 하나! 치성은 조직에 대한 복수를 결심하고, 순탄을 포함한 감옥 동기들과 함께 탈옥을 모색한다. 각양각색의 탈출방법을 시도하던 중, 일명 거룩한 계보 일행은 뜻밖의 기상천외한 방법으로 마침내 탈옥에 성공한다. 탈옥 후, 치성은 최후의 목표인 조직의 보스 김영희를 만나러 가던 중, 조직원의 신분으로 자신을 마주해야 하는 주중과 피할 수 없는 대결의 순간을 맞이하게 되는데."
584,267407,태양은 없다,영화,KR,108.0,,한때는 챔피언 후보로 주목받았던 권투선수 도철은 후배에게 KO패 당한 후 권투를 그만둔다. 펀치 드렁크 현상이 있는 그는 관장의 도움으로 흥신소에서 일하게 되고 홍기를 만난다.  30억짜리 빌딩을 갖는 것이 꿈이라고 큰 소리 치는 그는 사실 빚에 시달리고 있는 양아치일 뿐이다. 홍기의 단칸방에서 같이 지내던 도철은 배우를 시켜주겠다며 홍기가 꼬드긴 미미를 만나 사랑을 느낀다.  어느날 미용실 개업식에 미미를 찾아간 둘은 술에 취해 행패를 부리다가 미미의 매니저가 내리친 술병에 도철이 맞아 입원한다. 홍기는 보상금과 도철의 돈을 훔쳐 달아나고 갈 곳이 없어진 도철은 다시 체육관으로 돌아가는데...
585,435821,재심,영화,KR,119.0,,"대한민국을 뒤흔든 택시기사 살인사건 발생!  유일한 목격자였던 10대 소년 현우는  경찰의 강압적인 수사에 누명을 쓰고 10년을 감옥에서 보내게 된다  한편, 돈도 빽도 없이 빚만 쌓인 벼랑 끝 변호사 준영은  거대 로펌 대표의 환심을 사기 위한 무료 변론 봉사 중  현우의 사건을 알게 되고 명예와 유명세를 얻기에 좋은 기회라는 본능적 직감을 하게 된다.  그러나 실제로 현우를 만난 준영은 다시 한번 정의감에 가슴이 뜨거워지는 자신을 발견하게 되고  현우는 준영의 도움으로 다시 한번 세상을 믿어볼 희망을 찾게 되는데..  다시 심장을 뛰게 만들 진심을 만나라!"
586,573801,국제수사,영화,KR,106.0,,"필리핀으로 인생 첫 해외여행을 떠난 대천경찰서 강력반 홍병수 경장. 여행의 단꿈도 잠시, 병수는 범죄 조직의 킬러 패트릭의 작전에 휘말려 살인 용의자가 되고, 누명을 벗기 위해 현지 가이드이자 고향 후배 만철과 함께 수사에 나선다. 하지만, 형사 본능이 끓어오르는 마음과는 달리 병수의 몸과 영어는 따라주지 않고, 필리핀에서 재회한 웬수 같은 죽마고우 용배가 끼어드는 바람에 수사는 자꾸 의도치 않은 방향으로 흘러가는데…"
587,55758,심야의 FM,영화,KR,106.0,,"5년 동안 생방송으로 라디오를 진행한 심야의 영화음악실 DJ 선영. 완벽주의자적인 성격으로 높은 커리어를 쌓아가던 그녀가 갑작스럽게 악화된 딸의 건강 때문에 마이크를 내려놓기로 결심한다.노래부터 멘트 하나까지 세심하게 방송을 준비하는 그녀… 하지만 마지막이어서인지 무엇 하나도 자신의 뜻대로 되는 것이 없다. 그런 그녀에게 걸려오는 정체불명의 청취자 동수로부터 시작되는 협박! 생방송을 진행하면서 그가 이야기하는 미션을 처리하지 않으면 가족들은 죽는다. 물론 어느 누구도 이 사실을 알아서는 안 된다!  그 놈이 무엇을 원하는지, 왜 자신을 선택했는지 알 수 없는 채 가족을 구하기 위해 홀로 범인과 싸워야 하는 선영! 그렇게… 아름답게 끝날 줄만 알았던 그녀의 마지막 2시간 방송이 악몽처럼 변해 그녀를 조여 오기 시작하고, 가족들의 목숨을 구하기 위한 선영과 정체불명의 청취자 동수의 피 말리는 사투가 시작된다."
588,1402913,나쁜계집애: 달려라 하니,영화,KR,92.0,,"달리기로 전국을 제패한 전국구 육상 스타 '나애리'는 전학 간 빛나리 고등학교에서 딱 한 번 진 적이 있는 전 금메달리스트 '하니'와 다시 만나게 된다. 도심 골목에서 달리는 '스트릿 런'이라는 특별한 이벤트 경기에 참여하게 된 두 사람은 떠오르는 혜성 같은 신예 '주나비'와 맞붙게 되는데… 독하게 돌아온 '나애리'와 영원한 라이벌 '하니'는 경기에서 우승할 수 있을까? 청소년 국가대표 타이틀을 건, 심장이 쿵쾅대는 레이스가 시작된다!"
589,116227,하울링,영화,KR,114.0,,"승진 때마다 후배에게 밀리는 강력계 만년 형사 상길. 어느 날 그에게 고과도 낮은 분신 자살 사건과 함께 순찰대 출신의 새파란 신참 여형사 은영까지 파트너로 떠맡겨진다. 상길은 울며 겨자 먹기로 수사를 시작하지만 조사 결과 이는 정교하게 제작된 시한벨트발화장치에 의한 계획된 살인임을 알아낸다. 상길은 승진 욕심에 상부에 보고도 않은 채 독단적인 수사에 나서고 은영은 사체에서 발견된 짐승의 이빨자국에 주목하지만 상길은 은영의 의견을 무시할 뿐이다. 그러던 중 짐승에 의한 살인사건이 발생하고, 은영은 지난번과 이번 사건이 서로 연결되어 있음을 직감한다. 사건의 심각성에도 불구하고 여전히 단독 수사를 감행하는 상길과 어쩔 수 없이 상길을 따라야 하는 은영. 마침내 두 사람은 피해자들의 몸에 공통된 이빨자국이 늑대와 개의 혼혈인 늑대개의 것임을 그리고 피해자들이 과거 서로 알던 사이였음을 밝혀 내는데…"
590,370984,열정같은소리하고있네,영화,KR,106.0,,"취업만 하면 인생 제대로 즐기리라 생각한 햇병아리 연예부 수습기자 ‘도라희’(박보영).  몸에 딱 맞는 정장에 하이힐을 신은 완벽한 커리어우먼…!  이 모든 환상은 첫 출근 단 3분 만에 깨졌다.  “지금은 니 생각, 니 주장, 니 느낌 다 필요없어!”  도라희의 눈 앞에 펼쳐진 건 터지기 일보 직전인 진격의 부장 ‘하재관’(정재영).  첫 출근 따뜻한 말 한마디 대신 찰진 욕이 오가는 가운데 손 대는 일마다 사건사고인 도라희는  하재관의 집중 타겟이 되어 본격적으로 털리게 되는데…!  전쟁터 같은 사회생활에서 살아남기 위한 수습사원 도라희의 극한분투기!!!  오늘도 탈탈 털린 당신에게 바칩니다!"
591,661681,3일의 휴가,영화,KR,105.0,,"죽은 지 3년째 되는 날, 복자는 하늘에서 3일간의 휴가를 받아 규칙 안내를 맡은 신입 가이드와 함께 지상에 내려온다. 미국 명문대학교 교수인 자랑스러운 딸을 볼 생각에 설레던 마음도 잠시, 돌연 자신이 살던 시골집으로 돌아와 백반 장사를 시작한 진주의 모습에 당황한다. 속 타는 엄마의 마음도 모르는 진주는 자신을 찾아온 단짝 미진과 엄마의 레시피를 찾아가고, 낯익은 요리를 보자 서로의 추억이 되살아나는데..."
592,574297,생일,영화,KR,120.0,,"세상을 먼저 떠난 아들 수호에 대한 그리움을 안고 살아가는 정일과 순남의 가족. 어김없이 올해도 아들의 생일이 돌아오고, 가족들의 그리움은 더욱 커져만 간다. 수호가 없는 수호의 생일. 가족과 친구들은 함께 모여 서로가 간직했던 특별한 기억을 선물하기로 하는데..."
593,18704,파이란,영화,KR,115.0,,"인천에서 3류 양아치로 전전하던 강재는 불법 테입을 유통시키다가 걸려 열흘 간의 구류를 살다 돌아올 만큼 보잘 것 없는 삼류건달. 한창 때 같이 구르던 친구 용식은 어느새 조직을 거느리고, 별볼일 없이 거추장스럽기만 한 친구 강재에게 나이트 삐끼나 서라고 한다. 그래도 고향에 배 한 척 사 가지고 돌아갈 소박하고 부질없는 꿈을 꾸는 강재. 어느 날 용식이 술을 청하던 날 밤, 그는 엄청난 사건에 휘말려 들게 된다. 자신의 꿈인 배 한 척과 남겨진 인생의 전부를 맞바꿔야 하는 강재. 그런 그에게 파이란이라는 이름을 가진 중국 여인으로부터 한 통의 편지가 배달된다."
594,68529,신라의 달밤,영화,KR,119.0,,"십년전, 전설적인 고교 짱 최기동(차승원 분)과 소심한 모범생 박영준(이성재 분)은 경주 지역으로 수학여행을 떠난다. 그리고 휘엉청 달이 밝은 운명의 그날 밤, 두 사람은 평생 잊을 수 없는 사건을 겪게 되고, 우연히 10년만에 경주에서 맞딱드린 기동과 영준. 고교시절 ‘전설의 짱’ 최기동은 다혈질 체육선생이 되어 있고, 소심한 모범생 ‘왕따’ 박영준은 엘리트 깡패가 되어 나타난다. 그 옛날의 전설적인 사건을 되새기며 반갑게 악수하는 그들의 양손에는 어느덧 힘이 들어가기 시작한다.  그녀는 홀연히 나타났다. 슬픈 눈으로 우는가 하면 어느덧 그 눈으로 웃음 짓는 민주란! 그녀가 깡패같지 않은 깡패와 선생같지 않은 선생사이에서 관심 갖는 남자라고는 오로지 철부지 남동생 민주섭!(이종수 분) 영준의 후계자가 되고 싶은 주섭이는 기동 학교의 소문난 문제아. 과연 깡패와 선생 중 그들의 어떤 사랑법이 주란의 마음을 차지할 수 있을 것인가? 영준을 노리는 일당에게 주란이 납치 당하는 사건이 일어나고 설상가상으로 영준의 조직이 붕괴되는 곤경에 몰리는데 홀연단신으로 적지에 떨어진 영준과 사랑과 우정사이에서 갈등하는 기동. 그리고 이들을 바라보는 한 여자 민주란 과연 이들과 경주의 미래는 어떻게 전개 될 것인가."
595,705950,세자매,영화,KR,114.0,,"길에서 만난 사이비 종교 신도를 쫓아가 마음에도 없는 세례를 받는 답답한 인물 첫째 희숙. 남편의 외도를 목격한 뒤 감춰뒀던 폭력성을 드러내며 통쾌한 한 방을 날리는 둘째 미연. 늘 삶에 대한 불만으로 술에 취해 있는 똘끼 충만한 셋째 미옥. 지금은 어색하고 멀어진 그들이 아버지의 생신잔치날 갑자기 등장한 막내 진섭 때문에 난리가 나고, 서서히 과거가 드러나는데..."
596,181647,박수건달,영화,KR,128.0,,"보스에게 신임 받고, 동생들에게 사랑 받는 엘리트 건달 광호. 남 부러울 것 없이 승승장구 하던 그의 건달 인생에 그 분이 태클을 걸었다?! 호시탐탐 광호를 밟을 기회만 노리던 태주의 칼에 맞고 순식간에 바뀐 운명선 때문에 낮에는 박수무당, 밤에는 건달의 투잡맨이 되어버린 광호! 하지만 존경하는 보스 가라사대, 쪽 팔리면 건달 아니라 안카나! 하루 아침에 부산을 휘어잡는 건달에서 조선 팔도 최고 ‘신빨’ 날리는 박수무당 되다!"
597,19482,멋진 하루,영화,KR,123.0,,"많으면 많고 적으면 적은 돈 350만 원. 헤어진 남자친구에게 떼인 그 돈을 받기 위해 1년 만에 그를 찾아나선 여자가 있다. 그녀의 이름은 희수다. 길다면 길고, 짧다면 짧은 1년. 헤어진 여자친구에게 빌린 350만원을 갚기 위해 돈을 빌리러 나선 남자가 있다. 그의 이름은 병운이다.  어느 화창한 토요일 아침, 초겨울 찬바람을 맞으며 희수는 경마장에 들어선다. 두리번두리번, 경마장을 헤매는 희수. 마침내 병운을 발견한다. 병운과 눈을 마주치자 마자 내뱉는 희수의 첫마디. “돈 갚아.”  희수는 서른을 훌쩍 넘겼다. 그리고, 애인도 없다. 직장도 없다. 통장도 바닥이다. 완전 노처녀 백조다. 불현듯 병운에게 빌려 준 350만 원이 생각났다. 그래서 결심한다. 꼭 그 돈을 받겠다고. 병운은 결혼을 했고, 두 달 만에 이혼했다. 이런저런 사업을 벌였다가 실패하고 빚까지 졌다. 이젠 전세금까지 빼서 여행가방을 들고 다니는 떠돌이 신세다. 한때 기수가 꿈이었던 병운은 경마장에서 돈을 받겠다고 찾아온 희수를 만나게 된다. 병운은 희수에게 꾼 돈을 갚기 위해 아는 여자들에게 급전을 부탁한다. 여자관계가 화려한 병운의 ‘돌려 막기’에 기가 막히는 희수지만 병운을 차에 태우고 돈을 받으러, 아니 돈을 꾸러 다니기 시작한다. 한때 밝고 자상한데다 잘생기기까지 한 병운을 좋아했지만, 대책 없는 그를 이제는 더 이상 믿을 수가 없다. 1년 전엔 애인 사이, 오늘은 채권자와 채무자…… 길지 않은 겨울 하루, 해는 짧아지고 돈은 늘어간다. 다시 만난 그들에게 허락된 ‘불편한 하루’가 저물어 간다."
598,573808,퍼펙트맨,영화,KR,117.0,,"퍼펙트한 인생을 위해 한탕을 꿈꾸는 건달 영기. 조직 보스의 돈 7억을 빼돌려 주식에 투자하지만, 사기꾼에게 속아 주식은 휴지조각이 되고 만다. 목숨을 부지하기 위해 어떻게든 7억을 구해야 하는 영기 앞에 까칠한 로펌 대표 장수가 나타난다. 두 달 시한부의 장수는 자신이 해야 할 일들을 대신해주는 조건으로 영기에게 자신의 사망보험금을 내건 빅딜을 제안하는데…"
599,38002,범죄의 재구성,영화,KR,116.0,,"사기 전과로 출소한지 한 달, 최창혁은 흥미로운 사기 사건을 계획한다. 그것은 바로 꾼들이라면 한번쯤 꿈꾸는 사상 최대 규모의 한국은행 사기극. 다섯 명의 최고 꾼이 한 팀을 이뤘다. 완벽한 시놉시스 개발자 최창혁을 비롯, 사기꾼들의 대부 김선생, 최고의 떠벌이 얼매, 타고난 여자킬러 제비, 환상적인 위조기술자 휘발류. 그러나 그들은 서로를 믿지 못한다. 목표는 하나! 하지만 그들은 모두 서로 다른 속셈을 가지고 있다. 이들은 과연, 성공 할 수 있을까?  난공불락 '한국은행'이 당했다. 그러나 결과는 사라지고 없다! 한국 은행 50억 인출 성공! 그러나 결과는 없다. 모두 뿔뿔히 흩어지고, 돈은 사라졌다. 분명 헛점이 없었던 완벽한 계획. 무엇이 문제였던 것인가? 수사망이 좁혀지면서 부상당한 얼매가 체포되고, 도망을 다니던 휘발류는 도박장에서 잡힌다. 제비 또한 빈털터리인 채 싸늘한 시체로 발견 된다. 그렇다면 이 모든 것이 아직 행방이 묘연한 김선생의 또 다른 사기극? 아니면 이 사기극을 계획했던 '최창혁'의 또 다른 시놉시스?  사건을 추적하던 차반장과 경찰은, 한국은행 사기극의 덜미를 잡게 된 결정적 계기가 한 여자의 제보 전화라는 것을 알아낸다. 용의자로 떠오른 이는 팜므파탈 사기꾼 서인경. 김선생의 동거녀인 그녀는, 한국 은행 극에 끼지 못했지만 항상 그들의 곁을 맴돌고 있었던 것. 그럼, 그녀가 결정적인 제보자?"
600,405457,극장판 안녕 자두야,영화,KR,75.0,,"어린이날을 맞아 가족들과 함께  놀이공원 ‘꿈의 랜드’로 놀러 가게 된 천방지축 최자두.  동생들과 신나게 놀이기구를 타던 자두는 급히 화장실을 찾게 되고,  우연히 들어가게 된 건물에서 오래된 책을 한 권 꺼내들게 된다.  그런데 동화책을 펼치는 순간!  알 수 없는 빛과 함께 자두는 책 속으로 빨려 들어가게 되는데...  어린이날, 꿈의 랜드에서 마법 같은 여정이 시작된다!"
601,19609,투사부일체,영화,KR,124.0,,"5년 전, 조폭의 신분으로 고등학교에 입학. 학교를 발칵 뒤집어 놓은 계두식이, 이번에는 사범 대학교 윤리 교생으로 돌아온다. 그는 졸업생들을 위한 현장실습을 ""장기수들이 출소하기 전에 쌓는 사회경험""으로 가볍게 판단, 교생 실습을 위해 학교로 나서게 된 것. 실습 첫날부터 개구멍으로 출근한 그가, ""교생도 선생은 선생!!"" 이라고 목에 강하게 힘을 주며, ""윤리와 사상은 나만의 윤리관으로 가르치겠다!!""라는 포부를 밝혔다."
602,384748,우리들,영화,KR,94.0,,"언제나 혼자인 외톨이 선은 모두가 떠나고 홀로 교실에 남아있던 방학식 날, 전학생 지아를 만난다. 서로의 비밀을 나누며 순식간에 세상 누구보다 친한 사이가 된 선과 지아는 생애 가장 반짝이는 여름을 보내는데,개학 후 학교에서 만난 지아는 어쩐 일인지 선에게 차가운 얼굴을 하고 있다. 선을 따돌리는 보라의 편에 서서 선을 외면하는 지아와 다시 혼자가 되고 싶지 않은 선.어떻게든 관계를 회복해보려 노력하던 선은 결국 지아의 비밀을 폭로해버리고 마는데..."
603,619166,양자물리학,영화,KR,119.0,,"‘생각이 현실을 만든다’라는 양자물리학적 신념을 인생의 모토로 삼은 유흥계의 화타 ‘이찬우’. 어느 날 유명 연예인이 연루된 마약 파티 사건을 눈치챈다. “불법 없이! 탈세 없이!” 이 바닥에서도 혁신이 일어나야 한다고 믿는 그는 오랫동안 알고지낸 범죄정보과 계장 ‘박기헌’에게 이 정보를 흘린다. 단순한 사건이라고 생각했던 마약파티가 연예계는 물론 검찰, 정치계까지 연루된 거대한 마약 스캔들임을 알게 된 '이찬우'. 이제는 살기 위해 거대 권력과 맞서야 하는 상황. '이찬우’는 ‘박기헌’ 계장을 비롯해 황금인맥을 자랑하는 업계 퀸 ‘성은영’ 등 업계 에이스들과 함께 이 사건을 파헤치기로 한다. 9월, 부패 권력에 통쾌하게 맞서라! 생각은 현실을 만드니까!"
604,602464,영웅,영화,KR,120.0,,"안중근과 독립군 동지들은 자작나무 숲에서 손가락을 잘라 동맹을 맺는다. 조선의 마지막 궁녀 설희는 적진 한복판에서 목숨을 걸고 정보를 빼오는 독립군 정보원이 된다. 마침내 1909년 10월, 안중근은 하얼빈 역에 도착한 이토 히로부미를 사살하고 일본 법정에서 사형 판결을 받는다. 영화는 안중근 의사가 거사를 준비하던 때부터 죽음을 맞이하던 순간까지, 마지막 1년을 그린다."
605,1414052,미스터 로봇,영화,KR,90.0,,"인공지능 로봇으로 자동화된 근 미래. K-ROBOT 인더스트리의 쇼케이스 현장에서 새로 출시된 로봇 ‘맥스’가 치명적인 사고를 일으키고, 로봇 관리대 대원(RCC) ‘한태평’은 그 과정에서 혼수상태에 빠지게 된다. 이후, '한태평'은 폐기 직전에 놓인 '맥스'의 몸으로 눈을 뜨게 되는데... 한편, K-ROBOT 인더스트리의 부사장이자 삼촌 '강민'에 의해 위험에 처한 소녀 '나나'. 그 순간 등장한 '맥스'에 의해 '강민'의 위협에서 탈출하고 두 사람의 특별한 여정이 시작된다!"
606,408362,국가대표 2,영화,KR,126.0,,"유일무이 정통 아이스하키 선수 출신 에이스 지원. 자존심은 금메달 급, 현실은 쇼트트랙 강제퇴출 채경. 사는 게 심심한 아줌마, 빙판에선 열정의 프로 영자. 시간외 수당이 목표, 아이스하키협회 경리 출신 미란. 취집으로 인생 반전 꿈꾸는 전직 피겨요정 가연. 주장 급 멘탈 보유자, 최연소 국가대표 꿈나무 소현. 말만 번지르르, 주니어 아이스하키 우정상에 빛나는 국대 출신 감독 대웅. 이들이 뭉친 단 하나의 이유는 아오모리 동계 아시안 게임 출전! 출신불문, 경험부족, 능력제로  한 팀이 되는 것 자체가 도전이었던 이들에게 다가온 차가운 현실은 그저 동계 올림픽 유치를 위한 병풍 취급뿐이다. 뭉치면 싸우고 흩어지면 출전불가! 모두가 불가능하다고 믿었던 이들의 뜨거운 도전이 시작된다!"
607,37870,국가대표,영화,KR,139.0,,"1996년 전라북도 무주, 동계올림픽 유치를 위해 정식 종목 중 하나인 스키점프 국가대표팀이 급조된다. 이에 전(前) 어린이 스키교실 강사 방종삼이 국가대표 코치로 임명되고, 그의 온갖 감언이설에 정예(?) 멤버들이 모인다. 전(前) 주니어 알파인 스키 미국 국가대표였다가 친엄마를 찾아 한국에 온 입양인 밥, 여자 없으면 하루도 못 버틸 나이트 클럽 웨이터 흥철, 밤낮으로 숯불만 피우며 아버지가 시키는 대로 살아온 고깃집 아들 재복, 할머니와 동생을 돌봐야 하는 짐이 버거운 말 없는 소년 가장 칠구, 그런 형을 끔찍이 사랑하는 4차원 동생 봉구까지! 방 코치는 마치 신이라도 된 것처럼 엄마와 같이 살 집이 필요한 밥에게는 아파트를, 사랑 때문에 또는 부양 가족 때문에 그들과 함께 있어야 하는 흥철, 칠구-봉구 형제, 그리고 재복에게는 군 면제를 약속한다. 단, 금메달 따면!"
608,516297,머니백,영화,KR,101.0,,"가진 거라고는 몸뚱이뿐인 ‘민재’(김무열)는 엄마 수술비를 위해 보증금까지 털었지만,  이마저도 ‘양아치’(김민교)에게 모두 뺏기고 만다.  ‘양아치’는 사채업자 ‘백사장’(임원희)에게 뺏은 돈을 바치고,  이 돈은 고스란히 선거를 앞둔 ‘문의원’(전광렬)에게 돌아간다.  계속되는 적자 인생에 ‘백사장’은 ‘킬러’(이경영)를 고용해서 ‘문의원’을 처리할 계획을 세운다.  ‘백사장’은 도박장에서 저당 잡은 ‘최형사’(박희순)의 총을 ‘킬러’에게 배달하지만,  ‘택배기사’(오정세)가 실수로 ‘킬러’의 옆집 ‘민재’에게 맡기는데…  뺏고! 달리고! 쫓기는 ‘머니백’ 레이스가 시작된다!"
609,54332,연애소설,영화,KR,106.0,,"어느 날, 지환(차태현 분)의 카메라 속으로 불쑥 수인(손예진 분)과 경희(이은주 분)가 들어온다. 닮은 듯 다른 두 사람, 수인과 경희는 둘도 없는 친구 사이. 수인에게 첫 눈에 반한 지환은 용기를 내서 마음을 고백하지만 아주 정중하게 거절당한다. 하지만 지환은 그녀들과의 인연을 놓칠 수 없어 친구가 되자고 제안한다. 그 사건을 계기로 그들 셋은 스무 살 나이보다 풋풋하고 아름다운 친구사이가 된다.  더없이 좋은 친구 사이로 그들 생애 최고의 날들을 보내는 지환, 경희, 수인. 그런데 어느 날부터인가 우정이 있어야할 자리에 낯선 감정들이 새록새록 피어오른다. 그들 사이에 미묘한 감정이 끼어 들면서, 세 사람은 각자 사랑과 우정 사이에서 혼란스러워한다. 혼란스러운 감정은 그들 스스로도 알아차리지 못하는 거리를 만들어버리고, 급기야 경희와 수인은 지환이 그냥 불편해졌다는 말만 남기고 사라져 버린다.  연락처도 주소도, 아무런 흔적도 남기지 않고 떠나버린 수인과 경희. 지환은 두 사람이 떠나버렸다는 사실을 쉽사리 받아들이지 못하고 힘들어한다. 그로부터 5년 후, 두 사람을 애써 잊었다고 생각하는 지환에게 발신인을 알 수 없는 사진이 배달된다. 발신인은 없지만 지환은 그 사진에서 경희와 수인을 느낀다. 오랜 설렘으로 그녀들을 찾아 나서는 지환. 여기서부터 세 사람의 찬란한 우정과 엇갈린 사랑의 이야기는 다시 시작되는데."
610,400421,사냥,영화,KR,93.0,,"대규모 탄광 붕괴 사고가 일어난 무진의 외딴 산. 이상한 것이 출몰한다는 소문 때문에 아무도 찾지 않는 그 곳에서 거대한 금맥이 발견된다. 금맥이 발견되었다는 정보를 은밀히 입수한 동근은 수상한 엽사들을 이끌고 산에 오른다. 인생 역전을 맞이한 기쁨도 잠시 땅주인 노파가 그들을 막아서고, 실랑이 끝에 노파가 절벽 아래로 떨어지고 만다. 한편 탄광 붕괴 사고의 유일한 생존자 기성은 산사태 때문에 출입이 불가하다던 산에서 수상한 남자들을 발견하고 뒤쫓다 보지 말아야 할 것을 목격하고 만다. 이 때 사고로 잃은 동료의 딸 양순마저 우연히 산 속에 들어갔다 함께 쫓기게 된다. 금을 차지하려는 엽사 무리와 소중한 것을 지켜야 하는 사냥꾼, 출구 없는 산 속에서 목숨을 건 16시간의 추격이 시작된다!"
611,1188301,더 킬러스,영화,KR,119.0,,"등에 칼이 꽂힌 채 눈을 뜬 남자, 어마어마한 금액의 살인을 의뢰하는 여자, 모두가 기다리는 자, 누군가를 기다리는 자. 어두운 밤 의문의 식당. 한 사람이 들어서고, 이야기는 시작된다."
612,1204886,백수아파트,영화,KR,97.0,,"아침부터 저녁까지 조카와 함께 동네의 모든 민원을 나서서 처리하는 오지라퍼 백수 ‘거울’은 동생 두온과 다투고 반강제적으로 독립한다. 묻지도 따지지도 않고 입주한 백세아파트에서의 첫날 밤 새벽 4시, 알 수 없는 소리에 잠을 설친 거울은 아파트 주민인 경석과 지원, 샛별을 만나게 되고 6개월째 하루도 빠짐없이 쿵쿵거린다는 층간 소음의 근원을 둘러싼 비밀을 파헤치게 되는데…"
613,81242,의뢰인,영화,KR,123.0,,"피로 물든 침대, 사라진 시체, 그리고 살인 혐의.. 재판이 끝나기 전까진 누구도 믿을 수 없다!  시체 없는 살인사건, 그러나 명백한 정황으로 붙잡힌 용의자는 피살자의 남편. 여기에 투입된 변호사와 검사의 치열한 공방과 배심원을 놓고 벌이는 그들의 최후 반론. 어떤 결말도 예상할 수 없는 치열한 법정 대결, 이제 당신을 배심원으로 초대한다!"
614,502474,흥부: 글로 세상을 바꾼 자,영화,KR,105.0,,"아무도 몰랐던 형제, 흥부 - 놀부  양반들의 권력 다툼으로 백성들의 삶이 날로 피폐해져 가던 조선 헌종 14년. 붓 하나로 조선 팔도를 들썩이게 만든 천재작가 ‘흥부’는 어릴 적 홍경래의 난으로 헤어진 형 ‘놀부’를 찾기 위해 글로써 자신의 이름을 알리려 한다.  모두가 알고 있는 형제, 조혁 - 조항리  수소문 끝에 형의 소식을 알고 있다는 ‘조혁’을 만나게 된 ‘흥부’는 부모 잃은 아이들을 돌보며 백성들의 정신적 지도자로 존경 받는 ‘조혁’을 통해 새로운 깨달음을 얻는다. 한편, 백성을 생각하는 동생 ‘조혁’과 달리 권세에 눈이 먼 형 ‘조항리’의 야욕을 목격한 ‘흥부’는 전혀 다른 이 두 형제의 이야기를 쓰기로 결심한다.  그렇게 탄생한 ‘흥부전’은 순식간에 조선 전역에 퍼져나가고, 이를 지켜보던 ‘조항리’는 그를 이용해 조선을 삼킬 음모를 계획하는데…"
615,571783,자전차왕 엄복동,영화,KR,118.0,,"일제강점기, 일본에서는 조선의 민족의식을 꺾고 그들의 지배력을 과시하기 위해 전조선자전차대회를 개최한다. 하지만 일본 최고의 선수들을 제치고 조선인 최초로 우승을 차지한 엄복동의 등장으로 일본의 계략은 실패로 돌아가고, 계속되는 무패행진으로 ‘민족 영웅’으로 떠오른 그의 존재에 조선 전역은 들끓기 시작한다. 때맞춰 애국단의 활약까지 거세지자 위기감을 느낀 일본은 엄복동의 우승을 막고 조선인들의 사기를 꺾기 위해 최후의 자전차 대회를 개최하는데..."
616,979688,뽀로로 극장판 드래곤캐슬 대모험,영화,KR,69.0,,"신나게 놀던 뽀로로와 친구들 머리 위로 붉은색 불꽃과 함께 빨간 꼬마 드래곤 아서가 나타난다. 자신이 드래곤의 왕이라며 대뜸 드래곤 하트를 찾아오라 명령하는 아서를 보고 뽀로로와 친구들은 어리둥절한다. 그때, 아서와 함께 온 보석에서 붉은 기운이 나와 크롱을 거대한 드래곤으로 만들고, 하늘에서 내려온 빛이 아이들을 드래곤캐슬에 떨어뜨린다. 아서가 다스렸던 드래곤캐슬은 전혀 다른곳으로 변해 있었고, 왕좌에 앉은 마법사 게드는 드래곤 하트를 내놓으라며 크롱을 잡으려 한다. 드래곤이 된 크롱과 친구들은 무사히 돌아갈 수 있을까?"
617,442845,보통사람,영화,KR,121.0,,"열심히 범인 잡아 국가에 충성하는 강력계 형사이자 사랑하는 아내, 아들과 함께 2층 양옥집에서 번듯하게 살아보는 것이 소원인 평범한 가장 성진. 그날도 불철주야 범인 검거에 나섰던 성진은 우연히 검거한 수상한 용의자 태성이 대한민국 최초의 연쇄살인범일 수도 있다는 정황을 포착하게 되고, 이로 인해 안기부 실장 규남이 주도하는 은밀한 공작에 자신도 모르는 사이 깊숙이 가담하게 된다. 한편, 성진과는 가족과도 같은 막역한 사이인 자유일보 기자 재진은 취재 중 이 사건의 수상한 낌새를 눈치채고 성진에게 이쯤에서 손을 떼는 것이 좋겠다고 말하지만, 다리가 불편한 아들의 수술을 약속 받은 성진은 규남의 불편한 제안을 받아들이고 만다. 아버지로서 할 수 밖에 없었던 선택, 이것이 도리어 성진과 가족들을 더욱 위험에 빠트리고 그의 삶을 송두리째 흔들기 시작하는데…"
618,55771,우아한 세계,영화,KR,112.0,,"들개파 중간 보스 인구는 전원주택으로 이사가 청과물 도매업이나 하면서 지내고 싶어한다. 친구 현수의 조직과 충돌하는 것까지 감수하면서 아파트 시공사업권을 따낸 인구는 한밑천 장만해 은퇴할 꿈에 부풀지만, 보스 노 회장의 동생인 노상무가 이권을 탐내 그 앞길을 가로막는다. 게다가 가족문제도 있다. 아내 미령은 손을 씻겠다는 약속을 십년 동안 지키지 못한 남편에게 실망해 친정으로 떠나버리고, 10대인 딸 희순도 깡패인 아빠를 부끄러워한다. 인구는 가족을 되찾고 손을 씻기 위해, 무엇보다 살아남기 위해, 도시를 헤매며 분투한다."
619,601062,죽지않는 인간들의 밤,영화,KR,110.0,,"소희는 모든 것이 완벽한 남편 만길과 결혼해 살고 있다. 그런데 남편이 수상하다. 흥신소에 뒷조사를 의뢰한 결과 돌아온 대답은. “하루에 21시간 동안 쉬지 않고 음주가무와 운동까지 즐기는 건 인간의 체력이 아닙니다.” 남편의 정체가 궁금해진 소희는 만길의 뒤를 밟고, 자신의 정체가 발각됐다는 것을 안 만길은 소희를 제거하려 한다. 소희는 동창생 세라와 양선, 흥신소 소장의 도움을 받아 자신을 해치려는 만길을 죽이기로 한다. 그런데 감전, 독극물 등 그 어떤 방법도 통하지 않는다. 죽지 않는 만길을 상대로 한 소희의 싸움이 시작된다."
620,56578,해결사,영화,KR,100.0,,"한 때 잘나가던 전직 형사이자 지금은 흥신소를 운영하는 강태식. 평범한 의뢰라고 생각하고 급습한 불륜 현장에 한 여자가 죽어 있다. 꼼짝없이 범인으로 몰리게 된 그 때, 걸려오는 전화 한 통 살인 누명을 벗으려면 누군가를 납치하라는 놈의 지시. 숨 돌릴 틈 없이 시작된 경찰의 추격, 자신의 일거수일투족은 물론, 과거 사연, 그리고 주변 인물까지 장악하고 있는 놈의 감시와 도청; 게다가 납치해야 하는 인물이 전국을 떠들썩하게 할 중요한 사건의 키를 쥐고 있다는 사실을 알게 된다. 이제, 자신을 조종하려는 놈과 실체를 알 수 없는 배후에 맞서 폭풍 같은 반격을 시작하는데..."
621,85525,북촌방향,영화,KR,79.0,,"한 때, 영화감독이었던 성준은 서울에 올라와 북촌에 사는 친한 선배 영호를 만나려 하지만 전화를 받지 않는다. 성준은 전에 알던 여배우를 우연히 만나 얘기를 나누고 헤어진다. 인사동까지 내려와 혼자 막걸리를 마시는데 앞 좌석에 앉은 영화과 학생들이 합석을 하자고 하고, 술이 많이 취한 성준은 옛 여자의 집으로 향한다.  그리고 다음날인지 아니면 어떤 날인지 분명치 않지만, 성준은 여전히 북촌을 배회하고 있고, 또 우연히 전에 알던 여배우를 만나 얘기를 나누고 헤어진다. 친한 선배를 만난 성준은 선배의 후배인 여교수와 셋이서 [소설]이란 술집을 가게 되는데, 술집 주인은 성준의 옛 여자와 너무나 많이 닮았다.  그리고 다음날인지 아니면 또 다른 어떤 날인지 분명치 않고, 성준은 선배와 [정독 도서관]을 찾아가 이야길 나누고 전직 배우를 만나 술을 마신다. 그들에게 다시 같은 여교수가 합류하고 네 사람은 [소설]이란 술집을 가게 된다. 성준은 술김에 그 술집의 여주인과 키스를 나누게 된다. 그리고 다시, 다음날인지 아니면 또 다른 어떤 날인지 분명치 않을 날의 아침이 시작된다."
622,67089,비트,영화,KR,113.0,,"타고난 파이터이며 아웃사이더인 민, 폭력 조직에서 성공하기를 꿈꾸는 태수, 미래에 대한 소박한 꿈을 버리지 않는 환규는 무차별적 싸움과 혼돈속에서 10대를 보낸다. 어느날 환규를 따라 나간 노예팅에서 민은 로미를 만나 운명적 사랑을 느끼고 이날 이후 민은 기꺼이 로미의 노예가 된다. 민과 환규는 방황하던 마음을 잡고 분식집을 개업하여 열심히 살아보려고 애쓰고 감옥에서 나온 태수는 전갈 조직의 중간 보스로 자리를 잡는데..."
623,886430,고속도로 가족,영화,KR,128.0,,"고속도로 휴게소에서 텐트를 집, 밤하늘의 달을 조명 삼아 살고 있는 기우와 가족들. 다시 마주칠 일 없는 휴게소 방문객들에게 돈을 빌려 캠핑하듯 유랑하며 살아가던 이들이 어느 날, 이미 한 번 만난 적 있는 영선과 다른 휴게소에서 다시 마주친다. 인생은 놀이, 삶은 여행처럼 살아가던 고속도로 가족과 그들이 신경 쓰이는 영선. 이 두 번의 우연한 만남은 예기치 못한 사건으로 이어지는데..."
624,714651,소년들,영화,KR,124.0,,"1999년 시골 소읍의 한 슈퍼마켓에 강도 치사 사건이 벌어진다. 경찰은 세 명의 소년들을 진범으로 지목, 빠르게 수사를 종결한다. 얼마 뒤 새로 부임한 황준철 반장은 경찰 고위직 최우성과 무리들이 성과를 앞세워 이 사건을 조작했다는 확신을 갖게 된다. 그는 특유의 끈질기고 강직한 수사력으로 재수사와 재심을 시도한다."
625,49095,눈에는 눈 이에는 이,영화,KR,101.0,,"대낮 서울 도심 한복판 수 십억 현금 수송차량 강탈 사건에 이어 제주도 공항에서 밀수 금괴 600kg이 연기처럼 사라진다. 전설적인 형사 백반장의 이름을 사칭해 완전범죄를 성공시킨 범인은 바로 안현민! 분노한 백반장은 안현민을 집요하게 쫓지만 안현민은 번번히 백반장의 그물망을 빠져나간다. 승자를 알 수 없는 숨막히는 레이스가 계속되는 가운데, 위기에 몰린 안현민은 오히려 백반장 앞에 나타나 자신의 목숨을 포함한 뜻밖의 제안을 하는데...과연 이것은 기회인가, 함정인가?"
626,227793,배우는 배우다,영화,KR,98.0,,READY! 알아주는 사람은 없어도 마음껏 꿈꿀 수 있었던 단역. ACTION! 주연배우 못지 않은 연기력으로 단숨에 조연으로 등극한 신인. 그리고 단 한편의 영화로 폭발적인 인기를 얻으며 최정상에 올라선 주연. CUT! 다시 밑바닥 인생으로 걷잡을 수 없이 추락하는 배우... ‘배우 탄생’의 충격적인 뒷이야기가 공개된다!
627,208874,내 생애 가장 아름다운 일주일,영화,KR,129.0,,"각기 다른 여섯 커플의 사랑을 일주일이라는 한정된 시간 안에서 '다중스토리 구조'라는 형식을 통해 보여주는 영화. 임창정은 '지하철에서 물건을 팔며 어렵게 생활하지만 밝고 긍정적인 캐릭터'인 창후 역으로, 엄정화는 깐깐하고 도도한 정신과 의사로 분해 단순무식 과격하지만 여자에겐 쑥맥인 노총각 형사와 팽팽하고 아슬아슬한 사랑 줄다리기를, 주현은 '20년째 단관 극장을 운영하며 지내는 고집불통 구두쇠' 곽회장 역할을, 김수로는 어린 꼬마 연인과의 매우 색다른 사랑을 선보인다."
628,40452,주먹이 운다,영화,KR,121.0,,"아시안 게임 은메달리스트로 잘 나가던 태식은 도박으로 진 빚과 화재로 가진 것을 모두 날린 후 거리의 매맞는 복서로 살아간다. 설상가상으로 아내는 이혼을 요구해 오고, 더 이상 물러 설 곳도, 잃을 것도 없는 인생 막장의 늙은 복서 태식은 다시 희망을 품고 신인왕전 출전을 결심한다. 패싸움과 삥뜯기가 하루 일과인 상환은 큰 싸움에 휘말려 합의금이 필요하자 동네 유지의 돈을 노리고 강도행각을 벌이다 소년원에 수감된다. 첫날부터 권투부 짱 권록과 싸움을 벌이며 순조롭지 않은 생활을 시작하는 상환. 권록과의 싸움을 눈여겨 본 교도 주임은 상환에게 권투부 가입을 권하는데..."
629,387845,무수단,영화,KR,87.0,,"비무장지대에서 원인불명의 사망, 실종사건이 연이어 발생하자 남측에서는 특전대 엘리트 출신의 조진호 대위와 생화학 주특기 장교 신유화 중위를 각각 팀장, 부팀장으로 한 최정예 특임대를 구성해 24시간 내에 사건의 실체를 파악해 올 것을 명한다. 그러나 그곳에 들어선 순간 심상치 않은 흔적들이 발견되고, 대원들도 하나 둘씩 이상한 징후를 감지하기 시작하는데…"
630,153422,마파도,영화,KR,105.0,,"160억을 들고 잠적한 한 여자를 찾아 모범 건달 재철과 비리 형사 충수는 지도에도 없는 수상한 섬 ‘마파도’로 낚시꾼으로 위장, 잠복해 들어간다. 섬 전체인구 5명, 구성성비 여자 100%, 공동생산, 공동분배, 공동사역, 공동소유로 살아가는 이상한 섬 마파도. 그곳에서 뜻밖의 강적을 만났으니, 바로 20년간 남자구경 못해본 엽기적인 다섯 할매들! 재철과 충수는 과연, 순박한 표정으로 은근슬쩍 노동을 강요하는 다섯 할매들의 가공할 내공에 맞서서 무사히 임무를 완수할 수 있을 것인가!"
631,49203,가문의 영광 2: 가문의 위기,영화,KR,115.0,,"최고 명문家 백호파의 대모 홍덕자 여사! 조직은 조직대로 무럭무럭 크고, 슬하의 세 아들은 나름 믿음직하다. 그러나 반드시 이룩해야 할 단 하나의 과제가 남아 있었으니, 가문의 체질개선을 위한 엘리트 며느리 모시기! 홍여사는 세 아들에게 자신의 환갑잔치 때까지 무조건 큰 며느리감을 데려오라는 명령을 내린다. 며느리감 물색에 나선 세 아들, 드디어 어디 내놔도 안 부끄러울 며느리 감을 발견했단다. 근데 며느리 될 아이가 강력계 검사라고라고라? 가문의 영광을 이루려다 가문이 위태롭게 생겼다. 과연 홍여사와 세 아들은 엘리트 며느리 모시기에 성공할 수 있을 것인가?"
632,527436,허스토리,영화,KR,121.0,,"남모를 비밀을 간직한 할머니들이 드디어 세상 밖으로 나왔다. 위안부에 대한 사과와 배상을 일본 정부에 요구한 그녀들. 그 용기 있는 6년간의 여정을 그린 감동 실화. 과연 할머니들은 진정한 사과를 받을 수 있을까. 6년의 기간, 23번의 재판, 10명의 원고단, 13명의 변호인. 시모노세키와 부산을 오가며 일본 재판부에 당당하게 맞선 할머니들과 그들을 위해 함께 싸웠던 사람들의 뜨거운 이야기가 시작된다."
633,795276,정직한 후보 2,영화,KR,106.0,,"서울시장 선거에서 떨어지며 쫄딱 망한 백수가 된 주상숙은 우연히 바다에 빠진 한 청년을 구한 일이 뉴스를 타며 고향에서 화려한 복귀의 기회를 잡는다. 하지만 정직하면 할수록 바닥으로 곤두박질치는 지지율 앞에 다시 뻥쟁이로 돌아간 그 순간, 주상숙에게 운명처럼 찾아온 진실의 주둥이! 이번엔 주상숙의 비서실장 박희철까지 주둥이가 쌍으로 털리게 되는데..."
634,1097001,온리 갓 노우즈 에브리띵,영화,KR,116.0,,"“사람을 죽여도... 용서받을 수 있습니까” 13년 전 실종된 어머니에 대한 충격의 고해성사. 복수할 것인가, 비밀을 지킬 것인가."
635,227336,깡철이,영화,KR,108.0,,"부산의 부두 하역장에서 일하며 하루하루를 살아가는 강철이.  안정적인 직장도, 기댈 수 있는 집안도, 믿을만한 ‘빽’도 없지만  그래도 힘들다는 말은 절대로 하지 않는 ‘깡’으로 뭉친 부산 사나이다.  거기에 아픈 엄마까지 책임져야 하는 고달픈 강철,  어느 날 서울에서 여행 온 자유로운 성격의 ‘수지’를 만나고,  잠시나마 웃음을 되찾은 강철은 처음으로 세상 밖으로 나갈 꿈도 꾸기 시작한다.  하지만 성치 않은 몸으로 동네방네 사고만 치던 엄마 ‘순이씨’의 병세가 갑자기 악화되고,  유일한 친구 ‘종수’는 사기를 당해 돈 마련이 시급한 강철까지 위험에 빠뜨린다.  당장 돈을 마련하지 못하면 엄마와 친구, 자신의 삶까지 잃게 생긴 강철,  부산 뒷골목의 보스 ‘상곤’은 강철에게 위험한 선택을 제시하는데...!"
636,630217,스텔라,영화,KR,98.0,,"막다른 인생 제대로 한 번 달려본 적 없는 차량담보업계 에이스 영배. 보스 서사장이 하룻밤 맡긴 슈퍼카가 절친 동식과 함께 감쪽같이 사라지고 영배는 범인으로 몰려 서사장 일당에게 쫓기기 시작한다. 믿을 사람 하나 없고, 도망칠 곳도 없는 그의 앞에 나타난 건 바로 1987년식 오래된 자동차 스텔라."
637,337943,뽀로로 극장판 눈요정 마을 대모험,영화,KR,35.0,,"장난꾸러기 꼬마펭귄 ‘뽀로로’와 친구들은 우연히 세상에 눈을 뿌리는 ‘눈요정 마을’에 가게 되고, 조각가가 꿈인 ‘눈요정 아티’를 만나 즐거운 시간을 보낸다.  그 때, 어디선가 날아든 거대한 용암괴물이 마을을 습격해 눈요정들을 모두 데리고 가는데...  과연, 뽀로로와 친구들은 눈요정들을 무사히 구출하고, 화이트 크리스마스를 맞이할 수 있을까요?"
638,915655,비닐하우스,영화,KR,100.0,,"문정의 삶은 밝지 않다. 자신은 심리적 장애를 겪고 있고, 어린 아들은 소년원에 가 있고, 집은 없어서 비닐하우스에서 기거한다. 가끔씩 만나는 남자가 있지만 정말 사랑하고 있는 것인지 확신할 수 없다. 다만 천성이 착하고 성실해서, 어느 노부부의 요양보호사로 일하며 힘겹지만 하루하루를 잘 살아가고 있다. 비극적 사건이 일어나기 전까지는. 이 사건 이후에 그녀의 삶은 소용돌이에 빠져 버리고, 영화는 폭주 기관차처럼 달려간다."
639,1208997,목스박,영화,KR,98.0,,"왕갈비파의 경철과 태용이 왕갈비파 보스의 생일을 축하하는 자리, 삼거리파 황인성이 들이닥쳐 장보스는 죽고, 삼거리파의 눈을 피하기 위해 각각 경철은 천사의 교회에 태용은 은신사에 피신한다. 교회로 피신한 경철은 새로운 목회자로 추앙받고 절로 피신한 태용은 범죄자들이 피신을 와서 곤란하던 은신사의 잡범들을 내쫒으며 주지,환장스님과 함께 절 생활을 시작한다. 한편 미친개 형사 차도필에게 동자신이 들어오고 경철,태용과 같이 황인성에게 소중한 딸과 같은 햄스터 혜리를 잃은 도필은 경철,태용에게 연합을 제안한다. 조폭목사, 조폭스님, 박수무당형사의 연합작전이 시작된다."
640,31714,그림자 살인,영화,KR,111.0,,"한적한 뒤뜰에 위치한 방안은 온통 피로 흥건하고 그 방의 주인인 민수현은 감쪽같이 사라졌다. 그의 아버지는 아들을 찾기 위해 고액의 현상금을 내걸고, 출세에 급급한 종로서 순사부장인 영달은 민수현을 찾는데 혈안이 된다. 한편 그 시각, 의학도 광수는 해부실습을 위해 우연히 주워온 시체가 알고 보니 민수현이었던 것을 알게 된다. 살인 누명을 쓸 위기에 처한 그는 사설 탐정 진호를 찾아가 사건을 의뢰하고 거액의 현상금에 혹한 진호는 뛰어난 의학지식을 가진 광수를 조수 삼아 사건을 맡기로 한다."
641,926242,극장판 안녕 자두야: 제주도의 비밀,영화,KR,90.0,,"‘자두’는 제주도 가족여행에서 만난 엄친딸 제주 소녀 ‘전복’이가 못마땅하다. 게다가 ‘윤석’이를 바라보는 저 하트 눈빛은 뭐람! 베프 윤석이를 전복이가 독차지하자 화가 난 자두는 실수로 돌하르방을 넘어뜨리고, 먼 옛날 저주를 품고 봉인된 ‘보리’가 깨어난다. 보리가 쏜 돌하르방 빔에 맞은 사람들은 돌이 되어 굳어 버리고, 자두와 친구들은 모두를 원상태로 되돌릴 방법을 찾아 나서는데… 제주도로 자! 떠나보자 두! 명랑히어로 자두의 판타스틱 어드벤처! 제주도의 운명이 걸린 초특급 비밀은 과연 무엇일까?"
642,211579,우리 선희,영화,KR,89.0,,"영화과 졸업생 선희는 오랜만에 학교에 들린다. 미국유학을 위한 추천서를 최교수에게 부탁하기 위해서. 평소 자신을 예뻐한 걸 아는 선희는 최교수가 추천서를 잘 써줄 거라 기대한다. 그러면서 선희는 오랜만에 밖에 나온 덕에 그동안 못 봤던 과거의 남자 두 사람도 만나게 되는데, 갓 영화감독으로 데뷔한 문수와 나이든 선배 감독 재학이 두 사람. 차례로 이어지는 선희와 세 남자들과의 만남 속에서, 서로는 서로에게 좋은 의도로 ‘삶의 충고’란 걸 해준다. 선희에게 관심이 많은 남자들은 속내를 모르겠는 선희에 대해 억지로 정리를 하기도 한다. 그런데 이 말들은 이상하게 비슷해서 마치 사람들 사이를 옮겨 다니는 것처럼 보인다. ‘삶의 충고’란 말들은 믿음을 주지 못하고 미끄러지는 거 같고, 선희에 대한 남자들의 정리는 점점 선희와 상관없어 보인다.  추천서를 받아낸 선희는 나흘간의 나들이를 마치고 떠나지만, 남겨진 남자들은 ‘선희’란 말을 잡은 채 서성거린다."
643,747236,Gamgi,영화,FR,9.0,,
644,61128,궁녀,영화,KR,118.0,,"숨막힐 듯 엄격한 궁궐 안. 왕 외에는 마음대로 죽을 수도 없는 그곳에서 후궁 희빈을 보좌하는 궁녀 월령이 서까래에 목을 매 자살한 채 발견된다. 검험을 하던 천령은 월령이 아이를 낳았다는 사실을 알게 되지만 그 기록은 어디에도 남아있지 않고, 감찰상궁은 자살로 은폐할 것을 명령한다. 하지만 천령은 자살로 위장된 치정 살인이라는 의심을 지울 수 없어 독단적으로 사건을 파헤치기 시작한다."
645,1154212,어쩌면 해피엔딩,영화,KR,96.0,,"인간을 돕기 위해 만들어진 헬퍼봇 ‘올리버’와 ‘클레어’. 홀로 외로이 지내던 두 로봇은 우연한 기회에 함께 여행을 떠나고, 함께하는 시간이 익숙해질수록 ‘사랑’이라는 새로운 감정을 느끼기 시작한다."
646,336055,오피스,영화,KR,111.0,,"어느 날 한 가족의 가장이자 착실한 회사원인 김병국 과장이 일가족을 살해하고 사라졌다. 이에 형사 종훈은 그의 회사 동료들을 상대로 수사를 시작하지만 모두들 말을 아끼고, 특히 김과장과 사이가 좋았다는 이미례 인턴은 무언가를 숨기고 있는 눈치다. 게다가 종훈은 김과장이 사건 직후 회사에 들어온 CCTV 화면을 확보하지만, 그가 회사를 떠난 화면은 어디에도 없어 사건은 미궁으로 빠진다. 한편, 김과장이 아직 잡히지 않았다는 사실에 동료들은 불안에 떠는 가운데, 이들에게 의문의 사건들이 계속 일어나는데…"
647,86261,옥희의 영화,영화,KR,80.0,,"영화과 학생 옥희는 자신이 사귀었던 한 젊은 남자와 한 나이 든 남자에 대한 영화를 만들었다. 아차산이란 곳에 만 일 년을 사이에 두고 각 남자와 한 번씩 찾아왔던 경험을 영화적으로 구성해본 것이다: 그 산에서 각기 다른 두 남자와의 경험을 공간별로 짝을 지어놓고 보여준다. 주차장, 산 입구, 정자 앞, 화장실, 목조 다리 앞, 산 중턱 등의 공간에서 각자 다른 행동과 대화들, 그들과의 모습이 짝지어 보여지면서 우린 두 경험 사이의 차이와 비슷함을 구체적으로 보게 된다. 그리고 우린 옥희와 두 남자 사이의 관계에 대한 어떤 총체적 그림을 보고 있다고 느끼게 된다."
648,75006,모비딕,영화,KR,112.0,,"1994년 11월 20일 서울 근교 발암교에서 일어난 의문의 폭발 사건. 사건을 추적하던 열혈 사회부 기자 이방우 앞에 어느 날 오랫동안 연락이 끊겼던 고향 후배 윤혁이 나타난다. 그는 일련의 자료들을 건네며 발암교 사건이 보여지는 것과 달리, 조작된 사건임을 암시한다. 발암교 사건의 진실을 파헤치기 위해 이방우는 동료 기자 손진기, 성효관과 특별 취재팀을 꾸리는데… 하지만 취재를 방해하는 의문의 일당들로 인해 그들은 위험에 처하게 된다. 서서히 정체를 드러내는 정부 위의 정부, 검은 그림자 조직. 이들은 누구이며, 이들의 목적은 무엇인가."
649,56247,황진이,영화,KR,141.0,,"16세기, 유일하게 인간대접을 받는 양반이 되기 위해 사람들은 돈과 거짓을 서슴치 않았다. 그러나 진이는 출생의 비밀을 듣는 순간 기꺼이 규방의 옷을 벗고 모두가 멸시하는 천민의 길을 선택한다. 소꿉친구인 노비 '놈이'를 첫 남자로 삼은 다음 날, 기생들의 거리 '청교방'에 들어간다. 밤마다 홍등을 걸고 남자들의 노리개가 되어야 하는 기생 명월이 된 진이. 옷감 세 필이면 모두 그녀를 안을 수 있었지만 그 재능과 위엄에 오히려 정복되고 만다. 양반부터 천민까지 모두의 동경의 대상이 된 기생 명월. 사농공상의 신분구별이 목숨처럼 중하게 여겨지던 시대였지만 그녀의 치마폭 앞에서는 한 인간으로서 평등했다. 그러나 이제 그녀는 신분을 버렸던 것보다 더 위험한 선택을 하게 되는데..."
650,297292,패션왕,영화,KR,127.0,,"하고 싶은 일도, 되고 싶은 꿈도 없는 빵셔틀 ‘우기명’. 서울로 전학온 후 야심차게 새로운 시작을 해보려 하지만 그의 미약한 존재를 알아주는 이는 미모를 버린 전교 1등 ‘은진’뿐,  핫하다고 해서 사입은 패딩은 짝퉁일 뿐이다."
651,1059191,세상 참 예쁜 오드리,영화,KR,104.0,,"고향에서 국숫집을 운영하는 미연과 그의 아들 기훈. 하나뿐인 여동생 지은은 자신의 꿈을 위해 가족과 담을 쌓은 상태다. 어느 날, 엄마 미연이 병을 진단받고 이로 인해 이 가족에게 커다란 변화가 생긴다. 서로에게 상처만 주던 남매, 엄마를 외면하는 딸, 모녀 사이에서 고군분투하는 아들. 과연 이 가족은 서로를 지킬 수 있을까?"
652,900014,안녕 자두야 스페셜: 언더 더 씨,영화,,80.0,,"안녕 자두야 스페셜 언더 더 씨! 바다에서 펼쳐지는 자두의 세가지 이야기.  하나, 별주부가 된 자두. 토끼잡으러 왔는데 토끼가 너무 착하다.  둘, 바다마녀의 마법실패! 그렇다면 인어자두의 선택은?  셋. 가족들과 휴양지로 떠났다가 무인도에 표류한다. 과연 무사히 탈출할 수 있을까?"
653,63247,선생 김봉두,영화,KR,117.0,,"서울의 잘나가는 초등학교 선생인 김봉두(차승원 분)는 아이들보다 한술 더 떠 지각을 밥먹듯이 하고, 교장 선생에게 매일매일 혼나는 이른바 문제 선생이다. 교재 연구보다는 술을 더 좋아하고, 학부모들의 각종 돈봉투를 적극 권장, 장려하던 어느날, 꼬리가 길면 잡히는 법이라더니 김봉두는 봉투 사건으로 인해 오지의 시골분교로 발령된다.  휴대폰도 터지지 않고, 외제담배는 커녕 국산담배도 구할 수 없는 오지의 마을로 쫓겨난 김봉두. 전교생이라고는 달랑 5명. 더구나 돈봉투는 커년 각종 채소, 김치, 과일 등을 나누어 주는 너무도 순진한 마을사람들의 모습 또한 그에게는 불만이다. 1교시 자습, 2교시 미술, 3교시 체육… 하루라도 빨리 서울로 돌아갈 날을 기다리면서 허송세월을 보내고 있던 김선생. 한술 더 떠 괴팍스러운 최노인은 글을 가르쳐달라고 생떼를 쓰는 등 김선생의 시골살이는 더더욱 암울해 보인다.  하루빨리 서울로 재입성 기회를 노리던 김봉두는 전교생을 전학보내고, 학교를 폐교할 계획을 세운다. 우선 아이들 개개인의 특기를 살려주기 위해 방과후 특별과외에 매달리는 김선생. 그런 김선생의 시꺼먼 속마음과 달리 오히려 마을 사람과 교육청에서는 훌륭한 김봉두 선생으로 인해 분교폐지 방침을 재고하는 계기가 된다. 그러나 하늘이 무너져도 봉두가 솟아날 구멍은 있는 법. 마을에는 갑자기 학교를 서바이벌 게임장으로 만들겠다는 사업가가 등장117 김봉두는 그들로 인해 그동안 잊고 지내던 돈봉투의 위력을 맛보는데… 철부지 선생 김봉두는 과연 이런 난관을 뚫고 서울입성에 성공할 수 있을 것인가?"
654,124874,차형사,영화,KR,110.0,,"가진 것이라곤 숨 막히는 궁극의 스멜, 마성의 D라인 몸뚱아리뿐이지만 자나깨나 범인검거에 매달리는 집념의 차형사. 패션계에 은밀하게 퍼진 마약사건을 수사하기 위해 2주 만에 20KG을 감량하여 패션모델로 변신, 런웨이에 잠입하라는 사상 초유의 특급 미션을 수행하게 되는데…  당신의 이성을 마비시킬 마성의 D라인 차형사, 그의 기상천외한 언더커버 프로젝트가 시작된다!"
655,542691,유병재: B의 농담,영화,KR,54.0,,"그냥 물러서지 않는다! 악플에 대한 코미디언 유병재의 당당한 피드백. 자신을 향한 논란, 사회적 이슈, 소속사 저격까지. 더 세진 농담과 신랄한 풍자로 세상을 꼬집는다."
656,169226,이장과 군수,영화,KR,113.0,,"평화롭고 한적한 충청도 산골마을 강덕군 산촌 2리. 마을 단합대회를 열던 날, 마을 이장의 갑작스러운 죽음으로 인해 산촌 2리는 새로운 이장을 뽑게 된다. 이번엔 젊은 놈으로 이장을 시키라는 마을 최고어른의 말씀에 의해 자신의 의지와는 상관없이 단독후보로 나서게 된 산촌 2리 대표 노총각 조춘삼(차승원 분)은 얼떨결에 초고속, 최연소 이장으로 전격 선출된다.  평소 동네 노인네들과 함께 고스톱치기를 일삼고 치매에 걸린 아버지를 부양하던 평범한 시골 노총각 춘삼은 갑작스러운 이장 감투가 부담스럽기만 하다. 그러던 어느 날 춘삼은 어린 시절, 자기 밑에서 꼬봉 노릇이나 하던 노대규(유해진 분)가 군수에 출마한다는 소식을 접하게 되고, 묘한 경쟁심과 시기심에 사로잡힌다. 결국 대규가 최연소 군수가 되고 이들은 과거의 만년 반장과 부반장에서 이장과 군수라는 뒤바뀐 위치로 재회한다.  산촌2리를 휘어잡던 얼짱, 몸짱에 반장출신의 현직 이장 춘삼과 어린시절 춘삼에게 치인 아픈 기억 때문에 더 생색을 내는 군수 대규는, 한때 잘 나갔던 과거에 대한 자존심을 내세우는 춘삼의 주도 면밀한 딴지걸기로 사사건건 충돌하게 되는데… 사사건건 시비에 오나가나 딴지! 초코파이로 시작된 이들의 머쉬멜로우만큼 질긴 인연은 과연 어떻게 정리될 것인가!!!"
657,74092,파수꾼,영화,KR,116.0,,"한 소년이 죽었다. 평소 아들에게 무심했던 소년의 아버지는 아들의 갑작스런 공백에 매우 혼란스러워하며 뒤늦은 죄책감과 무력함에, 아들 기태의 죽음을 뒤쫓기 시작한다. 아들의 책상 서랍 안, 소중하게 보관되어 있던 사진 속에는 동윤과 희준이 있다. 하지만 학교를 찾아가 겨우 알아낸 사실은 한 아이는 전학을 갔고 한 아이는 장례식장에 오지도 않았다는 것. 뭔가 이상하다. 그러던 중, 간신히 찾아낸 희준은 ‘기태와 제일 친했던 것은 동윤’이라고 말하며 자세한 대답을 회피한다. 결국 아버지의 부탁으로 동윤을 찾아나선 희준. 하지만, 학교를 자퇴하고 떠나버린 친구는 어디에도 없다. 천진하고 순수했던 그 시절, 미성숙한 소통의 오해가 불러 일으킨 비극적 파국. 독단적 우정이 가져온 폭력과 그 상처의 전염은 우리를 아프고 충격적인 결말로 이끌어간다. 서로가 전부였던 이 세 친구들 사이에서 과연 무슨 일이 벌어진 걸까?"
658,85491,가문의 영광 4: 가문의 수난,영화,KR,103.0,,"기업의 성공에 심취해 안일한 생활을 보내던 홍회장 일가는 난생처음 출국금지 해제 소식에 첫 해외 여행을 준비하는데. 조폭정신으로 기업과 가문을 이끄는 카리스마 대모, 홍회장. 살림의 달인으로 거듭난 구 백호파의 1인자, 장인재. 넘치는 바람기를 주체하지 못하는 가문의 첫 이혼남, 장석재. 사소한 일에도 크게 흥분하는 가문의 쌈닭, 장경재. 웃자고 떠난 여행, 죽도록 쫓고 쫓기는 사연! 과연 이들은 무사히 집으로 돌아올 수 있을까…"
659,1021633,교토에서 온 편지,영화,KR,102.0,,"각기 다른 개성을 지닌 세 자매와 어머니의 이야기를 그려낸 뛰어난 가족 드라마다. 섬세하게 감정의 켜를 쌓는 결이 고운 영화다. 작가를 꿈꾸는 혜영은 일이 잘 풀리지 않아 본가인 부산 영도로 돌아온다. 영도는 수많은 이방인이 흘러들어 터전을 잡은 곳이며, 한 번 들어오면 쉽사리 나갈 수 없다는 전설이 전해 내려온다. 세 자매의 어머니는 교토에서 태어났지만 영도에서 생의 대부분을 지냈고, 장녀 혜진은 이곳을 벗어난 적 없이 가족의 생계를 책임지고 있으며, 막내 혜주는 고등학교를 졸업하면 영도를 떠나려 한다."
660,570424,그대 이름은 장미,영화,KR,125.0,,"딸에겐 잔소리 1등, 딸을 위해선 오지랖 1등, 대한민국 평범한 엄마 ‘홍장미’ 씨. 우연한 사고로 과거의 남자 ‘명환’을 만나며 평온했던 일상이 꼬여만 가고, 설상가상으로 그녀의 대단했던(?) 과거까지 들통날 위기에 처한다  여기에 20년 남사친 ‘순철’까지 끼어들어 강제과거소환을 막으려 애를 쓰기 시작하는데…  평범한 엄마 ‘홍장미’ 씨! 그녀의 믿을 수 없는 반전과거는 영원한 비밀이 될 수 있을까?!"
661,45083,10억,영화,KR,114.0,,"수십만의 신청자 중, 인터넷 방송국 주최의 10억 상금 서바이벌 게임쇼에 8명의 참가자가 초대된다. 바다, 사막, 밀림, 강으로 이어지는 육지 속의 무인도, 호주 퍼스(Perth). 마지막 한 명이 살아 남을 때까지 멈출 수 없는 서바이벌 게임쇼가 시작됐다.  그러나 게임쇼 7일 후... 8명의 참가자와 2명의 방송진행자 中 9명은 몰살되고 한 명의 생존자는 기억상실 상태로 호주 경찰에 의해 발견된다. 사막과 밀림을 배경으로 마지막 한 명이 살아 남을 때까지 멈출 수 없었던 미스터리 게임쇼. 그 곳에선 무엇이 일어난 것일까? 왜 그들은 목숨을 건 죽음의 게임쇼를 계속할 수 밖에 없었나?"
662,478160,희생부활자,영화,KR,91.0,,"억울한 죽음 뒤 복수를 위해 살아 돌아온 자. 세상은 그들을 ‘희생부활자’ (RV: Resurrected Victims)라 부른다. 그리고 오늘, 죽은 엄마가 살아 돌아와 나를 공격했다! 7년 전, 오토바이 강도 사건으로 살해당했던 엄마가 집으로 돌아왔다는 전화를 받은 검사 진홍.  믿을 수 없는 현실에 충격도 잠시, 엄마 명숙이 진홍을 공격한다. 전 세계 89번째이자 국내 첫 번째로 판명된 희생부활사건! 국정원은 모든 목격자와 언론을 통제하려 들고,신고를 받은 경찰은 진홍을 명숙 사건의 진범으로 의심하기 시작한다. 이에 진홍은 스스로 엄마의 죽음에 얽힌 진실을 밝혀내려 하는데…  7년 전 사건의 숨은 진실이 밝혀진다."
663,952888,피는 물보다 진하다,영화,,88.0,,"최대 청부폭력조직 '백정파'는  무자비함으로 악명 높은 해결사,  일명 '도깨비'를 앞세워 일대를 장악한다.  그러나, 베일에 싸인 ‘도깨비’ 두현은  친형제 같았던 영민의 죄를 뒤집어쓰고  10년의 수감생활을 하게 된다.  한편, 두현이 사라진 사이,  ‘도깨비＇행세를 하며 조직을 차지한 영민은  두현의 출소 소식을 듣고 불안에 휩싸인다.  영민은 두현을 먼저 치기로 하고  새 삶을 시작하려던 두현은 결국,  진짜 ‘도깨비’의 부활을 선언하며  영민과 조직을 상대로 싸움을 시작하는데..."
664,69383,비스티 보이즈,영화,KR,123.0,,"대한민국 최고의 럭셔리 신공간 청담동을 주름잡는 호스트. 그들은 화려한 청담동의 유흥업소에서 여성 고객들을 접대하며 자신들의 스타일리쉬한 삶을 유지한다. 여성들에게 초이스되기 위해 체력 관리는 물론 외모와 스타일을 가꾸며 자신에게 투자를 아끼지 않고, BMW를 타고 청담대로를 질주하는 그들의 밤은 낮보다 더욱 역동적이다.  화려한 밤의 세계에 몸 담고 있으면서도 부유했던 과거를 간직한 채 살아가는 청담동 No.1 호스트 승우(윤계상 분)와 사랑도 꿈도 내일로 미룬 채 오직 지금 이 순간만을 즐기는 호스트 바의 리더 재현(하정우 분). 그들은 오늘도 쿨하고, 폼나고, 화려한 라이프 스타일을 고수하며 럭셔리의 대명사 청담동을 배회한다.  그러던 중 승우는 순수한 듯, 자신과는 또 다른 면을 지닌 지원(윤진서 분)에게 끌리게 되고, 승우의 누나 한별(이승민 분)과 동거하던 재현은 새로운 공사 상대를 만나게 되면서 매일 반복되던 그들의 삶은 조금씩 변화하게 되는데…"
665,884139,우리는 천국에 갈 순 없지만 사랑은 할 수 있겠지,영화,KR,110.0,,"주영은 롯데리아 알바생 예지에게 친구 민호의 고백 쪽지를 대신 전해주고 집에 가던 길, 동료 태권도 부원들에게 집단 폭행을 당한다. 버거 사은품인 장난감 사이렌을 울리며 다가온 예지, 우연인지 필연인지 엄마의 청소년 사회화 프로그램으로 둘은 함께 살게 된다. 엄마의 제안으로 친구 성희, 민우, 그리고 예지와 익산으로 떠난 여행에서 주영은 처음 만난 순간부터 싹 튼 미묘한 감정을 확인한다. 꿈 같은 시간이 끝난 후, 다시 돌아온 현실은 서로를 좋아한다는 이유만으로 둘을 떼어놓으려 한다. 연민일 뿐이라는 어른들과 달리 주영과 예지는 사랑을 확신하며, 마지막까지 자신들의 선택에 대한 책임과 소중한 존재를 지켜내고자 하는데…"
666,467885,아기공룡 둘리: 얼음별 대모험,영화,KR,80.0,,"남극의 거대한 빙산 조각에 갇혀 있던 둘리는 빙산과 함께 서울로 떠내려온다. 강 기슭에 쓰러져 있던 둘리를 인형으로 착각한 영희, 철수 남매는 둘리를 집으로 데려와 빨랫줄에 말린다. 남매의 아빠 길동은 초능력자인 둘리에 못 이겨 그를 집안으로 들이지만 둘리를 쫓아내지 못해 안달이다. 거기에 또치, 도우너, 마이콜까지 가세하면서 길동의 미움은 커져간다. 계속되는 길동의 구박에 그들은 어른이 되어 있을 미래로 가자며 타임 코스모스를 타고 우연히 희동과 길동까지 휩쓸려 우주공간을 헤멘다. 둘리의 실수로 일행은 영혼들만 사는 얼음별에 도착하게 된다."
667,1640162,오조준,영화,KR,17.0,,"희영은 여자친구 순주가 사격부 코치 보현에게 폭행 당하는 것을 목격하고, 복수를 하기 위해 그의 아내 아영을 다치게 할 계획을 세운다."
668,369443,그놈이다,영화,KR,109.0,,"세상에 단 둘뿐인 가족 장우와 은지. 부둣가 마을의 재개발로 장우는 은지를 위해 서울로 이사를 결심하지만, 은지가 홀연히 사라지고 3일 만에 시체가 되어 돌아온다. 목격자도 단서도 증거도 없이 홀로 범인 찾기에 혈안이 된 장우는 동생의 영혼을 위로하는 천도재에서 넋건지기굿(저승 가는 길 배불리 먹고 가라고 붉은 천에 밥이 한가득 담긴 놋그릇을 바다를 향해 던지는 의식)의 그릇이 흘러 간 곳에 우연히 서 있는 한 남자를 발견한다. 장우를 피해 달아나는 그를 죽은 동생이 범인으로 지목한 거라 생각한 장우는 그놈의 흔적을 찾기 시작한다.  타인의 죽음을 볼 수 있는 예지력으로 마을에서 외톨이처럼 지내는 시은은 자신에게 가장 먼저 말을 걸어준 유일한 친구 은지의 죽음을 보지만 외면하고, 그 죄책감에 장우에게 다가선다. 또 다른 죽음을 예견한 시은. 장우는 시은이 예견한 장소에 나타난 그놈의 흔적을 쫓아가다 평소 사람 좋기로 소문난 동네 약국의 약사에게 이른다. 그를 범인으로 믿는 장우. 경찰은 장우의 얘기를 무시하고 장우의 먼 친척 형을 용의자로 검거한다. 그 누구도 자신의 말을 믿어주지 않자 장우는 무작정 약사를 쫓기 시작하는데…"
669,172716,분노의 윤리학,영화,KR,110.0,,"어느 날, 미모의 여대생이 살해된다. 그녀의 죽음을 계기로 그녀를 둘러싼 주변인들은 서로의 존재를 눈치 채게 된다. 여대생의 옆집에 살면서 그녀를 도청하는 경찰, 삼촌을 자임하던 잔인한 사채업자, 끝난 사랑을 받아들이지 못하고 스토킹하던 옛 애인, 아내 모르게 불륜을 저지르던 대학교수. 평소 누구보다 평범하고 점잖은 얼굴을 한 채 살아왔던 이들은 살인사건을 계기로 자신의 내면에 자리하고 있던 분노를 발견하고, 죽음의 책임을 서로에게 돌리기 시작한다. 이기적 욕망으로 자신을 가리고 서로를 응징하려 드는 네 남자는 이제 악질적으로 자신의 본색을 드러낸다. 자신만은 순결하다고 주장하는 네 사람 앞에 또 다른 여인이 나타난다. 살인보다 불륜이 더 참을 수 없는, 자존심을 다친 것이 무엇보다 불쾌하고 화가 난 여자는 묻는다. “잘못한 사람은 아무도 없네요?” 서로를 심판하겠다고 나선 이들이 만들어 낸 분노의 연쇄 고리 속에서 사건은 점점 예상하지 못한 방향으로 흘러 간다."
670,1005026,어게인 1997,영화,KR,104.0,,"스턴트맨 40대 가장 ‘우석’은 배우의 꿈을 접게 만든 얼굴의 흉터가 생기기 전, 인생에서 제일 잘 나가던 1997년 고등학교 그 시절로 돌아가고만 싶다. 어느 날, 이름 모를 한 스님을 도와주고 인생을 바꿔준다는 5장의 부적을 구입하고 우연처럼 촬영 중 자동차가 절벽에서 추락하는 사고로 그토록 갈망하던 1997년 고등학생 ‘우석’으로 깨어난다! 쓰레기 같은 아빠, 아들, 남편이었던 지난 인생 1회차를 개조하기 위한 프로젝트는 이제부터 시작이다. 일진생활 청산, 착실한 학업태도, 미안하기만 한 미래의 내 아내 ‘지민’에게서 멀리 떨어지기… 짱이었던 친구가 꼰대가 되었다고 질타하는 ‘봉균’ & ‘지성’아, 미안~ 그런데 왜 ‘그 때’ 그 일이 또 다시 일어날 것만 같은 이 기분은 뭐지?"
671,40228,1번가의 기적,영화,KR,113.0,,"재개발의 막중한 임무를 띠고 에쿠스를 끌며 폼 나게 1번가에 나타난 날건달, 필제. ‘천하의 나쁜 노무새끼’가 되어 피도 눈물도 없이 무대뽀로 마을 사람들을 밀어내려 단단히 맘을 먹었건만 도착한 첫날부터 맞닥뜨린 깡따구 센 여자 복서 명란을 비롯하여 예측불허의 마을 사람들로 인해 필제의 계획은 꼬이기 시작한다."
672,276170,세상에서 가장 아름다운 이별,영화,KR,125.0,,"“피곤해” 병원 일에만 신경 쓰는 가장(김갑수)  “밥 줘, 밥” 어린애가 되어버린 할머니(김지영)  “알아서 할게요” 언제나 바쁜 큰 딸(박하선)  “됐어요” 여자친구밖에 모르는 삼수생 아들(류덕환)  “돈 좀 줘” 툭 하면 사고치는 백수 외삼촌 부부(유준상&amp;서영희)  그리고.. 꿈 많고 할 일도 많은 엄마(배종옥)  영원히 반복될 것만 같았던 일상에 찾아온 이별의 순간. 그날 이후…우리는 진짜 ‘가족’이 되었습니다."
673,940164,부기나이트,영화,KR,88.0,,"북한의 핵폭탄 선전포고로 아수라장이 되어버린 세상, 몇 시간 전까지만 해도 지루하고 평범한 일상을 살던 유빈은 인생에 마지막이 될 하루를 즐기기 위해 친구들과 함께 나이트클럽으로 향한다. 남자 화장실에서 만난 연주부터 큰돈을 만지게 해 준다는 술집 마담, 나이트클럽에서 만난 경아, 경아 대신 약속 장소로 나온 유라, 그리고 뜻밖의 장소에서 우연히 만난 첫사랑 수경까지  살아생전 데이트 한 번 못해본 유빈은 살아있는 하룻밤 동안 다섯 여자가 줄줄이 꼬이기 시작하면서 예기치 못한 사건 사고들이 벌어지기 시작하는데…"
674,452408,보안관,영화,KR,115.0,,"과잉 수사로 잘리고 낙향한 전직 형사 대호. 보안관을 자처하며 바다만큼 드넓은 오지랖으로 기장 평화를 수호한다. 평화롭던 동네에 비치타운 건설을 위해 성공한 사업가 종진이 서울에서 내려온 그때, 인근 해운대에 마약이 돌기 시작한다. 종진의 모든 행보가 의심스러운 대호는 그를 마약사범으로 의심해 형사의 직감을 부르짖으며 처남 덕만을 조수로 ‘나 홀로 수사’에 나선다. 허나, 민심은 돈 많고 세련되고, 대호의 공격에도 그를 은인으로 모시는 겸손함까지 갖춘 종진에게로 옮겨간 지 오래. 대호는 점점 낙동강 오리알이 되는데…"
675,54201,키친,영화,KR,102.0,,"사랑스런 그녀,누구나 사랑할 수 밖에 없는 달콤한 악마, 모래(신민아). 어렸을 때부터 늘 곁에 있어 마치 공기와도 같은 상인 형. 형이 없었다면 지금의 나도 없었을 지 모른다. 첫 번째 결혼기념일. 형의 선물을 사러 간 갤러리에서 나 자신 조차도 믿을 수 없는 경험을 하게 된다. 이성이 마비되고 심장이 터질 것 같은 이 느낌을 무어라 말할 수 있을까.  자유로운 영혼, 사랑 앞에 거침없이 돌진하는 남자, 두레(주지훈). 프랑스에서 상인 형을 만난 것도, 레스토랑 오픈을 위해 형이 나를 이곳으로 부른 것도 이미 정해져 있던 운명의 수순이었는지 모른다. 한낮의 눈부신 햇빛과도 같은 그녀는 내 눈을 멀게 하고 내 심장을 멈추게 했다. 한국에서의 첫 보금자리, 놀랍게도 그곳에서 그녀를 다시 만났다.  모든 여자들의 로망, 완벽한 조건에 자상한 매력까지 겸비한 남자, 상인(김태우). 요리사의 꿈을 위해 잘 나가던 펀드매니저를 그만뒀다. 망설임 없는 결정을 내릴 수 있었던 건 언제나 나를 위해 환하게 웃어주는 모래가 내 곁에 있기 때문이다. 모래는 내게 모든 걸 가능하게 하고 동시에 모든 걸 불가능하게 한다.  두 남자와 한 여자가 한 키친을 공유하기 시작했다. 그들이 보여주는 달콤 쌉싸름한 시크릿 로맨스가 지금부터 펼쳐진다."
676,1189165,뽀로로 극장판 슈퍼스타 대모험,영화,KR,78.0,,"뽀로로와 친구들은 전 우주를 통틀어 최고의 슈퍼스타를 뽑는 음악 축제 ‘파랑돌 슈퍼스타 선발대회’ 축제에 참가하기 위해 모험을 떠난다. 파랑뎔 행성에 불시착한 뽀로로와 친구들 앞에 나타난 열정 가득한 매니저 ‘스캣’의 도움으로 ‘뽀로로 밴드’는 가까스로 설레는 예선 무대에 오른다. 한편, 악당 ‘빅벤’은 ‘스캣’과의 경쟁에서 이기기 위해 모든 것이 완벽한 AI 아이돌 ‘아이원’을 앞세워 대회에 참가하지만 ‘뽀로로 밴드’의 예상치 못한 인기에 위기감을 느껴 급기야 방해 공작을 벌이게 되고, 뽀로로와 친구들은 마지막 공연을 앞두고 갑작스러운 위기를 맞이하는데…"
677,1211635,만남의 집,영화,KR,123.0,,"15년 차 교도관 태저는 근무 중 담당 수용자 미영의 모친 사망 소식을 전해 듣는다. 어느 겨울밤, 장례식장 빈소에서 예기치 못한 만남을 하게 된 태저와 미영의 딸 준영. 짧은 만남은 두 사람의 삶에 따스한 균열을 일으키고, 결국 세 인물의 연결고리를 만들어낸다."
678,65337,공공의 적 1-1: 강철중,영화,KR,127.0,,"강동서 강력반 꼴통 형사 강철중. 5년이 지난 지금도 여전히 사건 현장을 누비고 다니지만 15년 차 형사생활에 남은 거라곤 달랑 전세 집 한 칸. 형사라는 직업 때문에 은행에서 전세금 대출받는 것도 여의치 않다. 잘해야 본전 잘 못하면 사망 혹은 병신이 될 수도 있는 빡센 형사생활에 넌더리가 난 그는 급기야 사표를 제출한다.  하지만 그때 한 고등학교에서 터진 살인사건 때문에 그의 사표 수리는 미뤄지고 이번 사건만 해결하면 퇴직금을 주겠다는 반장의 회유에 말려들어 귀찮은 사건 현장으로 돌아간다. 도무지 해결의 기미가 보이지 않던 살인사건은 죽은 학생의 지문이 얼마 전 강동서 관할에서 일어난 도축장 살인사건 현장에서 발견된 칼에 남겨진 지문과 같다는 사실이 밝혀지면서 새로운 국면을 맡는다. 강철중은 죽은 피해 학생과 어울려 다녔다는 친구 3명을 만나 단서를 찾기 시작한다. 아이들이 얼마 전 거성이란 회사에 취업했다는 사실을 알아낸 강철중은 이 사건이 거성 그룹과 관계 있다는 것을 감지하고 거성 그룹의 회장인 이원술’의 뒤를 쫓기 시작한다. 한편, 자신의 사업체마다 나타가서 훼방을 놓는 강철중 때문에 심기가 불편해진 이원술 역시 조용히 반격을 준비 하는 데…"
679,55641,이층의 악당,영화,KR,115.0,,"연주는 매일같이 반복되는 하루가 무료하고 일상에 지쳐있는 까칠한 여자로, 외모 콤플렉스에 사로잡힌 여중생 딸 성아와 단 둘이 살고 있다. 설상가상으로 경제적인 어려움에 처하게 된 그녀는 비어있는 2층을 세놓기로 결정한다. 때 마침, 이 평범하지 않은 모녀의 주위를 돌며 그녀들의 일거수일투족을 관찰하던 창인. 자신을 작가라 밝힌 그는 소설을 쓰기 위해 두 달간만 지내겠다며 2층 방으로 이사를 오게 된다. 이 후 호시탐탐 기회를 엿보던 창인은 모녀가 집을 비우면 1층으로 내려와 무언가를 찾는 듯 수상한 행동을 하기 시작하고 이를 지켜본 동네 주민들은 그의 정체를 의심하기 시작한다."
680,193689,고령화 가족,영화,KR,113.0,,"평화롭던 엄마 집에 나이 값 못하는 가족이 다시 모여들기 시작한다. 엄마 집에 빈대 붙어 사는 철없는 백수 첫째 한모, 흥행참패 영화감독 둘째 인모, 결혼만 세 번째인 뻔뻔한 로맨티스트 셋째 미연. 서로가 껄끄럽기만 한 삼 남매와 미연을 쏙 빼 닮아 되바라진 성격의 개념상실 여중생 민경까지, 모이기만 하면 사건 사고가 끊이지 않는 이들의 속사정이 공개된다."
681,49202,가문의 영광,영화,KR,115.0,,"준수한 외모에 서울 법대를 졸업한 엘리트 사업가 박대서. 어느 날 생판 모르는 여자 장진경과 침대에서 잠이 깬 뒤 화들짝 놀란다. 함께 잠자리에 든 기억이 전혀 없는 이 여자, 알고 보니 전남 여수에서 한가닥 하는 집안의 고명딸이다. 이제 대서는 구석에 몰린 생쥐나 다름없다. 진경의 아버지와 세 오빠가 둘을 결혼시키기 위해 물불을 가리지 않고 덤벼들기 때문이다. 모든 걸 다 갖췄지만 무식이 뚝뚝 흐르는 이 집안 사람들은 학벌 좋은 대서를 사위로 맞이해 가문의 영광을 되살리려 한다."
682,1117291,그 여름,영화,KR,61.0,,"갈색 눈동자를 가진 평범한 학생 이경. 여름의 햇살을 닮은 고교 축구선수 수이. 열여덟 살의 여름, 예기치 못한 사랑에 빠진  이경과 수이는 함께하는 미래를 그리며 스무살을 맞이한다. 대학에 진학한 이경과 달리 수이는 바로 사회에 뛰어들고, 낯선 행복과 사소한 오해 속에서 둘은 새로운 계절을 마주하게 된다."
683,452714,석조저택 살인사건,영화,KR,109.0,,"해방 후 경성, 거대한 석조저택에서 두 남자가 마주한다. 그리고 울린 여섯 발의 총성. 최초 신고자의 전화를 받고 경찰이 출동하고, 운전수 최승만을 살해한 혐의로 경성 최고의 재력가 남도진이 체포된다. 하지만 현장에 남은 건 사체를 태운 흔적과 핏자국, 그리고 잘려나간 손가락 뿐. 미스터리한 석조저택 살인사건을 두고 치열한 법정공방이 벌어지는데…"
684,49190,남극일기,영화,KR,114.0,,"영하 80도의 혹한. 낮과 밤이 6개월씩 계속되는 남극. 탐험대장 최도형을 비롯한 6명의 탐험대원은 도달불능점 정복에 나선다. 해가 지기 전, 도달불능점에 도착해야 하는 세계 최초 무보급 횡단. 이제 남은 시간은 60일. 세상에서 가장 힘들고 불가능해 보이는 도전이 시작된다!  우연히 발견한 낡은 깃발. 그 아래에 묻혀있는 80년 전 영국탐험대의 「남극일기」. 일기에 나오는 영국탐험대도 우리와 같은 6명. 그런데 팀의 막내인 민재는 일기에서 이상한 점을 발견하게 되는데. 탐험대가 「남극일기」를 발견한 후부터, 이들에게 알 수 없는 일들이 일어난다.  화이트 아웃 상태.바이러스가 살지 않는 남극에서 감기증상을 보이며 쓰러지는 대원, 갑자기 불어 닥친 돌풍 블리자드와 함께 위험천만한 상황은 계속되는 남극. 어느 날부터 베이스캠프의 유진과의 교신도 끊어지고 통신 장비들이 말을 듣지 않는다. 동시에 베이스캠프에 송신되는 기이한 영상과 비상교신음들. 눈앞에 보이는 것은 하얀 눈밖에 없는 공포에 순간, 하나..둘.. 대원들이 남극속으로 사라진다. 해지기 15일전. 이제 남은 시간도, 식량도 바닥이 난 상황. 계속되는 의문의 사건과 대원들의 희생에도 최도형의 그곳을 향한 의지는 점점 더 강해져만 가고. 남은 대원들은 두려움에 떨며 어둠이 이 대륙을 덮기 전에 이곳을 탈출 할 수 있기만을 바랄 뿐이다. 그곳에 가기만 하면 이 모든 악몽이 끝날 수 있는 것일까?"
685,296633,제보자,영화,KR,113.0,,"세계 최초로 인간배아줄기세포 추출에 성공한 '이장환' 박사의 연구 결과가 국민적인 관심사로 떠오르고 있는 가운데 PD추적 '윤민철' PD는 익명의 제보자로부터 한 통의 전화를 받게 된다. 얼마 전까지 '이장환' 박사와 함께 줄기세포 연구를 해오던 '심민호' 팀장은 '윤민철' PD에게 논문이 조작되었다는 사실과 함께 줄기세포 실험 과정에서 벌어진 비윤리적 행위에 대해 양심 선언하게 된다. 제보자의 증언 하나만을 믿고 사건에 뛰어든 '윤민철' PD는 '이장환' 박사를 비판하는 것은 국익에 반하는 것이라는 여론과 언론의 거센 비판에 한계를 느끼게 되고, 결국 방송이 나가지 못하게 되는 위기에 처하게 되는데…"
686,39021,싸움의 기술,영화,KR,100.0,,"맞고 사는 게 일과인, 쉼 없이 구타를 유발시키는 소심한 부실고딩 송병태. 안 맞고 사는 평안한 삶을 꿈꾸며 온갖 책을 독파했으나 하루 하루가 고난의 연속이다. 그러던 어느 날, 대명 독서설 특실 B호에 기거 중인 한 낯선 남자를 발견하는데... 놀라운 어록들과 고수의 포스! 드디어 그 분이 오셨다!"
687,1314450,"안녕, 할부지",영화,KR,95.0,,"선물로 찾아온 만남, 예정된 이별. 푸바오의 중국 귀환 일정이 결정되고, 사랑하는 이들의 아쉬움이 커져만 간다. 마침내 다가온 이별의 순간, 푸바오의 행복을 위해 애써 담담해 보였던 강바오와 송바오 역시 흔들리기 시작하는데… 헤어질 때를 알기에 매 순간 진심이고 애틋했던 그들. 1354일, 그동안의 못다 한 이야기. 안녕, 그리고 안녕…"
688,132711,바람과 함께 사라지다,영화,KR,121.0,,"총명함은 타고났으나 우의정의 서자요, 잡서적에 빠져 지내던 덕무. 얼음 독점권을 차지하려는 좌의정 조명수에 의해 아버지가 누명을 쓰게 되자 그의 뒤통수를 칠 묘안을 떠올린다. 바로 서빙고의 얼음을 통째로 털겠다는 것! 한때 서빙고를 관리했지만 조명수 일행에 의해 파직당한 동수와 손을 잡은 덕무는 작전에 필요한 조선 제일의 고수들을 찾아 나선다. 한양 최고의 돈줄 수균을 물주로 잡고, 도굴 전문가 석창, 폭탄 제조 전문가 대현, 변장술의 달인 재준, 총알배송 마차꾼 철주 등 각 분야 전문가들을 불러모은 덕무와 동수. 여기에 동수의 여동생인 잠수전문가 수련과 아이디어 뱅크 정군, 유언비어의 원조 난이까지 조선 최고의 꾼들이 모두 한자리에 모이게 되고, 3만정의 얼음을 훔치기 위한 본격 작전에 나서기 시작한다."
689,91239,커플즈,영화,KR,110.0,,"문자 한 통 남기고 사라져버린 여자친구를 수소문하는 유석, 떠난 남친이 남긴 A급 큐빅 반지만 손에 쥔 여자 애연, 사랑을 찾아 바람처럼 떠도는 여자 나리, 친구의 친구를 사랑한 자칭 도시의 하이에나 복남, 그리고 사랑은 절대 없을 거라 믿었던 거친 남자 병찬. 저마다 특별한 사연을 가진 다섯 싱글이 우연과 필연, 인연과 악연으로 얽히고 설켜드는데..."
690,1095848,오후 네시,영화,KR,109.0,,평화로운 전원생활을 꿈꾸며 새집으로 이사 온 부부 ‘정인’과 ‘현숙’은 매일 같은 시각 방문해 침묵으로 일관하는 이웃 ‘육남’으로 인해 서서히 공포스러운 현실을 마주하게 되는데...
691,393985,특별수사: 사형수의 편지,영화,KR,120.0,,"한때는 모범 경찰, 지금은 잘 나가는 브로커 필재. 끊이지 않는 사건 수임으로 ‘신이 내린 브로커’로 불리는 그와  브로커 모시며 일하는 변호사 판수에게 어느 날, 사형수로부터 의문의 편지 한 통이 도착한다. 세간을 뒤흔든 인천의 재벌 대해제철 며느리 살인사건의 범인 순태는 자신의 억울함을 주장하고, 사건 브로커 필재는 점점 커지는 사건의 배후가 있음을 직감한다. 권력과 돈으로 살인까지 덮어버린 재벌가의 만행을 밝히기 위해 브로커 필재와 변호사 판수 아재콤비가 답답한 속을 뻥! 뚫어줄 특.별.수.사를 시작한다!"
692,1173370,로보카폴리 사막 구조대 이야기,영화,KR,49.0,,"어느 날, 해안가에 기억을 잃고 쓰러져 있던 사막 구조대 ‘드로니’는 브룸스타운 구조대의 도움으로 기억을 되찾고 구조대들과 특별한 우정을 간직한 채 사막으로 돌아간다. 얼마 후, 샌드빌로 여행을 떠났던 캠프가 사고를 당하자, 브룸스타운의 구조대 폴리와 로이는 캠프를 구하기 위해 사막으로 떠나고, 모래폭풍의 위기 속에서 구조의 어려움을 겪던 폴리와 로이는 사막구조대의 도움으로 캠프를 무사히 구조한다. 한편, 다정한 원예자동차 데이지 할머니는 브룸스타운에 방문하기로 한 손님이 사막에서 사고를 당했다는 소식을 듣게 되는데…"
693,820625,범털 2: 쩐의 전쟁,영화,KR,111.0,,"교도소 내 권력의 양대 산맥 폭력방 VS 취사방. 유일하게 무기를 소유할 수 있는 취사반장은 숨은 실세로 추앙받으며  폭력방의 범털에게 항상 불만을 품게 되고, 그로 인해 감빵 안에는 극도의 긴장감이 맴돈다. 그러던 중, 취사반장의 과거 악연 ‘기철’이 폭력방으로 입소하고, 본격적으로 두 방 사이 팽팽한 대립이 시작된다. 교도소를 움직이는 재벌 회장과 보안과장까지 개입된 더욱 거대해진 판 속, 진정한 범털을 가리기 위한 싸움으로 크게 번져가는데…."
694,1306820,매드 댄스 오피스,영화,KR,107.0,,"24시간 빈틈없이 살아온 구청의 갓생 과장 국희. 승진은 코앞이고, 딸의 취업까지! 모든 것이 그녀의 계획대로 완벽하게 진행될 줄 알았다. 그런데 완벽했던 스텝이 꼬여버리기 시작한다! 도둑맞은 승진, 연락 두절된 딸, 그리고 텅 빈 마음... 엉망진창이 된 인생 박자를 수습하기 위해 찾아간 곳은 플라멩코 연습실? 완벽하지 않아도 괜찮은, 인생 리듬 되찾기 프로젝트!"
695,413740,범죄의 여왕,영화,KR,103.0,,"아들을 위해서라면 쪽팔릴 것도, 못할 것도 없는 프로급 오지라퍼 미경. 아들이 사는 고시원에서 수도 요금이 120만원이나 나오자 이를 해결하기 위해 나섰다가, 이보다 더 큰 사건이 있음을 감지하고 미경의 남다른 '촉'이 발동하는데..."
696,322435,공포특급,영화,KR,90.0,,
697,1204889,폭락,영화,KR,110.0,,"“기대에 부응해야지?” 엄마 옥자의 열성과 본인의 타고난 욕심으로 교육 1번지 서울 대치동으로 위장 전입한 도현. 벤츠타고 다니는 부자이면서 장애 혜택을 받아먹던 친구에게 교환학생의 기회마저 뺏기고, 그 친구가 진짜 장애인이 아니었단 걸 알게 된 그 때부터 정부 지원금의 맹점에 눈을 뜬다. 대학교 창업동아리에서 만난 동기 지우와 함께 청년·여성·장애 등의 가산점을 악용해 청년 창업 지원금을 수급하고, “창업 지원금은 나랏돈으로 망해 보라고 주는 눈 먼 돈”임을 간파해 의도적으로 고의부도와 폐업을 전전한다. 투자자 케빈에게 억대 후원을 받는 암호화폐 벤처를 창업한 도현은 야망에 이끌려 ‘MOMMY’ 코인을 개발해 역대 최고치의 실적을 내지만, 알고리즘과 불완전 이자 수익 등 금융기관으로부터 모니터가 들어오게 되는데…"
698,131922,복면달호,영화,JP,114.0,,"내일의 락스타를 꿈꾸며 지방 나이트에서 열심히 샤우팅을 내지르던 봉달호와 그의 목소리에서 신이 내린 천상의 뽕필을 발견한큰소리 기획의 장사장의 잘못된 만남. 가수 데뷔라는 말에 이성상실, 앞뒤 안 보고 계약서에 도장을 찍어버린 후 달호의 인생은 완전 화려하게 꼬여 버렸다. 자신을 키워 줄 것이라 굳게 믿었던 큰소리 기획이 트로트 전문 음반 기획사였던 것이다. 결국 법적 사슬에 묶여 피할 수 없는 현실 앞에 어쩔 수 없이 트로트 가수로 거듭나기 위한 초강도의 스파르타 식 트레이닝에 들어간 봉달호. 이로써 큰소리 기획의 야심 찬 프로젝트가 시작되는데..."
699,359243,치외법권,영화,KR,104.0,,"범인만 봤다 하면 일단 패고 보는 프로파일러 ‘정진’. 여자 꼬시려고 경찰대 수석 졸업한 강력계 형사 ‘유민’. 경찰청장도 포기한 두 또라이 형사가 특수수사본부로 비밀리에 호출된다.  그야말로 골칫덩어리에, 내놓은 자식인 두 형사에게 대한민국 높으신 분들을 뒤에 업고 법 위에 군림하는 최악의 범죄조직 보스를 잡으라는 명령이 떨어진다. 어떤 명령도, 외압도 받지 않는 특별한 수사팀에 투입된 두 형사. 법보다 주먹이 통하는 세상을 향한 그들의 통쾌한 액션이 시작된다."
700,604343,박나래의 농염주의보,영화,KR,62.0,,"콩트의 신! 예능 대세 박나래가 첫 스탠딩 코미디에 도전한다! 말빨! 개그빨! 다 되는 농익은 그녀의 ‘연애노하우’와 그 어디에도 공개되지 않은 그녀의 연애 에피소드를 그녀만의 방식으로 유머러스하게 풀어냈다! 언제나 뜨거운 여자, 대한민국 대표 코미디언 박나래. 그녀가 방송에선 못 했던 아찔한 경험담을 방출한다. 상상을 뛰어넘는 농염한 무대. 이렇게 깊이 들어갈 줄 몰랐죠?"
701,18464,6년째 연애중,영화,KR,112.0,,"탁월한 경제성과 사생활 보호, 거기에 공공의 즐거움까지 일석 삼조의 노하우를 지닌 영리한 커플이 있다. 발소리만 들어도, 눈빛만 봐도 척하면 착! 서로 좋아하는 체위까지 몸에 밴 두 사람 ‘재영’과 ‘다진’은 벽하나를 사이에 두고 쿨한 6년차 연애질을 시작한다. 베란다에서 펼쳐지는 아름다운 야경을 즐기고, 모텔보다 아늑한 침대도 두 개, 거기다 생리대 심부름까지 바로 바로 OK! 장기 연애 노하우를 바탕으로 만든 연애 지침서를 히트시킨 베스트 셀러 기획자 다진은 서른 전 팀장 입성을 코 앞에 두고 일과 사랑 두 마리 토끼를 다 잡으려 한다. 지지리 궁상 떠는 친구들의 애정 상담 전문가로도 손색 없는 홈쇼핑 PD 재영도 남 부러울 게 없다. 승승가도를 달리기만 하는 그들의 빛나는 인생!! 그러나… 내년에도 후년에도 환상 커플의 궁합은 계속 뜨겁기만 할까? ."
702,125183,미술관 옆 동물원,영화,KR,108.0,,"결혼식 비디오를 찍는 일을 하고 있는 춘희는 자주 주례를 서는 국회의원의 보좌관 인공을 짝사랑하고 있는 중이다. 그러던 어느 날, 게으른 춘희의 자취방에 군대에서 휴가를 나온 철수가 찾아와 이사간 다혜의 연락처를 내놓으라며 막무가내로 들어온다. 철수의 등장으로 춘희는 쓰고 있던 시나리오가 진척이 되지 않고, 철수는 결혼을 한다며 연락을 피하는 다혜 때문에 속앓이를 한다. 감정에 충실한 동물원 남자 철수는 소녀적인 미술관 여자 춘희의 시나리오에 핀잔을 주고 둘은 서로가 사랑하는 인공과 다혜를 내세워 시나리오를 쓰기 시작한다. 시나리오 안에서 미술관 안내원 다혜와 동물원 수의사 인공의 관계가 발전할수록 철수와 춘희의 관계도 달라지는데..."
703,25660,인정사정 볼 것 없다,영화,KR,112.0,,"비 내리는 도심 한복판. 대담한 살인 사건이 3건 일어나고 쏟아지는 비에 증거는 씻겨 내려간다. 비상이 걸린 서부 경찰서 강력반, 영구라는 별명으로 불릴 만큼 괴팍하고 물불 안가리는 우형사와 김형사는 사건에 관계된 짱구와 영배를 잡아들여 주범이 강성민이라는 사실을 알아낸다. 수사팀은 강성민의 여자 친구인 주연의 집에 잠복하지만 우형사의 추격에도 강성민을 놓치고 마는데.."
704,326854,내 심장을 쏴라,영화,KR,102.0,,"경험이 말한다! “이 녀석은 피하라고!” 어린 시절의 트라우마 때문에 6년째 병원을 제집처럼 드나든, 누구보다 성실한 모범환자 ‘수명’. 하지만 움직이는 시한폭탄 ‘승민’과 엮이면서 그의 평화로운 병원라이프가 흔들리기 시작한다. 본능이 말한다! “이 녀석, 재미있겠다고!” 이유도 없이 강제로 병원에 갇히게 된 ‘승민’. 어떻게든 이 곳을 나가야만 하는 그는 같은 방 동기이자 동갑내기인 ‘수명’을 꼬드겨 탈출을 감행한다. 세상을 상대하러 나선 놈들! 모든 것을 내던진 청춘들의 위험한 탈출이 시작된다!"
705,178743,만남의 광장,영화,KR,107.0,,"강원도 인적 드문 곳에 위치한 평화로운 마을 청솔리. 이 작은 마을 분교에 오랜만에 새로운 선생님이 부임할 예정이다. 하지만 이 곳에 부임하기로 한 진짜 선생님 장근(류승범)은 부임 도중 지뢰밭에서 때 아닌 노숙(?)생활을 시작하고, 우연히 마을을 지나던 ‘삼청교육대’ 출신의 공영탄(임창정)이 선생님으로 자리 잡는다. 답답할 정도로 대쪽 같은 성격에 매일 더하기 빼기만 가르치고, 선생님이라고 하기에는 뭔가 수상한 공영탄. 청솔리 마을 사람들은 이런 공영탄에게 점점 의심을 품기 시작하는데…"
706,32163,미스터 소크라테스,영화,KR,109.0,,돈도 떨어지고 해서 그나마 만만한 꼰대를 찾아갔더니 되려 영치금이나 넣어달라고 시덥잖은 소리를 해댄다. 당장 쓸 돈도 없는데 영치금이라니... 동필이 잘 봐주라는 잔소리에 귓구멍 후비며 돌아오는데 친구새끼한테 전화가 온다. 일 터졌다고 빨리 와서 도와달란다. 빙고! 이 놈이 있었지~! 당분간 살 돈은 땡겼군. 근데... 어라? 가보니 이거 장난이 아니다. 이 새끼가 지 혼자 누굴 죽이고 울고불고 난리 치는데... 아무리 우발적이라고 해도 이런 건 그냥 넘어갈 수가 있나. 잘 처리해주겠다고 안심시키고 밖으로 나와 핸드폰을 켜고 112를 눌렀다. “여기 살인사건이 났는데요.. 범인은 그냥 현장에 있는 것 같아요.. 빨리 오세요...” 퍽! 눈을 떠보니 낯선 곳이다. 웬 등빨 좋은 놈들이 날 동물원의 원숭이 보듯 둘러싸고 있다. 그리고 자꾸 이상한 질문을 해 댄다. 뭐? 테스트 통과라고? 이게 먼 소리야! 엉? 잠깐... 지금 날 여기 가둬놓고 뭘 하겠다고? 날 키우겠다고?!
707,1189904,비밀,영화,KR,110.0,,"한밤 중 화장실에서 발생한 살인 사건, 강력반 형사 동근은 사체에서 10년 전 날짜가 적힌 일기 조각을 발견한다. “이 또한 지나가리라” 동근은 사건의 유일한 증거인 쪽지가 피살자와 함께 군복무했던 영훈의 일기 일부분이라는 것과 10년 전 자살을 선택했다는 사실을 알게 된다. 동근은 당시 군대 가혹 행위의 배후에 있던 인물이자 제약회사 임원 성현을 용의자로 지목하지만, 그 역시 똑같은 방식의 연쇄살인 사건의 피살자로 발견되면서 사건은 점점 미궁 속으로 빠져든다. 한편, 사건을 파고들면서 동근은 영훈이 그와 학창시절을 함께 보낸 친구였다는 것을 알게 되고 잊었던 기억과 함께 사건은 새로운 국면에 접어 드는데…"
708,451957,그 후,영화,KR,91.0,,"첫 출근날, 아름은 사장인 봉완의 헤어진 여자 자리에서 일하게 된다.  사랑의 노트가 발견되고, 봉완의 처가 회사로 찾아 오고, 아름은 헤어진 여자로 오해를 받는다.  결국 아름은 그날 회사를 그만 둘 수 밖에 없게 되는데…"
709,1039470,극장판 뽀로로와 친구들: 바이러스를 없애줘!,영화,KR,62.0,,"게임왕국을 초토화 시킨 네모 바이러스를 없애기 위해  ‘에디박사’의 도움을 구하러 차원을 넘어온 게임왕국의 집사 ‘차차 아저씨’.  그를 쫓아온 바이러스 괴물로 인해 뽀롱뽀롱 마을은 위험에 빠지고,  ‘크롱’과 ‘포비’는 네모가 되어버리고 만다.  뽀로로와 친구들은 게임왕국과 뽀롱뽀롱 마을을 구하기 위해,  팀 뽀로로 & 팀 에디로 나뉘어 ‘에디박사’가 발명한  컴퓨터 백신을 가지고 바이러스 소탕 대작전을 시작하는데…  과연 뽀로로와 친구들은 게임왕국과 뽀롱뽀롱 마을을 지킬 수 있을까?"
710,1420259,사람과 고기,영화,KR,105.0,,"폐지를 주우며 외롭게 살고 있는 형준은 우연히 만난 비슷한 처지의 우식, 화진과 공짜로 고기를 먹으러 다니게 된다. 혼자가 아닌 셋이 고기를 먹기 위해 뭉치는 순간, 노인 3인방은 마침내 살아있음을 느끼고 세상과 연결되는 즐거움을 만끽하게 된다. 그러나 오래 가지 못하고 결국 덜미를 잡히고 마는데.."
711,177152,하류인생,영화,KR,105.0,,"이승만 자유당 정권 말기. 거리는 온통 시위대 행렬로 뒤덮이지만, 껄렁한 교복차림의 태웅은 혼란스러운 상황에는 무관심하다. 단지, 홍익고교 짱에게 얻어터진 친구의 앙갚음을 위해 당장 그 놈을 찾아내야겠다는 생각뿐. 결국 짱을 흠씬 두들겨 패주는 데는 성공하지만, 그 광경을 보고 분노한 승문에게 칼을 맞는 사고를 당한다.  칼이 꽂힌 몸으로 피를 흘리며 승문의 집으로 찾아간 태웅. 승문에게 직접 칼을 뽑으라 으름장을 놓고, 승문의 누나 혜옥은 이런 저돌적인 태웅에게 관심을 갖게 된다. 나중에 경찰들이 이 사건을 전해듣고 야당 정치인인 승문 혜옥 남매의 아버지 박일원의 뒤를 캐내기 위해 태웅을 취조하지만 태웅은 승문의 가족을 보호한다.  무소속으로 선거에 출마하는 박일원. 그러나, 유세장은 자유당의 사주를 받은 정치깡패들의 난입으로 난장판이 된다. 분노한 태웅은 재룡이파 소속의 정치깡패 살모사를 한방에 제압하고 명동파의 노른자위 나이트클럽 마이애미에 기도로 취직하게 된다. 비슷한 시기에 혜옥도 인근지역 교사로 발령이 나면서 두 사람은 점점 서로에게 끌린다.  한편, 명동파와 라이벌인 재룡이파의 대립은 날로 격화되고 결국 명동파는 재룡이파의 배후인 자유당의 음모로 와해된다. 4.19 데모대가 피를 흘리며 쓰러지는 와중에도 태웅은 전직 국회의원들의 빚진 돈을 받으러 다니며 삶을 이어가고, 박일원은 연이은 낙선 끝에 국회의원에 당선된다.  태웅과 혜옥은 결혼을 약속하고, 혜옥은 태웅을 사람 만들어보겠다고 서약하여 기어이 아버지의 승낙을 받아낸다. 결혼과 임신으로 이어지는 행복한 나날. 어느덧 혜옥은 해산의 기미를 보이고, 산부인과로 가던 두 사람은 5.16 쿠데타군의 탱크와 서울 진입 차량들을 목격한다. 이와 함께 태웅의 인생은 현대사의 걷잡을 수 없는 소용돌이 속으로 빠져 들어가게 되는데..."
712,1144610,핑크퐁 시네마 콘서트 3: 진저브레드맨을 잡아라,영화,KR,65.0,,아기상어가 원하는 최고의 아이스크림을 위해  진저브레드맨을 잡아라!  맛있는 아이스크림을 향한 달콤바삭 추격전  핑크퐁 & 호기와 SING나게 떠나볼까?
713,508624,게이트,영화,KR,92.0,,"변두리 동네의 한 아파트에 모여 설계도를 펼치는 수상한 녀석들.  인생 역전 대박을 이뤄줄 마지막 한 탕을 노린다. 근데, 파면 팔수록 뭔가 이상하다? 금고 털러 왔다가 대한민국을 뒤집어버린 남다른 스케일의 도둑들이 온다! 뭔.가.있.어 당신이 생각하는 그거 말고…"
714,134000,미쓰GO,영화,KR,115.0,,"최악의 대인기피증에 시달리는 소심한 여인 천수로 (고현정 분), 수상한 수녀님의 심부름 한번에 500억짜리 범죄에 휘말린다. 어쩌다 만난 다섯 남자들 때문에 일명 '미쓰고'로 불리며 그녀의 인생이 뒤바뀌는데..."
715,60098,하하하,영화,KR,116.0,,"캐나다로 이민을 결심한 문경(김상경)은 선배 중식(유준상)을 만나 청계산 자락에서 막걸리를 마신다. 둘 다 얼마 전 통영에 각자 여행을 다녀온 것을 알게 되고, 막걸리 한잔에 그 곳에서 좋았던 일들을 한 토막씩 얘기하기로 한다. 통영에 계신 어머니(윤여정) 집에서 묵게 된 문경은 통영을 쏘다니다가 관광해설가인 성옥(문소리)을 만나 그녀를 쫓아다니기 시작한다. 성옥의 애인이고 해병대 출신인 정호(김강우)와 부닥침이 있지만, 끝내 성옥의 마음을 얻는데 성공하고 같이 이민을 가자고 설득까지 하게 된다. 중식은 결혼했지만 애인 연주(예지원)가 있고, 함께 통영에 여행을 왔다. 애인은 중식에게 이혼하고 자신과 결혼 할 것을 요구하면서 중식은 괴로워한다. 통영에 내려와 있는 시인 정호와는 친한 사이라 거의 매일 같이 술을 마시고 어울려 다니면서 정호의 애인인 아마추어 시인 성옥과도 알게 된다. 안주 삼아 여름의 인연에 대해 이야기 하고 있던 두 남자, 그러나 알고 보니 그들은 같은 사람들을 만났던 것! 오직 좋았던 일만 얘기하겠다는 두 남자의 만담 같은 코멘트가 청량한 통영에서 일어난 두 커플과 우울한 시인의 만남을 미묘한 댓구의 그림으로 완성해나간다."
716,142284,점쟁이들,영화,KR,119.0,,"점쟁이들의 리더이자 귀신 쫓는 점쟁이 박선생, 공학박사 출신의 과학 하는 점쟁이 석현, 탑골공원에서 활동중인 귀신 보는 점쟁이 심인, 사물을 통해 과거 보는 점쟁이 승희, 미래를 보는 초딩 점쟁이 월광, 그리고 사건을 취재를 위해 이들과 함께 하는 특종 전문 기자 찬영까지…  이들이 마주하게 된 엄청난 저주! 그리고 마을 사람들이 숨기고 있는 비밀! 점쟁이들은 누구도 해결 못한 울진리의 미스터리를 풀 수 있을까?"
717,19613,유감스러운 도시,영화,KR,121.0,,"강력계 근성이 숨쉬고 있는 교통 경찰 ‘장충동’. 외부에 얼굴이 알려지지 않았다는 이유로 특수수사팀에 합류, 기업형 거대 조직의 새내기 조직원으로 잠입하는 일생일대의 특수 임무를 맡게 된다. 일명 ‘대가리’라 불리는 ‘문동식’의 수하가 되어 갖은 구박을 받던 ‘충동’은 특수수사팀의 계획적인 도움으로 조직의 보스 ‘양광섭’의 목숨을 구하고, 조직의 수뇌부로 인정받으며 급부상하게 된다.  한편 조직에서도 특수수사팀의 수사망을 피하기 위해 위장 잠입시킬 인재를 찾고 ‘이중대’가 그 임무를 맡게 된다. 물론, 얼굴이 알려지지 않았다는 이유로…. ‘중대’는 조직원이었을 때의 경험(?)을 십분 발휘해 강력계 사건들을 속속 해결하며 특수수사팀에 합류하게 된다. 그리고 내사과 ‘차세린’ 경위와 사랑에 빠지게 되고 이를 눈치 챈 조직의 2인자 ‘쌍칼’의 감시를 받게 된다.  경찰에서 조직원으로, 조직원에서 경찰로 모든 것이 바뀌어 버린 ‘장충동’과 ‘이중대’는 조직의 러시아 밀거래를 앞두고 속고 속이는 본격적인 임무수행을 시작하는데…. 물 만난 고기처럼 완벽하게 역할체인지 완료! 과연 그들은 본성을 숨기고 아슬아슬한 특수임무를 끝마칠 수 있을까??.."
718,128039,라이터를 켜라,영화,KR,105.0,,"오늘은 예비군 훈련 받는 날. 나이 서른에 부모님 호주머니 돈을 몰래 빌리는 철없는 백수 허봉구, 오늘은 천성이 착해 늘 손해보기 일쑤인 그가 예비군 훈련을 받는 날이다. 아침에 갖고 나온 돈은 운수 없이 바닥 나고 마지막으로 남은 돈 300원은 라이터를 사버렸다. 차비도 없어 목적지도 아닌 서울역까지 택시를 얻어 타고 온 허봉구. 막상 담배를 피려고 보니 라이터가 없다! 화장실에 두고 온 걸 깨닫고 찾아보지만 흔적도 없이 사라진 후, 아까부터 마주쳤던 한 사나이의 얼굴이 스친다. 그는 다름아닌 폼생폼사 건달보스 양철곤. 라이터 얘기를 꺼냈다가 그 철곤 일당에게 철저하게 무시당하는 허봉구. 늘 이리치이고 저리 이치던 허봉구의 마지막 자존심이 바닥을 치는 순간, 이대로는 도저히 물러설 수가 없다. 오직 라이터를 찾겠다는 생각뿐인 그가 철곤 일당을 쫓아 급기야 부산행 기차까지 타게 되는데..."
719,116323,부러진 화살,영화,KR,100.0,,"대학 입시시험에 출제된 수학문제 오류를 지적한 뒤 부당하게 해고된 김경호 교수. 교수지위 확인소송에 패소하고 항소심마저 정당한 사유 없이 기각되자, 담당판사를 찾아가 공정한 재판을 요구하며 석궁으로 위협하기에 이른다. 격렬한 몸싸움, 담당판사의 피 묻은 셔츠, 복부 2cm의 자상, 부러진 화살을 수거했다는 증언… 곧이어 사건의 파장은 일파만파 퍼져나가고, 사법부는 김경호의 행위를 법치주의에 대한 도전이자 ‘테러’로 규정, 피의자를 엄중 처벌하겠다는 입장을 발표한다. 그러나 피의자 김경호가 실제로 화살을 쏜 일이 없다며 결백을 주장하면서, 속전속결로 진행될 것 같았던 재판은 난항을 거듭한다. 한 치의 양보도 없는 법정, 엇갈리는 진술! 결정적인 증거 ‘부러진 화살’은 행방이 묘연한데... 비타협 원칙을 고수하며 재판장에게도 독설을 서슴지 않는 김경호의 불같은 성격에 변호사들은 하나둘씩 변론을 포기하지만, 마지막으로 선임된 자칭 ‘양아치 변호사’ 박준의 등장으로 재판은 활기를 띠기 시작하는데... 상식 없는 세상에 원칙으로 맞서는 한 남자의 이야기가 시작된다!"
720,18431,우리 생애 최고의 순간,영화,KR,124.0,,"대한민국 올림픽 2연패의 주역인 최고의 핸드볼 선수 미숙. 그러나 온 몸을 바쳐 뛴 소속팀이 해체되자, 그녀는 인생의 전부였던 핸드볼을 접고 생계를 위해 대형 마트에서 일하게 된다. 이때 일본 프로팀의 잘나가는 감독으로 활약하고 있던 혜경은 위기에 처한 한국 국가대표팀의 감독대행으로 귀국한다. 팀의 전력을 보강하기 위해 그녀는 자신의 오랜 동료이자 라이벌인 미숙을 비롯한 과거의 영광을 재현할 노장 선수들을 하나 둘 불러모은다.  혜경은 초반부터 강도 높은 훈련으로 전력 강화에 힘쓰지만 그녀의 독선적인 스타일은 개성 강한 신진 선수들과 불화를 야기하고 급기야 노장 선수들과 신진 선수들간의 몸싸움으로까지 번진다. 이에 협회위원장은 선수들과의 불화와 여자라는 점을 문제 삼아 혜경을 감독대행에서 경질시키고 세계적인 스타 플레이어 안승필을 신임 감독으로 임명한다. 무엇보다 자존심이 중요했던 혜경이지만, 미숙의 만류와 일본으로 돌아갈 수도 없는 상황에서 감독이 아닌 선수로 팀에 복귀해 명예 회복에 나선다...."
721,709056,아이,영화,KR,114.0,,"고아 출신 아영은 정부 지원금이 끊기자 돈을 벌기 위해 술집에서 일하며 간신히 생계를 유지하는 싱글맘 영채 아이의 보모 일을 시작한다. 어느 날, 아영이 잠깐 잠이 든 사이, 술에 취한 영채의 실수로 아이가 크게 다치게 되고, 영채는 이를 아영의 탓으로 돌리면서 둘 사이는 멀어져 간다. 그러던 어느 날, 아영은 영채가 아이를 입양 보내려고 한다는 사실을 알게 되고, 아이를 보내지 않기 위해 찾아 나선다."
722,956728,폭로,영화,KR,102.0,,"코와 입이 본드로 막힌 채 잔혹하게 살해된 남성. 유력한 용의자로 체포된 사망한 남성의 배우 출신 아내 성윤아. 살해 계획이 적힌 다이어리와 남편 앞으로 든 보험, 모든 증거와 함께 사건은 일단락되는 듯싶었지만, 국선변호인 이정민이 변호를 맡자 성윤아가 범행을 부인하며 진술을 번복하면서 사건은 또 다른 국면으로 접어드는데…"
723,72067,수상한 고객들,영화,KR,124.0,,"한때는 야구왕을 꿈꾸던, 업계 최고의 안하무인 보험왕 배병우. 어느 날 고객의 자살방조혐의로 인생 최대 위기에 처한 그는 몇 년 전, 고객들과의 찜찜한 계약을 떠올리고 그들을 찾아 나선다. 우울모드 기러기 아빠 오부장과 까칠한 소녀가장 소연, 입만 열면 욕설을 내뱉는 꽃거지 청년 영탁과 애 넷 딸린 억척 과부 복순까지. 방심하다간 한 순간에 한강물로 뛰어들 기세인 그들의 생명을 연장하기 위해 병우는 온갖 감언이설과 허세를 총동원, 고군분투 한다. 불순한 의도로 접근했지만, 예상치 못했던 그들의 순수함과 가족애에 점점 감화되는 병우. 수상한 고객들을 위한 그의 A/S는 과연 성공할 수 있을 것인가?"
724,1007481,한국이 싫어서,영화,KR,106.0,,"어느 날 자신의 행복을 찾아 한국을 떠나기로 결심하는 20대 계나. 직장과 가족, 남자 친구도 모두 뒤로한 채 새로운 삶을 꿈꾸며 뉴질랜드로 향한다. 계나는 지금 이 순간의 행복을 좇아 떠나기로 했다."
725,1007012,극장판 엄마 까투리: 도시로 간 까투리 가족,영화,KR,78.0,,"대한민국 대표 애니메이션 ‘엄마 까투리’의 첫 번째 극장판  새로운 보금자리를 찾아 나선 까투리 가족의 위대한 여정이 시작된다!  엄마 까투리와 꺼병이 4남매는 평화로웠던 숲이 아파트 개발로 위험해지자,  정든 보금자리를 뒤로하고 서둘러 이사를 결심한다.  건너편 산으로 가기 위해서는 위험천만한 도시 한 가운데를 지나야만 하는 상황!  다행히 쥐돌이 가족의 도움으로 하룻밤 안식처를 구하지만, 그것도 잠시…  호시탐탐 꺼병이들을 노리는 도시 길냥이들을 엄마가 혼쭐 내주는 사이,  꺼병이들은 사라져버리고, 아이들을 찾아 나서는 엄마 역시 큰 위험에 처하게 되는데…  과연, 헤어진 엄마 까투리와 꺼병이 4남매는 무사히 새 집에 도착할 수 있을까?"
726,423248,문영,영화,KR,64.0,,"카메라에 사람들의 얼굴을 담는 말 없는 소녀, 문영. 추운 겨울, 술주정하는 아버지를 피해 뛰쳐나온 문영은 연인과 울며 헤어지는 희수를 몰래 찍다가 들키게 되는데... 학교에서도, 집에서도 혼자이던 문영의 곁으로 희수가 들어온다."
727,1560590,극장판 똘똘이: 아기공룡의 비밀,영화,KR,77.0,,"“언니라서 할 수 있어!” 성가신 막내 동생 ‘똘랑이’와 오늘도 티격태격 평범한 일상을 보내던 ‘똘똘이’. 어느 날, 수상한 마녀와 마주친 이후 ‘똘랑이’가 사라져 버리고 눈 앞에 귀여운 아기 공룡이 나타나는데! 어찌된 일인지 가족들은 ‘똘랑이’이에 대한 기억을 전혀 하지 못한다. ‘똘랑이’를 찾을 수 있는 건 언니 ‘똘똘이’뿐! 과연 ‘똘똘이’는 사라진 동생 ‘똘랑이’를 찾을 수 있을까?"
728,1504735,오징어 게임 이야기,영화,KR,33.0,,"《오징어 게임》 감독과 배우들이 함께하는 특별한 시간. 잊을 수 없는 명장면과 숨겨진 비하인드 스토리, 그리고 이 작품과 함께한 대장정이 그들에게 남긴 의미까지 직접 들어본다."
729,39439,라디오 스타,영화,KR,115.0,,"명곡 '비와 당신'으로 88년 가수 왕을 차지했던 최곤은 그 후 대마초 사건, 폭행사건 등에 연루돼 이제는 불륜커플을 상대로 미사리 까페촌에서 기타를 튕기고 있는 신세지만, 아직도 자신이 스타라고 굳게 믿고 있다. 조용하나 싶더니 까페 손님과 시비가 붙은 최곤은 급기야 유치장 신세까지 지게 되는데…일편단심 매니저 박민수는 합의금을 찾아 다니던 중 지인인 방송국 국장을 만나고, 최곤이 영월에서 DJ를 하면 합의금을 내준다는 약속을 받아낸다."
730,577205,극장판 헬로카봇: 옴파로스 섬의 비밀,영화,,78.0,,따뜻한 남태평양으로 휴가를 떠난 차탄 가족과 친구들은 어느 외딴섬에 표류하고 만다. 그곳은 바로 지구의 배꼽이라 불리는 강력한 생명력을 지닌 신비의 섬 ‘옴파로스’! 그곳에서 차탄 가족은 ‘슈퍼연료전지 구공탄’을 노리는 외계 로봇들의 공격으로 위기에 처하는데… 지구 온난화를 일으켜 세상을 정복하려는 ‘외계인’들에 맞선 차탄과 ‘동물카봇’의 운명을 건 대결이 시작된다!
731,805046,낫아웃,영화,KR,107.0,,"고교야구 유망주인 열아홉 소년 광호. 프로야구 선수 드래프트에서 선발되지 못해 상처받은 광호는 대학에 진학해 야구를 계속하기를 원하지만, 그가 대학에 가려고 하자 고교 감독은 뇌물을 은근히 요구하고 동료들은 등을 돌린다."
732,33171,공공의 적,영화,KR,138.0,,"비오는 한밤, 잠복근무 중이던 철중은 전봇대 뒤에서 어쩔 수 없이 볼 일을 본다. 그 때 철중과 부딪히는 검은 그림자. 철중은 비도 내리고 똥도 묻은 김에 가차없이 달려가 사내의 뒤통수를 후려친다. 휘청이며 밀려가는 사내. 다시 철중이 주먹을 날리려는데 희번득이는 물체가 철중의 눈밑을 때리고 튕겨나간다. 철철 흐르는 피에 눈을 감싸쥐고 주저앉는데..."
733,1304096,공포특급,영화,KR,91.0,,"주작한 심령 현상을 생중계하며 인기 유튜버로 급성장한 ‘쥬저링’.  하지만 기쁨도 잠시, 주작을 들킨 ‘쥬저링’은 채널을 접어야 하는 위기에 빠진다.  불리한 상황을 한방에 뒤집으려는 ‘쥬저링’은 ‘마야신녀’와 함께 인적이 드문 외딴 집에서 회심의 심령 현상 라이브 쇼를 시작한다.  그 순간 이유를 알 수 없는 섬뜩한 일들이 벌어지고, 의문의 남성 ‘성민’과 마주치는데…"
734,38054,오로라 공주,영화,KR,106.0,,"잔혹하게 슬픈 연쇄살인극  연이은 살인사건, 시신 곁에 어김없이 붙어있는 오로라 공주 스티커, 사건을 담당한 오형사는 현장 CCTV를 통해 “날 찾아봐…”라는 메시지를 남기는 정순정이 범인임을 직감하지만 피해자들의 공통점은 어디서도 발견되지 않는다. 수사팀을 혼란에 빠뜨리며 각기 다른 수법으로 잔혹한 살인을 집행하는 순정, 돌연 살인장소를 공개하며 도심 외곽 쓰레기매립장으로 군, 경찰과 언론, 전국민의 시선을 집중시키는데…"
735,211247,사이비,영화,KR,100.0,,"수몰예정지역인 마을에 교회가 새로 생긴다.  기적을 빙자해 사람들의 보상금을 노리는 장로를 돕는 목사와 그들의 정체를 유일하게 알고 있는 주정뱅이 폭군,  그리고 이들을 둘러싼 사람들은 결국 충돌하는데…  당신이 믿는 것은 진짜입니까?"
736,300498,거인,영화,KR,108.0,,"구역질 나는 집을 나와 보호시설인 그룹홈에서 자란 열일곱 영재. 시설을 나가야 할 나이가 되었지만, 무책임한 아버지 집으로는 결코 돌아가고 싶지 않아 초조하다. 선량을 베푸는 사람들에게는 얼마든지 무릎을 꿇어주며 신부가 될 모범생처럼 살갑게 굴지만, 남몰래 후원물품을 훔쳐 팔기도 하고, 거짓말로 친구를 배신하며 하루하루 버틴다. 눈칫밥 먹으며 살기 바쁜 어느 날, 영재에게 아버지가 찾아온다. 자신에게 동생마저 떠맡기려는 아버지로 인해 영재는 참을 수 없는 절망과 분노로 폭발하게 되는데…"
737,290075,모던 보이,영화,KR,121.0,,"1937년 일제강점기, 조선총독부 1급 서기관 이해명(박해일)은 단짝친구 신스케(김남길)와 함께 놀러 간 비밀구락부에서 댄서로 등장한 여인 조난실(김혜수)에게 첫눈에 매혹된다. 온갖 방법을 동원한 끝에 꿈같은 연애를 시작하지만, 행복도 잠시. 난실이 싸준 도시락이 총독부에서 폭발하고, 그녀는 해명의 집을 털어 흔적도 없이 사라져버리고 만다. 난실을 찾아 경성을 헤매는 해명. 그가 알게 되는 사실은 그녀가 이름도 여럿, 직업도 여럿, 남자마저도 여럿인 정체가 묘연한 여인이라는 것! 밀려드는 위기감 속에서도 그녀를 향한 열망을 멈출 수 없는 해명. 걷잡을 수 없는 역사의 소용돌이 속으로 들어선 그는 또 어떤 놀라운 사건을 만나게 될 것인가!"
738,1296272,대치동 스캔들,영화,KR,109.0,,"무뚝뚝하지만 실력있는 대치동 학원 국어 강사 윤임. 윤임이 담당하는 중학교에서 중간고사가 끝난 날, 그 학교의 국어교사 기행이 그녀를 찾아온다. 두 사람의 만남이 목격되자 대치동 학부모들의 입방아에 오르내리기 시작하고 시험 문제 유출에 대한 의심까지 퍼진다. 그리고 윤임은 기행과의 만남으로 인해 소설가이자 절친한 친구였던 나은, 10년 전 사귄 전남친 기행, 그리고 그녀를 짝사랑했던 미치오까지 잊고 있었던, 잊고 싶었던 대학 시절의 과거와 조우한다."
739,357995,퇴마; 무녀굴,영화,KR,105.0,,"유명한 정신과 전문의 진명은 그의 조수이자 영매인 지광과 함께 퇴마를 하는 퇴마사다. 평소처럼 빙의 환자를 치료하던 어느 날, 절친한 선배에게서 의문의 메일이 왔다. 그리고 갑작스러운 선배의 죽음으로 찾아간 장례식장에서 무서운 기운을 느꼈다. 하루에도 몇 번씩 다른 사람처럼 변하고 이따금 기억을 잃는 금주. 얼마 전 남편의 죽음도, 점점 변해가는 딸의 모습도 나 때문인 것 같아 괴롭다. 남편의 장례식장에 그의 후배라는 정신과 의사 진명이 찾아왔다. 내 안에 또 다른 뭔가 있는 게 분명하다."
740,131921,열한번째 엄마,영화,KR,104.0,,"이승철의 슬픈 발라드를 흥얼거리며 재수(김영찬)네 집에 나타난 여자(김혜수). 가진 것도, 갈 곳도 없는 그녀의 텅 빈 눈동자가 열 한 살 소년의 동그란 눈동자와 마주친다. 마지못해 꾸뻑 인사를 하는 아이의 눈빛에는 여자만큼이나 못마땅한 기색이 역력하다. 고사리 손으로 척척 밥을 해 내오고, 혼자서 집안 살림을 다 꾸려가는 아이는 기특하기보단 징글징글하다. 틈만 나면 여자에게 너무 많이 먹는다, 잠 좀 그만 자라, 보일러 온도 좀 내려라… 잔소리를 늘어놓는 통에 안 그래도 애가 질색인 여자는 피곤해 죽을 지경이다. 이미 열 명의 새엄마를 거쳐온 아이의 안쓰러운 경력(?)을 알게 된 여자. 갑자기 나타나 아이를 두들겨 패는 아빠(류승룡)를 보다 못해 두 팔 걷어 붙이고 나섰다가, 결국 아이와 서로 다정히 파스 붙여주는 사이로 발전한다. 하지만 두 사람 사이에 싹튼 순수하고 따뜻한 마음이 조금씩 커져갈 무렵, 슬픈 이별은 이미 시작되고 있었는데…"
741,249277,바람,영화,KR,107.0,,"엄한 가정에서 자랐지만 형과 누나와는 다르게 간지나는 학창시절을 보내고 싶었던 짱구는 집안에서 유일하게 명문고에 진학하지 못해 골치덩이가 된다. 광춘상고는 교사들의 폭력과 학생들간 세력 다툼으로 부산일대에서 알아주는 악명 높은 학교. 광춘의 조회시간은 학교의 명성을 증명이라도 하듯 쓸만한 후배 물색으로 시작된다. 짱구는 입학 첫 날 ‘불법써클’몬스터의 카리스마에 압도 당하고…  학교 안에서 벌어지는 약육강식의 세계를 알아갈 무렵, 학교폭력 가담을 이유로 짱구 일행은 유치장 신세를 지게 된다. 짱구는 가까스로 정학만은 면하지만 다시 돌아온 학교에서 교내 불법 서클 ‘몬스터’의 유혹이 기다리고 있었는데… 그렇게 몬스터의 후광을 업고 예쁜 여자 친구도 얻게 된 짱구, 쪽 팔리지 않고 싶었던 열여덟 짱구는 “바람”대로 폼 나는 학창시절을 보낼 수 있을까?"
742,1215165,핑크퐁 원더스타 특별편: 호기와 도둑자동차,영화,KR,42.0,,"평화로운 원더마을에 나타난 마술사 자동차들. 핑크퐁과 친구들은 신나게 마술쇼를 즐기지만, 어쩐지 호기는 갑자기 찾아온 자동차들이 수상하다! 자동차들의 진짜 정체는 무엇일까? 위험에 빠진 친구들을 구하기 위해 홀로 나선 호기. 과연 겁 많은 호기가 친구들을 무사히 구해낼 수 있을까? 진정한 용기를 찾기 위한 호기의 모험이 시작된다!"
743,1059185,세기말의 사랑,영화,KR,116.0,,"때는 2000년을 눈앞에 둔 세기말. 영미에게 붙여진 못된 별명도 세기말이다. 짝사랑하던 이는 유부남이었고 그는 공금횡령으로 감옥에 가게 되며, 이를 방임한 영미도 덩달아 감옥 신세를 지게 된다. 출소하자 짝사랑하던 이의 아내 유진이 찾아와 빚을 갚겠다고 한다. 하지만 유진은 장애로 몸을 움직일 수가 없고, 영미가 그런 유진에게 돈을 받긴 어려워 보인다."
744,870144,어쩌면 우린 헤어졌는지 모른다,영화,KR,103.0,,“헤어지자고 먼저 말한 건 너야” “헤어지자고 말 꺼내게 한 사람이 너잖아”  이별을 처리하는 데 걸리는 시간은 얼마나 될까? 연락처의 애칭을 풀네임으로 바꾸면? 카톡 친구를 삭제하면? SNS 팔로우를 끊으면?  사랑하는 사람에서 아는 사람으로 아는 사람에서 모르는 사람이 되기까지의 현실 이별 프로세스
745,236261,잉투기,영화,KR,98.0,,"인터넷 커뮤니티에서 ‘칡콩팥’으로 활동하는 ‘잉여인간’ 태식은  같은 커뮤니티에서 사사건건 팽팽하게 대립하는 ‘젖존슨’에게 속아 급습을 당한다. 일방적으로 얻어맞는 모습이 고스란히 찍힌 영상은 인터넷을 통해 순식간에 퍼져나가는데…  치욕감과 분노로 ‘젖존슨’에게 복수를 다짐하는 태식, ‘젖존슨’을 이기기 위해 절친 ‘희준’과 종합격투기를 배우기 시작하면서 격투소녀 ‘영자’를 만난다. 뚜렷한 목표 하나 없이 살아가는 잉여 청춘 ‘태식’과 욕구 불만을 먹방으로 해소하는 특이한 격투소녀 ‘영자’ 그리고 겉보기엔 부족함이 없지만 텅 빈 속을 채우고 싶은 부유한 잉여 ‘희준’까지, 이 셋이 모여 화산처럼 청춘을 폭발시킨다!"
746,410882,"고산자, 대동여지도",영화,KR,129.0,,"지도가 곧 권력이자 목숨이었던 시대,  조선의 진짜 지도를 만들기 위해 두 발로 전국 팔도를 누빈 고산자(古山子) 김정호.  하나뿐인 딸 순실이 어느 새 열여섯 나이가 되는지도 잊은 채  지도에 미친 사람이라는 손가락질에도 아랑곳 않고 오로지 지도에 몰두한다.  나라가 독점한 지도를 백성들과 나누고자 하는 일념 하나로  대동여지도의 완성과 목판 제작에 혼신을 다하는 김정호.  하지만 안동 김씨 문중과 대립각을 세우던 흥선 대원군은  김정호의 대동여지도를 손에 넣어 권력을 장악하려고 하는데..."
747,272687,경주,영화,KR,145.0,,"친한 형의 장례식 소식에 오랜만에 한국을 찾은 북경대 교수 최현은 문득 7년 전 죽은 형과 함께 봤던 춘화 한 장을 떠올려 충동적으로 경주로 향한다. 춘화가 있던 찻집을 찾은 최현은 아름다운 찻집 주인 윤희를 만나게 된다. 대뜸 춘화 못 봤냐 물은 최현은 뜻하지 않게 변태로 오인 받게 되고, 찻집을 나선 최현은 과거의 애인 여정을 불러 경주로 오게 한다. 반가워하는 최현과는 달리 내내 불안해하던 여정은 곧 돌아가 버린다. 다시 찻집을 찾아온 최현을 지켜보던 윤희는 차츰 호기심을 느끼게 되고, 윤희의 저녁 계모임 술자리까지 함께하게 된 최현과 윤희 사이에 기묘한 기류가 흐르기 시작하는데..."
748,551655,해피 투게더,영화,KR,111.0,,"사랑하는 아들 ‘하늘이’를 위해 천직이라 믿었던 음악의 꿈을 포기한 순둥이 싱글대디 ‘강석진’.  일명 ‘땜빵’ 무대에 서기 위해 찾아간 나이트클럽에서 화려한 반짝이 의상을 빼입은 ‘박영걸’을 만나다!  “관객 마음 사로잡아 본 적 있어요? 스파크 빡 때려본 적 있냐고”  밤무대 인기스타. 하지만 남들 몰래 바람잡이 관객 알바를 고용하는 생계형 색소포니스트 ‘박영걸’.  우연히 만난 꿈쟁이 ‘강석진’에게 훈수를 두지만, 얼마 후 상상도 못했던 곳에서 그와 그의 아들과 재회하며 인생 제대로 꼬이다!  “난 아빠가 색소폰 부는 모습이 제일 멋있단 말이야!”  ‘석진’의 영원한 제1호 팬이자 사랑스러운 아들 ‘하늘’. 가난 속에서도 늘 밝지만 색소폰 앞에서는 누구보다 진지한 음악신동. 시원하게 뽑아내는 선율로 우연히 재회한 ‘영걸’을 사로잡다!  이번 생은 엑스트라지만, 그래도 오늘 밤만은 우리 모두가 주인공!  인생 무대에 오르고 싶은 이들의 유쾌하고 찬란한 반격이 시작된다!"
749,1024656,극장판 검정고무신: 즐거운 나의 집,영화,KR,79.0,,짝사랑하는 여학생 숙이에게 잘 보이려다가 수업료를 모두 써버린 기철이는 생애 첫 아르바이트(?)를 시작한다. 뜻하지 않게 서울을 떠나게 된 기철이는 온갖 우여곡절에 휘말리게 되는데… 과연 기철이는 무사히 집으로 돌아올 수 있을까?
750,1115168,소풍,영화,KR,120.0,,"여든의 은심은 60여 년 만에 고향을 찾았다. 상처 입고 도망치듯 떠나온 자신과 달리, 여전히 고향을 지키며 살아가는 정다운 옛 친구들 금순과 태호와 얼마간 함께하니 마음이 편안해진다. 삶보다 죽음이 가까운 나이, 아프지 않은 곳 하나 없지만, 그래도 이만하면 잘 살았다 싶다."
751,137298,인어공주,영화,KR,110.0,,"나영은 때밀이로 맹활약 중인 억척 엄마와 착해서 더 답답한 아빠와의 생활이 지긋지긋하다. 안그래도 '엄마, 아빠'라는 존재가 불만스럽기만 한 이 상황에 아빠는 갑자기 집을 나가버리고, 할 수 없이 아빠를 찾아 엄마, 아빠의 고향인 섬마을로 간 나영. 하지만 그 곳에서 꿈에도 생각지 못했던 사람을 만나게 되는데..."
752,32213,공공의 적 2,영화,KR,148.0,,"검찰청 최고의 꼴통검사 강철중, 룸싸롱은 주로 쳐들어 가기 위해 자주 들르고 책상머리의 서류철 들여다보기 보다 컵라면 우물거리며 잠복근무가 체질인 그는 나쁜 짓 하는 놈 잡기 위해 부하와 동료의 피를 볼 순 없다는 일념으로 총기류 사용도 마다하지 않는 다혈질 검사다. 그렇지만 어제도 오늘도 그의 하루는 늘 나름대로 스마일~로 시작된다.  그런 그에게 명선 재단 이사장 한상우 사건이 접수되고 특유의 기질로 나쁜 냄새를 직감한 강검사, 자기 담당도 아닌 사건을 조사하기 시작한다. 명선고교는 다름아닌 강검사의 모교이며 학교 재단 이사장의 둘째 아들인 한상우 또한 자신과 3년 동안 같은 반에서 수학한 동기동창이었던 것. 재단을 물려받기로 되어 있던 명선 재단 큰 아들의 사고로 인해 재단 이사장으로 급부상한 한상우, 때마침 명선 재단 큰 아들이 숨을 거두고 그 죽음에 대한 의문이 제기되면서 강철중 검사의 수사는 큰 파문을 불러 일으킨다. 이에 철중은 조사인의 자격으로 상우를 검찰청에서 마주하게 되는데."
753,890948,스프린터,영화,KR,88.0,,"한 때, 대한민국에서 가장 빠른 100미터 선수였던 현수. 아직 고등학생이지만, 점점 기록이 오르고 있는 단거리 선수 준서. 현재, 대한민국에서 가장 빠른 단거리 선수 정호. 세 선수는 각자의 이유로 국가대표 선발전을 준비한다."
754,19886,다찌마와 리: 악인이여 지옥행 급행열차를 타라,영화,KR,99.0,,"1940년, 거대한 어둠의 조직이 점점 그 세력을 확장해가는 가운데. 최정예 특수요원들의 명단이 담긴 국가 일급 기밀문서와 여성 비밀요원 금연자가 작전 수행 중 바람처럼 사라진다. 일이 이쯤 되자, 임시정부의 수장들은 감춰두었던 마지막 비장의 병기를 꺼내 들기로 한다. 자신의 존재를 밝히지 않은 채, 정의를 위해 뜨거운 가슴으로 총구를 겨누는 남자! 바로, 다찌마와 리다!"
755,840611,이수근의 눈치코치,영화,KR,45.0,,"국민 일꾼에서 웃음 제조기가 되기까지. 눈치 하나로 버텼다! 성공한 코미디언 이수근. 그가 각종 예능 프로그램에서 활약하며 쌓은 내공을 쏟아낸다. 거기, 눈치 없는 사람? 받아 적어!"
756,249826,가문의 영광 5: 가문의 귀환,영화,KR,104.0,,"10년 전, 가문의 영광을 위해 명문대 출신 엘리트 벤처 사업가 대서를 사위로 들였던 조폭 가문 쓰리제이파. 10년 후, 쓰리제이파는 천직인 조폭을 청산하고 장삼건설을 차려 어엿한 기업인으로서 건실한 삶을 살게 된다. 하지만 쓰리제이파의 순수혈통 삼형제가 아닌 대서가 사장직을 맡게 되고, 그의 곁에 새로운 여인 효정이 등장하면서 이들의 사이는 점점 금이 가게 된다. 언젠간 대서가 회사를 몽땅 뺏을지도 모른다는 불안감에 휩싸인 삼형제는 10년 전 진경과 대서를 결혼시키기 위해 했던 것처럼 또다시 엄청난 작당을 꾸미는데..  영광을 되찾기 위한 쓰리제이家의 초특급 반란이 시작된다!"
757,382336,동주,영화,KR,110.0,,"이름도, 언어도, 꿈도, 모든 것이 허락되지 않았던 일제강점기. 한 집에서 태어나고 자란 동갑내기 사촌지간 동주와 몽규. 시인을 꿈꾸는 청년 동주에게 신념을 위해 거침없이 행동하는 청년 몽규는 가장 가까운 벗이면서도, 넘기 힘든 산처럼 느껴진다. 창씨개명을 강요하는 혼란스러운 나라를 떠나 일본 유학 길에 오른 두 사람. 일본으로 건너간 뒤 몽규는 더욱 독립 운동에 매진하게 되고, 절망적인 순간에도 시를 쓰며 시대의 비극을 아파하던 동주와의 갈등은 점점 깊어진다. 어둠의 시대, 평생을 함께 한 친구이자 영원한 라이벌이었던 윤동주와 송몽규의 끝나지 않은 이야기가 지금 시작된다."
758,147704,황산벌,영화,KR,104.0,,"고구려, 신라, 백제 3국의 분쟁이 끊이질 않았던 660년, 딸의 원수인 백제 의자왕에게 앙심을 품은 김춘추는 당나라와 나당 연합군을 결성하여 김유신 장군에게 당나라의 사령관인 소정방과의 협상을 명령한다. 나이로 밀어부치려던 김유신. 불과 몇 년 차이로 소정방에게 밀리게 되고, 결국 7월 10일까지 조공을 조달해야 한다. 덕물도 앞바다까지 조공을 운반하기 위해선 백제군을 뚫어야 하는데, 백제에는 김유신의 영원한 숙적 계백 장군이 버티고 있다, 고구려를 치러 가는 것일 거라고 애써 자위하던 그들은 신라군이 남하하여 탄현으로 오고 있다는 전갈에 신라와 당나라가 백제를 공격하려는 것임을 확인하며 불안에 휩싸인다. 그러나, 의자왕에게 적개심을 품은 중신들은 자신들의 군사를 내 주지 못하겠노라 엄포를 놓고, 의자왕은 자신의 마지막 충신 계백 장군을 부른다. 무언의 술 다섯 잔 속에 의자왕으로부터 황산벌 사수를 부탁받은 계백은 목숨 바쳐 싸우기 위해 자신의 일족까지 모두 죽이고 황산벌로 향하는데..."
759,632929,초미의 관심사,영화,KR,89.0,,"이태원에서 가수로 활동하며 주가를 올리고 있는 순덕에게 인연을 끊고 살던 엄마가 들이닥친다. 알고 보니 둘째 유리가 엄마와 순덕의 돈을 갖고 사라진 것. 유리와 돈을 찾겠다는 일념 하에 한 팀이 된 엄마와 딸은 이태원 구석구석을 찾아 헤매기 시작하고, 다 안다고 생각했던 유리의 비밀들을 마주하게 되는데..."
760,1206264,Reversi,영화,MY,132.0,,
761,1303586,천국은 없다,영화,KR,96.0,,"일란성 쌍둥이 일도와 이도, 한 명이 죽어야만 다른 하나가 살아남는 비극적인 운명 속에서 헤어진 형제가 십수 년 만에 다시 마주친다. 한편, 동생 이도와 손잡은 우식은 자살 희망자들을 도와 장기 밀매 조직에 넘기는 어둠의 브로커로 살아간다. 죽음을 거래하는 이들의 세계에서, 형제는 서로의 삶을 차지하기 위한 마지막 싸움에 나선다. 살기 위해 죽여야 하는 세계, 그곳에 천국은 없다."
762,1019810,지옥만세,영화,KR,109.0,,"학창 시절 내내 왕따와 학교 폭력에 시달려 온 나미와 선우는 같은 반 아이들이 수학여행을 간 사이 자살을 시도한다. 어리숙하면서도 우스꽝스러운 자살 실패 이후, 두 사람은 자신들을 가장 괴롭혔고 지금은 서울에서 행복하게 살고 있는 채린을 찾아 복수하려 한다. 하지만 복수도 실패할 위험에 처한다. 어처구니없게도 종교에 귀의한 채린이 너무도 선한 사람으로 변해 버렸다. 이제 어떻게 해야 할 것인가?"
763,414829,올레,영화,KR,104.0,,"잘나가는 대기업 과장? 중필(신하균)  “먹여 살릴 처자식 없다고 명퇴 1순위가 말이 돼?”  잘 나가는 변호사?를 꿈꾸는 수탁(박희순)  “13년 동안 고시 공부 안 해봤으면 말을 말아.”  잘 나가는 방송국 간판 아나운서? 은동(오만석)  “내가 부럽냐? 나 말야… 됐다. 말해서 뭐해.”  다 때려 치고 싶은 순간 제주도에서 연락이 왔다!  빨간 스포츠카, 자연산 다금바리 한 접시, 그리고 럭셔리 호텔이 아니라 게하??  인생의 쉼표가 필요할 때  제주도에서 뜻밖의 일탈이 시작된다!  올~레!!"
764,86262,잘 알지도 못하면서,영화,KR,128.0,,"영화제에 심사위원으로 초청된 구경남. 프로그래머 공현희를 비롯한 영화인들과의 술자리를 핑계삼아 심사는 뒷전이다. 의무적인 영화관람이 계속되던 중 우연히 만난 오래전 절친 부상용을 만나고, 그의 집으로 향한다. 어김없이 벌어진 술자리는 부상용의 아내, 유신으로 인해 묘한 분위기로 마무리되고, 다음날 구경남은 뜬금없이 파렴치한으로 몰린채 도망치듯 제천을 떠난다. 제주도에 특강을 가게 된 구경남. 학생들과의 뒤풀이 자리에서 선배인 화백 양천수를 만나 다음날 그의 집으로 동행한다. 그는 양천수의 아내가 자신이 연모했던 후배 고순임을 알게 되고, 그녀는 구경남에게 은밀히 쪽지를 건넨다. 이 후, 고순을 다시 찾은 구경남. 두 사람은 불장난 같은 관계 중, 우연히 들른 동네주민 조씨에게 현장을 들키고 마는데…."
765,987464,양치기,영화,KR,94.0,,"어느 날, 담임 교사 수현을 따라 집까지 찾아간 요한. 수현은 가정의 보살핌을 못 받고 있는 듯한 요한에게 밥을 먹여 돌려 보낸다. 하지만 그 날의 일로 모든 것이 꼬이기 시작하는데... 한 번의 거짓말로 인해 상처가 덧나는 수현, 상처가 아물어가는 요한. 이 상황을 벗어나기 위해선 서로가 필요하다."
766,140613,질투는 나의 힘,영화,KR,125.0,,"아르바이트를 해서 유학비용을 모으고 있는 착실한 대학원생 이원상은 애인으로부터 유부남을 사랑하게 되었다는 고백을 듣고 차갑게 돌아선다. 잡지사에서 일하는 친구를 돕다 우연히 그 문제의 유부남 한윤식을 만나게 된 이원상은 묘한 호기심과 충동으로 그가 편집장으로 일하는 잡지사에 취직한다. 잡지사 일로 수의사 겸 아마추어 사진작가인 박성연을 만난 이원상은 그녀의 자유분방한 매력에 호감을 느낀다. 동시에, 작가의 꿈은 접고 로맨스만을 인생의 낙으로 삼는 로맨티스트 한윤식도 그녀의 매력에 점차 빠져든다.  한편 이원상은 한윤식의 학식과 인간적인 면에 이끌리고 한윤식도 자신과는 정반대 성향을 가진 이원상을 각별히 총애하게 된다.  한윤식과 박성연의 관계를 눈치챈 이원상은 박성연에게 더욱 순진하게 매달리며 애정을 구해보기도 하지만, 자신은 그녀를 행복하게 해줄 수 없다는 절망감에 사로잡히는데...."
767,26781,거북이 달린다,영화,KR,117.0,,"대한민국을 농락한 신출귀몰 탈주범이 예산에 나타났다! 하는 일이라곤 지역 발전을 위한 소싸움 대회 준비뿐인 시골마을 예산의 형사 조필성. 다섯 살 연상의 마누라 앞에서는 기 한번 못 펴는 한심한 남편이지만, 딸래미의 학교 일일교사 1순위로 꼽힐 정도로 마을에서는 나름 알아주는 형사다. 소싸움 대회를 준비하던 필성은 강력한 우승후보에 대한 정보를 입수하고, 훔쳐 나온 마누라의 쌈짓돈으로 결국 큰 돈을 따게 된다. 난생처음 마누라 앞에서 큰소리 칠 생각에 목이 메이는 조필성. 그러나 기쁨도 잠시! 갑자기 나타난 어린 놈에게 순식간에 돈을 빼앗기고 마는데, 그 놈은 바로 몇 년 전 전국을 떠들썩하게 만들었다가 행방이 묘연해진 탈주범 송기태.  질긴 시골형사의 징한 한판! 흙먼지 날리는 필살기 한방을 날린다! 희대의 탈주범을 눈 앞에서 놓친 필성은 모두에게 그 사실을 알리지만 이런 시골마을에 송기태가 나타났다는 그의 말을 아무도 믿지 않는다. 잃어버린 돈도 찾고, 딸래미 앞에서 영웅이 되고 싶은 마음에 직접 송기태의 은신처를 찾아 덮치지만 이번에는 송기태에게 새끼손가락까지 잘리는 수모를 당한다. 게다가 이 날의 사건이 언론에 공개되자, 예산서 형사들은 탈주범을 놓친 무능한 시골형사로 전락하고 필성은 형사직에서 물러나게 된다.  돈, 명예, 그리고 마지막 자존심까지 빼앗긴 필성.  그 놈을 반드시 자신의 손으로 잡아 형사로서, 그리고 한 남자로서의 명예회복을 위해 본격적으로 나서는데…"
768,1420264,고당도,영화,KR,89.0,,"뇌사 상태의 아버지를 돌보던 간호사 선영. 아버지의 임종이 임박했다는 소식에 사채업자에게 쫓겨 도망 다니던 남동생 일회의 가족이 나타난다. 일회의 아내 효연의 실수로 미리 작성해 놓았던 부고 문자가 발송되고, 조카 동호의 의대 등록금이 급한 가족들은 아주 조금! 일찍! 아버지의 장례식을 준비하게 된다. 답이 보이지 않는 불행 속, 이 가족에게 두 번 다시 오지 않을 기회가 찾아오는데…"
769,1650454,이 밤이 지나면,영화,KR,29.0,,"지방의 외주 환경미화원 지원은 해고 통보를 받은 뒤, 복직을 위해 동료들을 찾아다니지만 번번이 외면당한다. 그러던 중 동료 준서의 비밀을 알게 되고, 자신을 밀어내던 작업반장에게 사과를 요구하러 간다. 그날 밤, 지원은 우발적인 사고에 휘말린다."
770,716854,고백,영화,KR,99.0,,"의욕적인 신입경찰 지원은 사회복지사 오순을 만난 후 이상하게 그녀가 신경 쓰인다. 무더운 여름날, 아이를 유괴했으니 살리고 싶으면 복지관에 기부를 하라는 유괴범의 이상한 메시지가 언론을 통해 알려지면서 이 사건은 전국민적 관심사로 떠오른다. 그리고 지원은 사건과 오순의 연관성에 대해 의심한다.  국민 일인당 천원씩 일주일 안에 1억 원이 되지 않으면 유괴한 아이를 죽이겠다는 전대미문의 유괴사건이 일어난다.  천원 유괴사건이 전국민적인 관심사로 떠오르는 사이,  사회복지사인 ‘오순’이 돌봐주던 ‘보라’라는 아이의 아버지가 숨진 채 발견되고, 보라 역시 어디론가 사라졌다.  사건을 조사하던 신입 경찰 ‘지원’은 보라 아버지는 물론 학대부모들의 불의를 참지 못했던 오순을 의심하는데…  학대하는 부모, 구해주는 유괴범. 우리는 누구 편에 서야 하나요?"
771,97531,피도 눈물도 없이,영화,KR,116.0,,"택시운전을 하며, 하루하루를 연명하는 왕년의 전문 금고털이, 일명‘가죽잠바’ 경선. 피곤에 지친 몸을 드링크제로 풀고, 담배 한가치에 한 숨을 돌리지만 유일한 희망인 어린 딸과의 해후를 위해 오늘을 살아가는 여자. 그러나 세상은 그녀를 그대로 두지 않는다. 아직도 빚을 무기로 그녀를 쫓는 칠성파 일당과 어두운 과거의 기억들.... 어느날 거울처럼 그녀의 삶을 닮은‘선글라스’수진과의 만남으로 참고 참았던, 그녀가 드디어 일어섰다. 내일의 삶을 위해 오늘 하루만‘가죽잠바’경선으로 세상과 싸우기 위해서.  전직 라운드 걸 출신이자 가수 지망생인 수진. 그에 걸맞은 부산스러움과 웃음과 눈물을 가진 여자, 일명‘선글라스’ 그녀의 지독한 남자 독불이와의 끝나지 않을 것 같은 세상살이는 선글라스를 통해서 바라보는 잿빛 세상뿐. 감추어진 상처보다 인생의 상처가 더욱 많아 보이는 수진. 그러나 거울처럼 그녀의 삶을 닮은‘가죽잠바’경선과의 필연적인 만남은 그녀 눈에서 어제의 선글라스를 벗어버리게 만들고, 그리고 참고 참았던 그녀가, 인생의 반전을 위해 일어섰다. 내일의 삶을 위해 오늘 하루만‘선글라스’수진으로 세상과 싸우기 위해서.  돈과 힘과 탐욕이 넘쳐대는 그 곳, 투견장. 물고 뜯는 비정한 세계는 투견들의 모습 뿐 만이 아니다. 투견장을 둘러싼 한물간 마초들의 인생이 그렇고 투견장 주위의 돌고 도는 돈과 그 돈을 관리하는 사람과 관리당하는 사람 그리고 때때로 기회를 엿보는 할일 없는 양아치들까지. 그들이 기르는 투견처럼 악에 받쳐 물고 뜯는 그곳에 경선과 수진이 나타나면서 그들의 사건은 꼬리에 꼬리를 물고 엉켜들기 시작한다."
772,1289553,다른 것으로 알려질 뿐이지,영화,KR,144.0,,"어느 날 갑자기 자취를 감춰버린 정호. 정호의 애인 수진. 정호를 짝사랑하는 인주. 정호의 옛 애인 유정. 수진은 정호 모르게 훈성과 비밀스런 만남을 이어가고, 인주는 시한부일지도 모른다는 사실에 정호에게 품은 마음을 고백하기로 한다. 유정은 정호의 자살 시도에 대한 죄책감으로 애인 우석과의 관계가 위태롭기만 하다. 그런데, 정호는 어디로 갔고 정호를 먼저 만난 건 누구인가? 그 정호는 정호가 맞는 걸까? 보이는 것과 믿는 것 그 사이 어딘가, 다른 것으로 알려질 이야기들."
773,307217,우리는 형제입니다,영화,KR,102.0,,"어린 시절 고아원에서 생이별한 후 30년 만에 극적 상봉에 성공한 상연과 하연 형제! 하지만 막상 만나고 보니… 정말 한 핏줄 맞아?! 게다가 30년 만에 만났다는 기쁨도 잠시, 30분 만에 엄마가 감쪽같이 사라져버렸다! 엄마를 봤다는 제보를 쫓아 두 형제, 방방곡곡 전국 원정을 시작한다! 말투도, 스타일도, 직업도! 달라도 너~무 다른 이 형제! 과연 사라진 엄마도 찾고, 잃어버린 형제애도 찾을 수 있을까?"
774,70131,열혈남아,영화,KR,118.0,,"재문은 소년원에서 만난 민재와 한 조직에 몸을 담고 운명을 함께하게 된다. 조직의 임무를 수행하다가 둘은 실수로 엉뚱한 사람을 죽이게 되고 그 대가로 재문은 가장 의지하던 민재를 눈앞에서 잃고 만다. 죽어가는 민재를 두고 뒷걸음질쳐야만 했던 재문은 조직의 염려와 만류를 뒤로 한 채 민재를 죽인 대식에게 복수할 결심을 하고, 조직에 갓 들어온 치국을 앞세워 벌교로 향한다. 도내 태권도 대회에서 메달까지 땄던 치국은 어머니의 병환으로 조직에 발을 들이게 되고 첫 임무로 고향인 벌교에서 재문의 복수계획에 동참하게 된다. 치국은 인정머리 없이 냉혹하지만 내면에 외로움과 따뜻함을 지닌 재문에게 측은함을 느낀다. 그는 명분 없는 복수를 강행하려는 재문을 만류해보지만 독한 복수를 향한 재문의 결심에는 흔들림이 없다.  복수를 계획한 벌교 읍내 체육대회가 열리기까지는 일주일. 주변을 탐색하던 재문은 대식의 엄마 점심이 하는 국밥 집에 드나들게 된다. 점심은 생사를 모르는 둘째 아들 같은 느낌이 드는 재문이 왠지 낯설지 않고, 재문은 자신을 아들처럼 대하는 점심에게 느껴지는 모정 때문에 혼란스럽다. 체육대회가 한창인 벌교초등학교, 낯선 얼굴인 재문을 경계하던 대식과 그를 찾아 나선 재문은 마침내 텅 빈 교실 한복판에서 맞닥뜨리게 되는데.."
775,41172,어디선가 누군가에 무슨일이 생기면 틀림없이 나타난다 홍반장,영화,KR,108.0,,"홍두식, 이남자에겐 뭔가 특별한 것이 있다!!  일없는 동네 아줌마나 탐낼 만한 직업, 동네 반장을 하고 있는 남자.  훤칠한 키에, 수려한 용모, 모르는 일도 없고, 못하는 일도 없는 30살의 남자 홍두식. 특히 그의 군 제대 후 3년의 공백은 그를 더욱 미스터리하게 만든다. 한미 정상회담에서 동시 통역관이었다는 소리도 있고 유명 가수의 보디가드였다는 소리도 있고 단신으로 수영해서 대서양을 건넜다는 소리도 있다. 그러나 어느 날, 귀신도 울고 간다는 다재다능한 이 남자, 홍반장에게 일생일대의 태클이 들어왔다!!"
776,956734,사랑의 고고학,영화,KR,162.0,,"만난 지 8시간 만에 사랑에 빠진 영실과 인식. 인식은 그런 영실을 자유로운 영혼이라 확신하며 어떠한 상황에서도 함께할 것이라는 약속을 받아낸다. 시간이 지날수록 영실에 대한 인식의 집착은 심해지고, 영실은 뒤틀린 관계 속에서도 인식과의 약속을 지키고자 한다. 하지만 영실의 노력에도 헤어진 두 사람. 8년 동안의 불온했던 과거의 굴레에서 벗어나 영실은 자신의 사랑에 대해 정면으로 응시할 준비를 시작한다."
777,572158,진범,영화,KR,100.0,,"아내가 죽은 그날의 진실을 찾고 싶은 영훈과 남편의 무죄를 밝히기 위해 그의 증언이 필요한 다연. 영훈은 증언의 대가로 함께 진실을 찾자는 제안을 하고, 다연은 남편을 구하기 위해 영훈과 사건을 쫓기 시작한다. 사건을 재구성하던 어느 날, 다연은 영훈의 집에서 사라진 증거를 발견하고, 영훈은 다연의 거짓말을 알게 된다. 그렇게 진실에 다가갈수록 서로를 향한 의심은 커져만 가는데…"
778,32774,봄날의 곰을 좋아하세요?,영화,KR,98.0,,"할인매장에서 일하는 발랄한 이십대 여자 현채. 그녀가 시무룩하다. 만나는 남자마다 족족 채이기 때문. 심지어 그녀를 좋아한다며 쫓아다녔던 남자들도 막상 그녀와 데이트를 하게 되면 떠나버린다. 그러나 멋진 사랑을 만날 거라는 희망을 아직 접지 않는다. 그런 그녀를 따뜻한 시선으로 바라보는 친구 동하. 사실 유치원 때부터 현채만을 바라봤지만 아직 고백은 자신의 꿈인 지하철 기사가 된 후로 미뤄두었다. 그러나 동하가 현채에게 고백하기 위해 ‘지하철 가족 정액권’을 준비하는 순간, 그녀는 도서관에서 운명적 사랑과 마주치는데..."
779,795295,오! 마이 고스트,영화,KR,98.0,,"귀신 보는 것이 유일한 스펙인 신입 FD 태민은 어렵게 취업한 스튜디오에서 야간 순찰을 돌던 중 갈 곳 없는 붙박이 귀신 콩이를 만나게 된다. 눈만 마주쳤다 하면 티격태격하던 일상 속 어느 날, 이들의 유일한 일자리이자 잠자리인 스튜디오에 원인을 알 수 없는 미스터리한 사건들이 발생하는데…"
780,1184502,비밀일 수밖에,영화,KR,114.0,,"강원도 춘천, 고등학교 교사 정하의 평온했던 일상에 뜻밖의 손님들이 찾아온다. 캐나다로 유학 중인 아들 진우가 여자친구 제니와 함께 예고도 없이 학교로 나타나고, 곧이어 캐나다에 있어야 할 제니의 부모까지 갑작스럽게 춘천에 도착한다. 숙소 예약 문제로 벌어진 소동 끝에, 서로를 잘 알지 못하는 두 가족은 정하의 집에서 함께 머무르게 된다. 낯설고도 불편한 동거가 시작된 가운데, 서서히 드러나는 각자의 비밀들로 분위기는 점점 미묘해져 가는데…"
781,773962,썰,영화,KR,84.0,,"일주일에 무려 200만원, 핵이득 꿀알바 VVIP 돌봄 서비스를 시작하게 된 공시생 정석이 인적 드문 산골에 위치한 저택을 찾는다. 역대급 말빨을 장착한 선임 알바생 이빨은 만나자마자 쉴 새 없이 썰을 늘어놓고, 그 와중에 일명 전설의 10초녀 세나가 눈앞에 등장한다. 믿기 힘든 썰의 스케일은 걷잡을 수 없이 커져만 가는데… 단단히 도른자들의 B급 전쟁이 시작된다!"
782,1106492,어디로 가고 싶으신가요,영화,KR,103.0,,"중학교 교사인 도경은 자신의 반 학생인 지용이 물에 빠지자 그를 구하려고 물에 뛰어들었다가 함께 목숨을 잃게 된다. 세상에 외로이 남겨진 도경의 아내 명지와 지용의 누나 지은은 그들에게 닥친 비극을 받아들이기 쉽지 않다. 명지는 슬픈 현실을 피해 폴란드 바르샤바로 떠나고, 옛 친구를 만나지만 선뜻 친구에게 남편의 소식을 전하지도, 그의 죽음을 애도하지도 못한다."
783,999824,좋.댓.구,영화,KR,90.0,,"한때 떠오르는 배우였던 오태경은 슬럼프의 돌파구로 영화 '올드보이'의 콘셉트를 빌려 사람들의 소원을 들어주는 유튜브 채널을 개설한다. 어느 날 거액의 돈을 가진 구독자가 '아무것도 안 했다'는 피켓을 들고 홀로 서 있는 남자의 사연을 알아봐 달라고 한다. 하지만, 그 남자는 끝까지 침묵을 지킨다. 그렇게 태경이 포기하려 할 때, 우연히 피켓맨의 여동생을 만나게 되고 그녀는 그에게 무슨 일이 있었는지 말해준다. 태경이 피켓맨의 진실에 가까워질수록 숨겨진 비밀에 대한 기대는 충격적인 반전으로 드러난다."
784,1339592,아침바다 갈매기는,영화,KR,114.0,,"작은 어촌 마을에서 탈출을 꿈꾸던 젊은 어부 용수는 늙은 선장 영국에게 도움을 요청한다. 사고로 자신의 죽음을 위장할 수 있도록 해달라는 것. 영국은 한 달이면 용수의 가족에게 보험금이 지급될 거라는 말을 믿고 위험한 거짓말에 동참하지만, 용수의 죽음을 믿지 않는 가족들로 인해 계획이 어긋나는데..."
785,64396,글러브,영화,KR,144.0,,"최다 연승! 최다 탈삼진! 3년 연속 MVP! 한마디로 대한민국 프로야구 최고의 간판투수... 였던 김상남. 음주폭행에 야구배트까지 휘둘러 징계위원회에 회부되고 잠깐 이미지 관리나 하라는 매니저의 손에 이끌려 청각장애 야구부 ‘충주성심학교’ 임시 코치직을 맡게 된다. 야구부 전체 정원 10명, 더욱이 아이들의 실력은 정상인 중학교 야구부와 맞붙어서도 가까스로 이기는 실력. 듣지 못해 공 떨어지는 위치도 못 찾고, 말 못해 팀 플레이도 안 되는 이 야구부의 목표는 전국대회 첫 출전. 상남의 등장에 그 꿈에 한 발짝 더 가까이 왔다고 생각하는 아이들과 선생님들에게 상남은 여전히 “글쎄, 안 된다니까~”를 외친다. 그 누구보다 전국대회 출전에 부정적이었던 상남은 아무도 믿어주지도 않고, 자기가 친 홈런 소리조차 듣지 못하지만 글러브만 끼면 치고 달리며 행복해하는 아이들을 보며 묘한 울컥함을 느끼고, 급기야 또 한번 대형사고(?)를 치고 마는데…"
786,36681,시크릿,영화,KR,110.0,,"악명 높은 조직의 2인자가 칼에 수 차례 찔린 채 잔인하게 살해당하는 사건이 발생한다. 현장에 출동한 성열은 범인이 남긴 듯한 유리잔의 립스틱 자국과 떨어진 단추, 귀걸이 한쪽을 찾아내고 충격에 빠진다. 범인의 흔적들이 오늘 아침 외출 준비를 하던 아내의 입술 색깔, 아내의 옷에 달려있던 단추, 아내의 귀걸이라는 것을 깨달은 것이다. 라이벌이자 파트너인 최형사의 눈을 피해 본능적으로 증거물을 모두 없애는 성열. 그는 사건 당일 찾아온 여자를 봤다고 증언하는 결정적 목격자마저 협박해 빼돌린다. 죽은 피해자의 신원이 확인된 강력반에는 긴장감이 감돈다. 피해자의 친형이 바로 칠성회의악랄한 보스 재칼로 밝혀졌기 때문이다. 재칼은 경찰을 비웃으며 직접 범인 사냥에 나설 것을 선언하고, 수사를 할수록 높아지는 아내의 살인 가능성으로 인해 혼란에 빠진 성열은 재칼의 가담으로 인해 점점 궁지에 몰리게 된다. 하지만 아내는 사건 당일 알리바이에 대해 끝내 입을 열지 않고, 급기야 성열은 또 한 명의 용의자인 전과 3범의 석준을 범인으로 몰아 체포하기에 이른다. 아내의 살인 흔적을 은폐하기 위한 성열의 다급한 움직임은 그의 약점을 잡기 위해 혈안인 최형사의 시선을 끈다. 석준이 범인이 아님을 아는 재칼 역시 성열을 의심하기 시작한다. 압박 속에서 아내를 해외로 도피시키기 위해 백방으로 뛰던 성열에게 한 통의 전화가 걸려온다. 결정적 증거물을 가지고 있으니 거래를 하자고 제안하는 의문의 목소리. 전화 속 목소리는 경찰과 재칼에게 범인의 얼굴이 지워진 사건 당일의 CCTV 테이프를 동시에 보내고, 자신의 말대로 하지 않으면 CCTV 속 얼굴을 공개하겠다며 성열을 협박하는데…"
787,1139238,검은 소년,영화,KR,88.0,,"선택을 강요하는 폭력적인 아빠와 가족을 떠나버린 엄마, 끊임없이 괴롭히는 동급생까지 고등학생 훈은 어디에도 기댈 곳이 없다. 문학동아리에서 책을 읽고 작은 수첩에 자신만의 이야기를 쓰며 겨우 숨통을 트던 훈에게 아빠는 자꾸만 엄마의 행방을 묻고, 훈 역시 끊임없는 폭력 속에서 점차 날카로워지는데..."
788,182633,용서받지 못한 자,영화,KR,121.0,,"2년여 동안 나름 군기반장으로서 모범적인 군생활을 했다고 자부하는 말년 병장 태정은 중학교 동창인 승영이 내무반 신참으로 들어오면서 평탄치가 않게 된다. 상관의 군화에 매일같이 물광을 내 갖다 바치는 것이 당연하고 고참은 신참 팬티를 뺏어 입어도 당당할 수 있는 군대 특유의 부조리함을 받아들이지 못하는 승영은 사사건건 문제를 일으키고 태정은 친구라는 이유로 승영을 계속 감싸주지만 자신까지 곤란한 상황에 몰리기가 일쑤다. 시키는 대로 하는 것이 편하다는 태정의 충고와 걱정에도 아랑곳 않고 승영은 자신이 고참이 되면 이런 나쁜 관행들을 다 바꿀 자신이 있다고 큰소리를 치지만 태정에겐 그런 승영이 답답하고 자신의 제대 후 홀로 남겨질 친구의 앞날이 걱정될 뿐이다. 그러던 중 승영도 어느덧 지훈을 후임으로 두게 된다. 다른 고참들의 따가운 시선 속에서도 승영은 자신의 소신대로 지훈에게 잘 해주지만 그럴 수록 자신에 대한 부대 내 따돌림은 심해지고 인간적으로 대한 지훈도 제 멋대로이다. 태정이라는 보호막도 없어진 승영은 이제 서서히 변해가기 시작하는데...  1년여 후, 제대하고 군대의 기억을 까맣게 잊고 지내던 태정에게 어느날 승영으로부터 갑작스레 만나자는 전화가 온다. 승영을 별로 만나고 싶지 않은 태정은 여자친구를 불러내고 승영은 어딘가 불안한 모습으로 꼭 해야 할 말이 있다며 자꾸 태정을 붙잡는데.. 태정의 제대 후 승영에겐 과연 무슨 일이 있었던 걸까?"
789,492460,울지마 톤즈,영화,KR,91.0,,"2010년 2월, 아프리카 수단 남쪽의 작은 마을 톤즈. 남 수단의 자랑인 톤즈 브라스 밴드가 마을을 행진했다. 선두에선 소년들은 한 남자의 사진을 들고 있었다. 환하게 웃고 있는 사진 속 한 남자… 마을 사람들은 톤즈의 아버지였던 그의 죽음이 믿기지 않는다며 눈물을 흘렸다. 그들은 세계에서 가장 키가 큰 딩카족이다. 남과 북으로 나뉜 수단의 오랜 내전 속에서 그들의 삶은 분노와 증오 그리고 가난과 질병으로 얼룩졌다. 목숨을 걸고 가족과 소를 지키기 위해 싸우는 딩카족. 강인함과 용맹함의 상징인 종족 딩카족에게 눈물은 가장 큰 수치다. 무슨 일이 있어도 눈물을 보이지 않던 그들이 울고 말았다. 모든 것이 메마른 땅 톤즈에서 눈물의 배웅을 받으며 이 세상 마지막 길을 떠난 사람, 마흔 여덟의 나이로 짧은 생을 마감한 故 이태석 신부다. 톤즈의 아버지이자, 의사였고, 선생님, 지휘자, 건축가였던 쫄리 신부님, 이태석… 자신의 모든 것을 바쳐 온몸 다해 그들을 사랑했던 헌신적인 그의 삶이 스크린에서 펼쳐진다."
790,535370,신비아파트: 금빛 도깨비와 비밀의 동굴,영화,KR,68.0,,"100년이 넘은 신비아파트에 살고 있는 '하리', '두리' 남매와 102살 도깨비 '신비'는 우연히 숲 속에 숨겨진 비밀의 동굴을 발견한다. 동굴의 힘에 휩쓸려 22년 전 과거, 1996년으로 가게 된 '하리', '두리', '신비'는 아파트가 사라진 마을에서 어린 시절의 엄마 '유지미'를 만난다.  '유지미'의 보물지도를 따라 함께 모험을 떠나게 된 '하리', '두리', '신비'는 금빛 도깨비 '금비'를 만나게 되고, 이들은 함께 오싹한 모험을 시작하는데...!  올 여름, 대세 애니메이션 '신비아파트'의 첫 스크린 데뷔! 오싹한 재미와 뭉클한 감동이 극장에서 펼쳐진다!"
791,707157,십개월의 미래,영화,KR,95.0,,"스물아홉의 컴퓨터 게임 개발자 미래가 임신 사실을 알게 된 뒤부터 출산 때까지의 과정을 그린다. 미래는 시간이 지나면서 자신을 둘러싼 환경이 얼마나 출산에 비협조적인지 깨닫게 되는데, 그 상황은 때때로 VR 헤드기어를 낀 듯 너무도 생생하게 전해진다. 남자친구 윤호와 등 떠밀리듯 결혼을 추진하고, 사장에게 배신감이 든다는 소리를 듣고 회사에서 잘리며, 새로 취업도 되지 않아 “속았어, 온 세상이 나를 속이고 있어”라고 중얼거리는 미래의 모습은 너무나도 실감난다."
792,877440,성덕,영화,KR,87.0,,"TV 예능프로그램에 아이돌 가수의 ′덕후′로 출연한 십대 소녀는 자신을 ′성덕′(성공한 덕후)이라 자처했다. 같은 프로그램에 그의 스타가 출연했기 때문이다. 몇 년 뒤 그의 스타는 성관계 장면 불법 촬영 및 유포, 집단 성폭행 혐의로 구속되었다. 졸지에 범죄자-스타의 팬이 된 성덕은 분노인지 슬픔인지, 여하튼 혼란스러운 감정 속에 범죄자가 된 스타의 팬들을 만나보기로 한다."
793,668704,최선의 삶,영화,KR,109.0,,"강이, 소영, 아람은 같은 고등학교의 친한 친구들이다. 강이는 비교적 평범해 보이고, 소영은 모델이 되는 것이 꿈이고, 아람은 약간 엉뚱하다. 이들은 어느 날 의기투합하여 가출을 결행한다. 하지만 막상 세상은 쉽지 않다. 더 심각한 문제는 강이, 소영, 아람 세 사람의 관계에 찾아온 균열이다. 첫 번째 가출의 실패 이후 집과 학교로 돌아온 그들은 더 혹독한 한 시절을 보내게 된다. 소영은 강이와 있었던 비밀스런 사건 이후로 강이를 점점 더 따돌리고 강이에 대한 소영의 폭력의 강도는 높아간다. 아름은 그녀대로 힘겨운 시간을 보낸다."
794,1293291,니자리,영화,KR,107.0,,"목사 살인사건 과정에서 교회 신도 ‘나영’의 몸에 4명의 귀신이 들어가게 되고 사건 용의자 태영은 스스로 목숨을 끊는다. 무당 ‘순이’는 목사가 여성 신도들을 그루밍 성폭력한 사실과 귀신들이 죽은 조카 ‘태영’과 연관됨을 알게 되고 이들을 성불시키고자 한다. ‘순이’는 염력으로 노숙자 ‘신용’에게 빙의 한 ‘태영’을 찾아내고 그의 앞을 막아서지만, ‘태영’은 도망가려 한다. ‘나영’의 몸을 통해 사랑하던 ‘승애’와 엄마 ‘성심’의 혼령을 만나게 된 ‘태영’은 ‘순이’와 함께 퇴마를 시작하고 노숙자 ‘신용’은 신이라고 믿고 있는 ‘태영’의 혼령을 지키기 위해 물속으로 뛰어드는데.."
795,860789,만남의 광장,영화,KR,79.0,,"소영(20대 여)은 모두가 부러워 하는 대기업 취업에 성공하였지만 첫날부터 가방을 놓고 출근하는 에피소드에 휘말리게 된다.  하루, 이틀...어느 덧 2년차가 된 소영은 상사의 이야기에 무조건적으로 박장대소 하는 영혼 없는 회사 생활에 적응하게 되었다. 남들의 부러움을 받는 대기업 생활을 하면서 행복한 삶을 살아야 하는데…. 그렇지 못한 자신의 삶에 대한 스트레스를 어린 시절부터 친한 친구들을 만나서 술 한잔 하는 것으로 해소하는 전형적인 회사원이 되었다.  친구들과 술 한잔하고 귀가하던 소영은 술김에 엄청난 실수를 저지르게 되고… 앞으로 일생일대의 도움을 줄 수 있는 조나단의 미움을 한 몸에 받게 된다."
796,52884,와일드 카드,영화,KR,114.0,,"사건 발생 신고를 받은 강남서 강력반 형사 오영달(정진영 분)과 방제수(양동근 분)는 즉시 수사에 착수한다. 인적 없는 지하철 역에서 발견된 중년 여인의 시체는 이렇게 세상을 떠날 수는 없다는 듯 그들을 바라보고 있다. 조용히 시체의 눈을 감겨주는 오형사를 바라보는 방제수. 반드시 억울하게 죽은 이의 원한을 풀어 주리라 다짐한다.  밤낮으로 탐문과 잠복을 계속하며 비상체제에 돌입한 강력반. 정보원들을 통해 사건의 실마리를 찾아나가는 사이, 비슷한 수법으로 살해당한 또 다른 희생자들이 발견된다. 더 이상 희생자가 나오는 것을 막기 위해 오영달과 방제수는 급기야 조폭 도상춘의 조직을 '접수'하고, 이제 형사들은 조직 폭력배의 조직망을 총 동원해 수사에 나선다.  오랜 잠복 끝에 인파 가득한 도심지 한 복판에서 범인들과 마주친 방제수는 총을 뽑아들려 하지만 오영달은 만류한다. 모든 사건을 총으로 해결할 수는 없다는 사실을 뼈아픈 경험을 통해 알고 있는 오형사는 아끼는 후배를 위해 진심어린 충고를 하지만, 눈 앞에서 범인을 놓쳐버린 방형사는 쉽게 수긍하지 못한다.  드디어 결전의 날. 범인들이 모이는 현장을 덮치기 위해 강력반 전체가 총출동한다. 그러나 경찰의 낌새를 눈치챈 범인은 무방비 상태의 방제수를 덮치고, 순간 몸을 날린 선배 장형사가 대신 칼을 맞는다. 분노하며 범인의 뒤를 쫓는 방제수의 손이 총집을 향해 내려가는 모습을 보는 오영달의 눈빛은 착잡하기만 한데..."
797,840612,롱디,영화,KR,101.0,,"인디 밴드 연신굽신의 열렬한 팬에서 밴드의 보컬 태인과 연인으로 발전해 5년째 연애를 이어가는 도하와 연신굽신의 리더로 밴드를 지키며 뜨거운 이십 대를 지나왔지만 서른을 앞둔 지금, 꿈과 현실 사이 선택의 기로에 선 태인이 장거리 연애를 시작하게 되면서 새로운 국면에 접어드는 이야기."
798,26002,인사동 스캔들,영화,KR,109.0,,"400년전 사라졌던 한 그림의 복원 프로젝트가 전국민의 관심 속에 세상에 공개된다. 복원에 성공한다면 한국 최고가로 경매될 것이 틀림없을 안견의 '벽안도'. 그 그림을 손에 넣은 미술계의 큰 손 갤러리 '비문'의 배태진 회장은 신의 손을 가졌다는 복원 전문가 이강준을 스카우트하고 400억짜리 벽안도 살리기 작업에 나선다. 그러나 귀신 같은 손놀림으로 무엇이든 베껴내는 이강준과 원하는 그림이면 사기든, 살인이든 어떤 방법을 동원해서라도 자신의 손에 넣고 마는 배태진의 마음속에는 서로 다른 속셈이 존재하는데..."
799,1204884,원정빌라,영화,KR,87.0,,"교외에 위치한 오래된 다세대 주택 원정빌라 203호에 사는 주현은 아픈 어머니와 조카를 돌보며 은행 경비 일과 공인중개사 시험을 병행하는 청년이다. 순한 성격으로 빌라의 모든 이웃들과 스스럼없이 지내지만, 이기적이고 무례한 위층(303호) 여자 신혜와는 주차 문제부터 층간 소음까지 사사건건 부딪힌다. 어느 날, 주현은 303호 우편함에만 불법 전단지를 꽂아 넣는 소심한 복수를 하고, 이는 뜻밖에 위층 여자의 광기를 건드리는 도화선이 되어 이웃은 물론 주현의 가족까지 위험에 빠트리게 된다."
800,477767,저수지 게임,영화,KR,100.0,,"탐사보도 전문 ‘악마 기자’ 주진우가 누구나 알지만, 아무도 말 못하는 그분의 ‘검은 돈’을 찾고 있다. 해외를 넘나들며 그 돈과 관련된 연결고리의 실체를 추적해온 집념의 5년. 위험을 감수한 ‘딥쓰로트’의 제보로 드디어 그분의 꼬리 밟기에 성공하는데..."
801,636283,극장판 헬로카봇: 달나라를 구해줘!,영화,KR,76.0,,"평화로웠던 지구에는 타워크레인, 우주정거장이 사라지고,  달의 뒷면에서 살던 토끼족 마을은 외계 로봇의 공격으로 위기에 처하게 된다.  이 모든 것은 바로 지구를 정복하려는 치올라 외계인들의 공격이었던 것!  평화를 수호하는 차탄과 카봇들은 달을 넘어 지구까지 혼란에 빠뜨린  치올라 외계 군단에 맞서기 위해 달나라로 떠나게 되는데…!  지구와 달을 구하기 위한  카봇과 토끼족들의 지상최대 연합작전이 시작된다!"
802,210309,파송송 계란탁,영화,KR,107.0,,"짝퉁일지라도 음반 업계의 부흥을 위해 매진하는 대규. 오늘도 여자 꼬시기로 소일하는 그 앞에 갑자기 한 아이가 나타난다. 이름은 전인권, 나이는 아홉살.. 아닌 밤 중 홍두깨도 유분수지 잘 나가는 청춘 앞에 아들이 웬 말? 당황스러움을 감추지 못하는 대규, 인권의 나이를 계산해보니 찔리는 구석이 있긴 하지만, 이대로 총각 생활을 마감할 수는 없는 일. 인권을 돌려보내기 위해 무작정 모르는 척하기, 경찰서 미아 신고, 길거리에 버리고 도망가기 등 별 짓을 다한다. 하지만 아이다운 순진한 얼굴에 아이답지 않은(?) 심리전과 육탄전을 펼치는 인권, 정말이지 보통 적수가 아니다. 그러던 인권이 뜻밖의 거래를 제안한다. 한 가지만 약속해주면 떠나겠다는...  그 제안은 바로 국토 종단을 하자는 것! 아홉살 짜리가 버텨봤자 고작 3일이란 판단에 대규는 즐겁게 길을 떠난다. 하지만 오히려 먼저 지쳐버리는 대규. 인권의 엄마 미연을 수소문해 보지만 여의치 않고... 인권을 버리고 혼자 돌아오려고도 해보지만 정 때문에 그것도 쉽지 않다. 한편 국토 종단을 끝내면 소원이 이루어질거라 굳게 믿고 있는 인권. 대규는 인권의 소원이 무엇인지는 모르지만 울며 겨자 먹기로 여행을 계속한다. 그리고 여행 도중 만나게 된 민박집 며느리의 갑작스런 출산으로 엉겁결에 들른 병원. 그곳에서 대규는 인권이 숨겨왔던 비밀을 알게 된다. 이 때, 국토 종단을 통해 이루려는 소원이 무엇인지도 알게 된 대규. 날티 폴폴 날리며 살던 그의 가슴에 울컥 밀려드는 뭉클한 느낌, 이제 대규에게도 국토 종단을 끝내야만 하는 이유가 생기기 시작하는데... 하지만 이마저도 두려운 대규, 과연 그는 26년간 지켜온 총각 인생을 끝까지 사수할 수 있을까"
803,546772,계절과 계절 사이,영화,KR,98.0,,"비밀을 간직한 채, 파혼 후 소도시로 내려와 카페를 운영하는 해수. 타인의 시선에 굴하지 않고 자신의 감정에 솔직한 여고생 예진을 만난다. 같은 공간, 반복되는 만남 속에서 봄 햇살의 온기만큼 따스해지는 감정의 온도. 그녀들의 일상은 기적 같은 행복으로 바뀌고 나의 존재가 누군가에게 위로가 될 수 있다는 기쁨을 알게 된 그 때, 한 발자국 더 다가가던 그 때, 새로운 '상처'가 두 사람을 향해 다가오는데..."
804,956515,퀴어 마이 프렌즈,영화,KR,82.0,,진정한 자신을 찾기 위해 몸부림치는 ‘강원’과 한 번도 자신에 대해 질문 하지 않았던 ‘아현’ 언럭키한 서로의 인생에 럭키한 우정이 찾아왔다!  삶의 배경도 성 정체성도 모두 다른 두 친구의 현실공감 100% 짠함 200% 사랑스러움 MAX 서로의 세상을 넓혀가는 삐뚤빼뚤 성장담
805,512153,유병재: 블랙코미디,영화,KR,63.0,,"할 말 많은 유병재, 할 말은 하고 사는 유병재, 그가 입을 연다. 블랙코미디는 2017년 유병재가 라이브로 선보인 첫 스탠드업 코미디 쇼로, 공연 이후 관련 영상 클립이 1천만 뷰가 넘는 조회 수를 기록하고 주요 포털의 실시간 검색어에 오르내리는 등 폭발적인 호응을 이끌어낸 바 있다. 악플을 만나면 또박또박 말대꾸에 19금 유머까지 기존 방송에서는 볼 수 없는 촌철살인의 풍자와 특유의 유머가 돋보이는 무대를 선보인다."
806,425636,스플릿,영화,KR,121.0,,"과거 볼링계의 전설이라 불리며 이름을 날리던 '철종'은 불운의 사고로 모든 것을 잃고 낮에는 가짜석유 판매원, 밤에는 도박볼링판에서 선수로 뛰며 별 볼일 없는 인생을 살아간다. 그러던 어느 날, 자신만의 세계에 빠져 살지만 볼링만큼은 천재적인 능력을 갖고 있는 ‘영훈’을 우연히 만난 후, ‘철종’은 ‘영훈’을 자신의 파트너로 끌어들이게 된다. ‘철종’의 조력자이자 도박판의 브로커 ‘희진’의 주도 아래 드디어 큰 판이 벌어지게 되고, ‘철종’과 끈질긴 악연의 ‘두꺼비’까지 가세해 치열한 승부가 시작 되는데…"
807,167760,청담보살,영화,KR,119.0,,"청담동에서 용하기로 소문난 미녀 보살, 태랑. 쭉빵 외모에 억대 연봉, 무엇 하나 부러울 것 없는 그녀지만 스물 여덟 전에 운명의 남자를 만나야만 액운을 피할 수 있는 사주를 타고 났다. 어느 날 기적 같은(?) 사고로 눈길도 주기 싫은 찌질남 승원과 오매불망 첫사랑 호준을 동시에 만나게 되고, 태랑은 빌어먹을 운명과 사랑 앞에서 선택의 기로에 놓인다.  신이시여! 지금 장난하십니까? 운명을 피할 수만 있다면 맨발로 작두라도 타겠어요!"
808,1460820,쫑알쫑알 똘똘이: 이상한 마을 대모험,영화,KR,59.0,,마법에 걸린 오빠를 구하기 위해 이상한 마을로 기상천외한 모험
809,1150725,딸에 대하여,영화,KR,106.0,,"돌덩이 같은 가방을 메고 하루 종일 전국을 떠돌아다녀야 하는 보따리 강사. 그럼에도 동료 강사의 부당해고에 분노하며 생계는 나몰라라 투쟁에 앞장서는 나의 딸. 혼인 신고조차 할 수 없는 동성 연인과 7년 째 연애를 하고 있는 나의 딸이 집으로 돌아왔다, 동성 연인과 함께. 세상의 부조리를 이해할 수 없는 딸과 세상에 부적합한 딸을 이해할 수 없는 나. 우리가 함께 마주할 세계가 있을까?"
810,544948,바보야,영화,,73.0,,"영하 10도의 살을 에는 추위는 아무런 문제가 되지 않았다. 2009년 2월, 몇 초간의 짧은 만남을 위해 약 40만 명의 사람들이 명동에 모인 단 하나의 이유. 믿음이 척박한 땅에서 최초의 추기경이 되었고, 누구도 나서지 않을 때 용기를 냈으며, 우리 곁을 떠나는 순간까지 기적 같은 사랑을 실천한 故 김수환 추기경. 한국사의 격동기 시절 종교를 넘어 사회의 가장 큰 어른, 약자들의 울타리, 마지막 대변인으로서의 삶을 살아간 '시대의 거인' 김수환… 그의 뜨거운 사랑이 스크린에서 되살아난다."
811,805047,너에게 가는 길,영화,KR,93.0,,"성소수자와 그 부모에 관한 다큐멘터리. 트랜스젠더인 한결과 그의 어머니 나비, 그리고 게이인 예준과 어머니 비비안, 이 네 사람의 삶을 통해 LGBTQ에 대한 한국 사회의 배타성을 폭로함과 동시에 소수자와 비소수자 간 대안적인 관계 맺기가 가능하다는 사실을 드러낸다."
812,762583,1984 최동원,영화,KR,99.0,,"모든 것을 바꿔 놓은 코로나 시대. 평범한 일상은 물론 열기로 가득했어야 할 그라운드의 시계도 38년 만에 멈췄다. 다시 만날 날을 기다리는 시대. 긴 기다림을 견딜 수 있는 힘은 추억이다. 1984년 가을의 추억처럼 말이다. 그는 “마, 함 해 보입시더!”라고 말한 후, 뚜벅뚜벅 마운드로 걸어갔다. 그리고 그라운드 역사상 최고의 드라마를 만들어 냈다."
813,987462,카브리올레,영화,KR,111.0,,"항상 웃는 얼굴, 무슨 일이건 최선을 다하며 밝고 찬란한 미래를 꿈꾸는 오지아. 어느 날 생뚱맞게 흉선암 선고를 받게 된다. 초기라서 다행일까? 여느 때와 같이 일을 떠미는 회사와 집. 평소와 같이 조깅하던 중 친구 안나가 찾아온다. 지아의 롤 모델이면서 한 회사의 대표인 안나는 당장 내일 오픈카를 타고 전국 일주를 가자고 제안하는데, 쌓인 업무와 수술 일정으로 거절하는 지아. 그리고 다음날 마주하게 된 안나의 영정사진. 번아웃이 와버린 지아는 수술비로 오픈카 ‘카브리올레’를 사고 그 길로 전국 일주를 떠난다."
814,929373,셀럽은 회의 중,영화,KR,55.0,,"개그도 좀 치고, 코미디 스페셜을 위한 콩트도 좀 짜 볼까? 개그우먼으로 구성된 걸그룹 셀럽파이브의 무대 뒤 모습이 펼쳐진다."
815,854762,타다: 대한민국 스타트업의 초상,영화,KR,91.0,,"한국의 우버로 불리며 폭발적으로 성장하던 모빌리티 플랫폼 타다(TADA), 출시한 지 9개월 만에 100만 유저를 확보하며 승승장구하던 중 택시업계의 반발로 법적 공방에 휘말린다. 뜨거운 논란 속 치러진 1심에서 무죄 판결을 받은 날, 모든 팀원들은 함께 모여 종이컵 와인 파티로 자축한다. 하지만 그로부터 단 14일 뒤, 타다금지법이 통과됐다는 청천벽력의 소식이 들려오는데..."
816,416052,명량: 회오리 바다를 향하여,영화,KR,95.0,,"명량해전에 대한 도발적인 질문의 해답을 찾기 위해 김한민 감독과 명량의 주역들이 국내 최초 다큐 영화에 도전한다. 명량해전이 있기 직전 16일간 이순신 장군의 실제 행적을 쫓아가며 긴박했던 수군 재건 과정과 더불어 이순신 장군이 가졌던 인간적인 고민과 리더로서의 고뇌를 통해, 우리가 몰랐던 이순신의 진짜 이야기를 낱낱이 파헤친다."
817,956731,정순,영화,KR,104.0,,"하루아침에 평화로운 일상을 빼앗긴 정순. 딸 유진을 비롯한 모두가 정순을 대신해 분노할 때, 그녀는 여전히 곧고 다정하게 정순다운 내일을 시작하려 한다."
818,1268798,목소리들,영화,KR,88.0,,"1948년부터 7년 7개월 동안, 제주도는 죽음의 섬이었다. 대한민국 군대와 경찰이 공산 빨치산 소탕이라는 명목으로 섬 주민 3만여 명을 학살하고 집을 불 질렀다. 제주 4.3 피해자의 상당부분은 여성들이었지만 그들이 입은 피해는 오래 알려지지 못했다. 이 다큐멘터리는 한 헌신적인 제주 4.3 연구자의 길을 따라가며, 어둠 속에 봉인되어 온 제주 여성들의 경험, 침묵 속에 잠겨있던 그들의 목소리를 세상 밖으로 끌어낸다."
819,1203133,목소리들,영화,KR,150.0,,평범한 하루를 살아가는 도율이 마주하는 소소한 만남과 이별들
820,1172551,막걸리가 알려줄거야,영화,KR,92.0,,"국영수는 기본. 창의과학, 태권도, 미술, 코딩까지 이렇게 바쁜데, 이젠 페르시아어도 배워야 한다니… 멍 때리기가 유일한 취미인 인생 권태기 11살 동춘이에게 어느 날 우연히 발견한 막걸리가 말을 걸어온다. 인생이 궁금증 투성이인 동춘이에게 막걸리가 꼭 전하고 싶은 비밀은 뭘까?"
821,460486,노무현입니다,영화,KR,109.0,,"2002년, 새천년민주당은 정당 최초로 국민 참여 경선제를 도입하여 대통령 후보를 선출하기로 결정한다. 기라성 같은 정치인들이 경선에 뛰어든 가운데, 1995년 부산시장 선거, 1996년 15대 총선 등 출마하는 선거마다 번번이 낙선했던 만년 꼴찌 후보 노무현이 당당히 출사표를 던진다. 제주를 시작으로 전국 16개 도시에서 치러진 대국민 이벤트. 당내 입지가 거의 없던 상태에서 쟁쟁한 후보들과 엎치락뒤치락하며 제주 경선 3위, 울산 1위, 그리고 광주까지 석권한 지지율 2%의 꼴찌 후보 노무현이 전국을 뒤흔들기 시작한다."
822,1006124,아네모네,영화,KR,74.0,,"오늘 하루도 열심히 밥벌이한 집안의 가장 용자가 오늘 하루도 역시나 밥만 축낸 백수 남편 성진에게 오늘 하루만 오로지 부탁한 심부름이 있다. 그리하여 오늘 용자가 성진에게 묻고 싶은 단 한 마디. “로또 샀어, 안 샀어?” 1등 당첨 로또를 쟁취하기 위한 용자들의 필사의 레이스가 시작된다!"
823,286702,족구왕,영화,KR,104.0,,"다시 읽어봐도 답 안 나오는 스펙의 주인공 만섭. 지금 당장 공무원 시험에 뛰어들어도 모자랄 판에 캠퍼스 퀸 안나에게 첫눈에 반하질 않나, 총장과의 대화 시간에 족구장을 만들어달라고 하질 않나 아주 그냥 ‘족구 하는 소리’만 하고 있다.  그런데 의외로 퀸카 안나가 요즘 남자애들 같지 않은 만섭의 천연기념물급 매력에 관심을 보이고, 만섭은 급기야 안나의 ‘썸남’인 ‘전직 국대 축구선수’인 강민을 족구 한판으로 무릎 꿇리기에 이른다. 이 사건으로 만섭은 ‘그저 그런 복학생’에서 순식간에 캠퍼스의 ‘슈퍼 복학생 히어로’가 되고, 취업준비장 같이 지루하던 캠퍼스는 족구 열풍에 휩싸이는데..."
824,1219394,커미션,영화,KR,113.0,,"웹툰 작가를 꿈꾸는 미술 강사 단경. 현실에선 무시당하던 그녀가, 처음으로 필요한 사람이 된 공간은 다크웹이었다. 익명의 의뢰인, 알 수 없는 메시지. 그리고 시작된 커미션. 그림이 완성되고, 현실에서 같은 장면의 범죄가 벌어졌다. 누가, 왜, 그녀에게 그리게 하는 걸까?"
825,1017172,빅슬립,영화,KR,112.0,,기영은 어느 겨울 출근길 아침에 집 앞 평상에서 자고 있는 길호를 발견한다. 길호는 가정 폭력을 못 이겨 가출한 청소년이다. 거친 성격이지만 속정이 깊은 기영은 길호를 며칠간 재워주고 길호도 기영을 따르게 된다. 기영은 길호에게서 자신의 어두웠던 과거를 보았을 것이다. 하지만 길호의 친구들이 찾아오면서 기영과 길호 사이에 불화가 일어난다.
826,1086626,믿을 수 있는 사람,영화,KR,95.0,,한영은 중국에서 살았을 때 배운 중국어를 활용하여 중국어 관광통역안내사 자격증을 취득하고 가이드가 된다. 아직 익숙지 않은 환경에 적응해 가며 실적도 제법 쌓지만 함께 온 동생 인혁의 행방은 알 수가 없고 사드 배치로 중국인 관광객까지 줄어드는 등 한영의 삶은 시대의 흐름과 함께 계속적으로 변화를 맞이한다.
827,1108197,바람개비,영화,KR,107.0,,복싱 선수를 꿈꾸던 ‘정훈’(차선우)은 폭력을 일삼던 아버지와 다른 삶을 살기 위해 노력한다.  어느 날 위험에 빠진 ‘승희’(유지애)를 구하게 된 ‘정훈’은  예상치 못한 큰 싸움에 휘말리게 되고 심한 부상을 당한 후 꿈마저 포기하게 된다. 성인이 된 두 사람은 밝은 미래를 꿈꾸지만 걷잡을 수 없이 커져가는 불신과 오해 속에 ‘정훈’의 삶은 생각과 다르게 자꾸만 어긋나기 시작하는데...
828,1389246,해바라기,영화,,80.0,,운세와 미신을 좋아하는 여자가 어느날 공원에서 한 남자를 만나게 된다. 그 전날에 해바라기 꿈을 꾼 여자는 그 남자를 자신의 운명이라고 믿으며 친하게 지낸다. 그러나 현실은 여자의 해몽과 점점 다르게 흘러간다.
829,45092,부산,영화,KR,101.0,,"도박 빚으로 사채업자들에게 쫓기는 양아치 강수는 유일한 가족인 아들 종철조차 버려둔 채 막장인생을 살아간다. 그러던 어느 날, 종철이 신장암 선고를 받게 되고 강수는 생애 처음 애비 노릇을 하기 위해18년간 숨겨둔 진실, 종철의 친아빠인 태석을 찾아간다. 한편, 성공을 위해 사랑까지 버리며 악착같이 살아온 보도방 사장 태석은 사업이 위태로운 상황에서 강수로부터 친아들의 존재를 듣지만 이를 철저히 외면하고 종철의 목숨은 점차 위태로워지는데... 부산 뒷골목, 거친 세계를 살아가는 세 남자의 운명이 이제 시작된다!"
830,1174940,8월의 크리스마스,영화,KR,30.0,,결혼을 앞둔 은수가 오랫동안 보지 못한 아버지를 만나러 강릉으로 간다. 어린 시절 기억과는 확연히 달라진 바닷가 마을. 8월 무더위에 지친 은수는 택시에 오른다.
831,1292856,알로하,영화,KR,30.0,,연기자 지망생이었던 딸은 보험설계사로 직업을 바꾸고 엄마와 함께 고향인 제주도에서 카페를 운영하는 게 꿈이다. 치매 초기인 엄마를 위해 치매 보험을 들려고 하는 중 엄마는 과거에서 온 소포를 받고 친구들을 만나러 시간 여행을 하기로 결심한다.
832,73659,퀴즈왕,영화,KR,121.0,,"한밤 중 강변북로 4중 연쇄 추돌 교통 사고가 발생한다. 벤츠를 탄 도엽과 상길, 말다툼 중이던 부부 상도와 팔녀, 우이모(우울증을 이겨내는 사람들) 회원 여나와 회장 정상, 이토록 어색할 수 없는 부자지간 호만과 아들 지용은 동시에 한 여자를 치게 되고 사이 좋게 경찰서로 향한다."
833,973530,히든,영화,,0.0,,"국가정보원 국제범죄(마약)팀 소속 해수는 작전 중 사망한 동료를 대신해 하우스에서 ‘판때기’로 불리며 명성을 떨치고 있는 장판수를 급습, 정체불명 도박의 신 '블랙잭'이 60억 원어치 마약을 노리고 있다는 사실을 알게 된다. 이제 그를 잡을 방법은 단 하나뿐. 해수는 맨몸으로 위험천만한 도박판에 직접 뛰어들기로 결심한다."
834,1691985,월남보살,영화,KR,24.0,,"지방 소도시에 살고있는 한-베 혼혈아 수연은 신병을 앓고 있다. 모두의 의심 속에서도 내림굿의 각 단계를 잘 헤쳐나가던 수연! 그러나, 수연에게 들린 신은 베트남 신…?! 베트남에 가야한다는 무당의 말에, 수연은 한국에 남기 위해 친구들과 기상천외한 작전을 벌이기로 한다."
835,441189,터닝메카드W: 블랙미러의 부활,영화,KR,72.0,,"악의 화신 블랙미러의 부활과 사상 최악의 위기  메카니멀 군단과 친구들이 지구의 운명을 걸고 최강의 배틀을 펼친다! 지구 최초 메카니멀인 '디스크캐논'이 완성될 무렵  지구와 트라이포스에 이상한 기운이 감지된다.  소멸된 줄 알았던 블랙미러가 복수를 꿈꾸며 부활한 것!  시공을 넘어 현재로 온 블랙미러는 클론 메카니멀들을 이용해 도시를 파괴하고,  테이머들은 사상 최악의 위기 속 최후의 배틀을 준비하는데..."
836,536000,극장판 헬로카봇: 백악기 시대,영화,KR,84.0,,"공룡파크의 VR 영상 속에서 진짜 공룡이 나타났다?!  이유를 알아보기 위해 백악기 시대로 시간 이동을 한 차탄!  그곳에서 새로운 비밀친구 공룡카봇을 만나게 되고,  엄청난 에너지를 가진 응가암을 둘러싼 소동이 펼쳐지는데!  차탄과 공룡카봇들이 펼치는 백악기 시대의 놀라운 모험속으로!"
837,820435,안녕하세요,영화,KR,117.0,,"외로운 세상 속에서 죽음을 결심한 열아홉 수미. 죽는 법을 알려주겠다는 수간호사 서진의 제안에 따라 늘봄 호스피스 병동을 찾아간다. 이 사람들이 곧 죽을 사람들이라고?! 예상치 못한 유쾌함과 따뜻함이 수미를 반기고, 하루하루를 소중히 살아가는 그들에게 점차 스며들며 세상의 온기를 배워가기 시작하는데…"
838,1189848,바람 따라 만나리 : 김호중의 계절,영화,KR,108.0,,"3개월간 전국 6개 도시에서 10만 아리스와 함께했던 김호중의 첫 전국 투어 콘서트, 아리스트라! 제대 후 일년간 쉬지 않고 달려온 김호중이 지친 몸과 마음을 달래기 위해 떠난 여행. 대규모 오케스트라와 김호중의 천상의 목소리, 그리고 아리스의 환호가 공연장을 가득 채웠던 감동적인 콘서트 장면과 고군산도의 눈부신 풍경을 따라 여행하는 김호중의 행복한 순간이 스크린X 파노라마 뷰로 펼쳐진다."
839,1361054,광장,영화,KR,74.0,,"북한 평양으로 파견을 온 스웨덴 대사관의 1등 서기관 보리. 그는 외교관이라는 신분 덕분에 보호를 받지만, 한편으로 늘 주변의 감시를 받는 이방인에 불과하다. 그런 보리가 기댈 수 있는 사람은 평양 시민인 교통보안원 복주. 하지만 이별이 정해져 있기에 두 사람은 남은 시간을 더욱 소중하게 보내려고 노력한다. 그러던 어느 날 복주가 어딘가로 사라졌고, 돌아갈 날이 얼마 남지 않은 보리는 그녀를 찾아 바깥을 온종일 헤맨다. 결국 보리는 아무 말 없이 상황을 지켜봤던 자신의 통역관 명준에게 도움을 요청하고, 명준은 자신도 모르게 꿈틀거리는 마음 때문에 갈등하게 되는데… 영원히 함께할 수 없어도 누군가의 내일을 묻고 싶은 관계가 있다."
840,1236788,브레드이발소: 셀럽 인 베이커리타운,영화,KR,74.0,,"대한민국 No.1 애니메이션 '브레드이발소'의 첫 번째 영화 프로젝트! 천재 이발사 ‘브레드’와 사고뭉치 조수 ‘윌크’가 일하는 브레드이발소! 이들 앞에 베이커리타운 셀럽들이 찾아온다"" 베이커리타운 최고의 아이돌 마카롱! No.1 걸그룹을 꿈꾸는 캔디즈, 베이커리타운 힙합계를 접수한 화려한 래퍼군단까지 초특급 빵스타들의 총출동! 다들 빵! 빵! 터질 준비는 됐겠지? 브레드이발소 셀럽 인 베이커리타운!"
841,1024649,극장판 헬로카봇: 수상한 마술단의 비밀,영화,,79.0,,"할아버지 댁으로 휴가를 떠난 차탄과 가족들!  그곳에서 만난 매력만점의 새로운 친구 ‘삼순’과 함께 즐거운 시간을 보낸다.  그때, 할아버지가 키운 명품 수박들이 사라지는 사건이 일어나고  범인은 바로 마을에 자리 잡은 수상한 마술단?  그들이 노리는 것은 바로 수박 에너지!  지구 정복을 노리는 수상한 마술단에 맞서  차탄과 카봇 그리고 새로운 친구 ‘삼순’은  초특급 한판 승부를 벌이게 되는데…!"
842,642911,결혼전야,영화,KR,18.0,,"결혼식 전날 밤, 딸은 남은 짐을 챙긴다."
843,654747,신비아파트 극장판 하늘도깨비 대 요르문간드,영화,KR,97.0,,"겨울방학을 맞아 가족여행을 떠난 ‘하리’와 ‘두리’ 남매는 비행기 날개에 쓰러진 하늘도깨비 ‘주비’를 발견하고 ‘신비’와 ‘금비’를 소환한다. ‘주비’를 구해준 순간, 정체를 알 수 없는 ‘스큐트’들의 공격이 시작되고, 깊은 바닷속 관에서 부활한 전설의 괴수 ‘요르문간드’는 비행기를 집어 삼키려 한다. 한편 창공의 퇴마사로 선택된 ‘강림’이 친구들을 구하기 위해 합류하지만 세상을 파괴하려는 ‘요르문간드’는 하늘도깨비들의 왕국까지 거세게 공격하고 ‘하리’와 친구들의 피할 수 없는 하늘 위 모험이 시작되는데..."
844,881441,가치 캅시다,영화,KR,93.0,,"대한민국에서 영어 좀 한다는 남자라면 혹하는, 일생에 단 한 번만 지원할 수 있는 군대 카투사. 엘리트 명문대와 금수저들이 장악한 이 곳에 최종 학력 고졸의 말년 병장 추해진이 있다. 어떤 의미로든 전설로 불리는 해진은 학연, 지연, 혈연까지 온갖 차별이 판치는 한국 탈출을 위한 돌파구로 미군을 준비한다. 갖은 모욕에도 비굴한 웃음을 잃지 않고 최선을 다한 결과, 미군 입대를 눈앞에 두고 느닷없는 절도사건에 휘말리면서 탄원서에 5명의 서명을 받아야만 한다."
845,990269,"김광석, 못다 한 이야기",영화,,0.0,,"1992년 10월 23일 미국 세인트루이스의 위싱턴대학의 소강당에서의 즉흥공연으로 때문에 무대로 따로 만들지 않았고, 화려한 무대장치나 효과도 찾아볼 수 없다. 소강당 맨 앞쪽 바닥을 무대로 삼아 의자하나, 엠프하나를 놓고 양앞에 무대를 비추는 작은 조명과 소품, 각종 선들이 놓여있을 뿐이다.  그리고 그 뒤 벽에 붙어있는 포스터 한 장이 유일한 무대 장식이다.  여기서 김광석은 기타를 둘러매고 의자에 앉은 채 관객과 눈을 맞추며 노래한다.  타지에서 외롭게 공부하는 학생들을 위해 김광석이 생전에 미국 여행 중 즉흥적으로 무료 라이브 콘서트를 열어 학생들의 지친 심신을 위로했던 현장을 담아낸 영상입니다.  당시의 라이브 실황을 개인 캠코더로 촬영한 영상으로 현대의 고화질 영상과는 비교할 수 없으나 기타 소리와 진솔한 목소리로 채워진 당시의 울림은 현재 우리에게 진정한 위로의 시간이 될 것 입니다."
846,823277,극장판 콩순이: 장난감나라 대모험,영화,KR,79.0,,"“진짜 진짜 이번이 마지막! 이것만 사주세요~!”  장난감가게의 새 장난감을 보니 콩순이의 가슴은 콩닥콩닥!  그런데 엄마는 안 된다고만 하고 흥.칫.뿡!  “콩순아, 자꾸 새 것만 찾으면 집에 있는 장난감 친구들이 마음 아프지 않을까?”  장난감이 마음이 아프다니! 거짓말이야!  “안녕? 나는 해피! 해피는 너의 친구야”  토라진 콩순이 앞에 나타난 원숭이 로봇 해피!  콩순이가 가장 아끼는 인형 토토를 주면 새 장난감들을 준다고?  집에 도착하니 거짓말처럼 새로운 장난감이 방 안에 한가득!  그런데 잠깐! 토토와 함께 엄마, 아빠, 콩콩이가 사라졌다?! 설마 해피가…?  사라진 가족을 찾기 위해 세요, 밤이, 송이와 함께  해피가 있는 신비한 장난감나라로 떠나는 콩순이!"
847,427170,한반도의 공룡,영화,,87.0,,"평화로운 것 같지만 숲속에는 늘 먹고 먹히는 생존 경쟁이 벌어진다. 초식 공룡 프로토케라톱스를 단숨에 제압해 버리는 이 녀석,공룡 시대의 마지막 제왕 '타르보사우루스'."
848,1051393,신비아파트 극장판 차원도깨비와 7개의 세계,영화,KR,103.0,,평화롭던 7개의 평행 세계가 새로운 악당 ‘어나더’의 등장으로 위험에 처했다. 차원도깨비 ‘키비’는 평행 세계의 질서를 거스르는 ‘어나더’를 막기 위해 ‘하리’와 ‘신비’에게 도움을 요청한다. ‘키비’로 인해 또 다른 7개의 세계가 존재하고 그곳에는 자신과 똑같은 외모와 이름을 가진 사람들이 살고 있다는 것을 알게 된 ‘하리’. 갑자기 사라진 동생 '두리'와 '금비'도 '어나더'의 세계에 떨어졌다는 사실을 듣게 된다. 동생을 찾기 위해! 평행세계를 구하기 위해! 하리는 마지막 희망의 열쇠가 있는 제 7세계로 모험을 떠난다!
849,1137097,다우렌의 결혼,영화,KZ,83.0,,"다큐멘터리 조연출인 승주는 자신의 작품을 연출하길 희망하지만, 이번에도 조연출을 맡아 고려인 결혼식을 찍기 위해 카자흐스탄으로 떠난다. 연출자인 박유라가 교통사고를 당해 찍어야 할 결혼식을 놓치고 만 촬영팀. 승주는 촬영감독인 영태와 유라의 삼촌인 게오르기와 함께, 유라의 고향 사티마을에서 가짜 결혼식을 만들어 다큐를 완성하려 한다."
850,645200,감기,영화,JP,14.0,,
851,1380044,페스터,영화,,83.0,,"예약손님 위주의 작은 ‘이자카야’를 운영하는 오너셰프 범진. 사고로 부인과 아들을 한날 한시에 잃은 뒤 그 충격으로 ""일과성 기억상실증""을 앓고있다. 그리고… 기면(嗜眠) 상태에 빠지면 타인의 사망 날짜와 시간을 정확히 예측하는 특별한 능력까지 가지게 된 범진. 어느 날, 마지막 예약 손님으로 한 중년의 부부를 맞이한 범진은 약 한 시간 뒤 그들이 자신의 가게에서 사망한다는 사실을 알게 된다!"
852,1691977,선희이모,영화,KR,25.0,,애견 미용사 선희는 주인이 찾으러 오지 않는 강아지를 임시로 맡아주고 있다. 그러던 중 선희의 집에 어릴 적 키웠던 조카 서연이 10여 년 만에 찾아오고 내일 뉴질랜드로 떠난다고 말한다.
853,1111319,문재인입니다,영화,KR,115.0,,"대한민국 제19대 대통령으로 5년의 임기를 마치고 퇴임한 문재인 전 대통령은 평산마을에서 모든 짐을 내려놓고 새 삶을 꾸린다. 텃밭을 가꾸고 개와 고양이의 밥을 챙기는 것이 일과이고, 수염을 깎지 않고 편한 옷을 입을 수 있는 것이 자유이다. 퇴임 이후 최초로 공개되는 평산마을에서의 일상과 인터뷰, 오랜 시간 곁에서 동고동락한 이들의 이야기를 통해 ‘사람 문재인’을 이해해보려 한다."
854,1322349,신비아파트 특별편: 붉은 눈의 사신,영화,KR,78.0,,"하리와 친구들은 가까스로 미라를 물리쳤지만 사신의 위협은 계속되고 있다. 귀도퇴마사가 된 강림의 배신 그리고 레드아이에 걸린 가은까지 하리는 소중한 두 친구의 생각으로 마음 둘 곳이 없는데... 그러던 어느 날, 사신의 저주가 다시 퍼지기 시작한다!"
855,1521915,브레드이발소: 베이커리타운의 악당들,영화,KR,71.0,,"브레드만 주인공하란 법 있어? 베이커리타운이 위험하다! 그야말로 악당 전성시대! 원조 악당 ‘감자칩’과 세기의 비호감 ‘케이크여왕’, 불량건달 ‘악당파이’와 새로운 악당 ‘크루아라’, ‘레드벨벳’, ‘자색고구마칩’까지 지금 베이커리타운은 잔인무도한 악당들로 사상 최악의 위기! 브레드이발소 주인공들은 악당들과 맞서 싸워 이 위기를 극복할 수 있을까?"
856,108800,무법자,영화,KR,93.0,,아무 이유 없이 잔인하게 죽어 간 시체들을 마주하고 분노하는 강력반 형사 오정수. 사건 수사 중 만난 피해자 지현과 결혼하지만 두 사람은 참혹한 기억을 극복하지 못한다. 동료형사 소영은 묻지마 살인 사건 현장에서 참혹하게 죽은 아내와 딸을 안고 오열하는 정수를 발견 하는데…
857,1650443,"터치, 툭",영화,KR,25.0,,학교를 그만두고 운전면허학원에서 일하는 재은은 면허를 따러 온 고등학생 동혁과 친해지고 싶다. 그리고 동혁에겐 집단 상담을 받는 전 여자친구 소희가 있다.
858,1557542,임영웅 리사이틀,영화,KR,150.0,,"한국을 대표하는 인기 가수 임영웅의 강렬한 공연 실황을 담은 콘서트 영화. 공연과 이야기를 함께 엮어, 오늘의 그를 있게 한 추억의 노래와 사람들을 기린다."
859,1661062,서를 담고,영화,KR,16.0,,"무기력한 피리 연주자 수현은 내림굿 반주를 하다가 실수를 하고, 굿은 중단되고 만다. 연주를 포기하고 떠나려는 순간, 수현은 치열하게 연습했고 또 괴로워했던 과거의 자신을 마주한다."
860,1450444,꽃놀이 간다,영화,KR,28.0,,"지병을 가지고 있는 수미는 죽음을 앞둔 엄마의 병원비가 계속 밀리는 상황에서 병원의 ‘중간 정산' 때문에 입원을 더 이상 할 수 없게 되자, 자신이 조금만 더 기도하면 엄마가 살아날 거라는 믿음을 확신하며 병원에서 난동을 피우고 강제 퇴원을 시켜 집으로 데려온다. 모든 게 뜻대로 풀리지 않지만 다음 주 시작되는 꽃놀이 관광에 엄마를 보낼 수 있다는 희망은 버리지 않는다."
861,1234434,혐오의 스타,영화,KR,94.0,,"어린 시절 춤추고 노래하는 게 좋았던 미영은 뮤지컬 배우가 꿈이었다. 하지만 뚱뚱한 체형 탓에 미영의 꿈은 친구들에게 놀림거리가 되기 일쑤였고, 30대 초반, 꿈을 잃은 평범한 회사원으로 살아간다.  그러던 어느날... 본의 아니게 자신의 영상이 여성혐오의 상징이 되어버린 미영. 관련 영상은 인터넷상에 점점 확대 재생산되고, 이 모든 상황에서 탈출하듯 미영은 혼자만의 여행을 떠나며 한 게스트하우스에서 대현을 만난다.  마른 체구가 콤플렉스였던 대현은 인터넷에서 남성혐오의 상징이 된 인물이다. 이 둘은 게스트하우스에 모인 다양한 인간군상들 속에서 또다시 혐오의 대상이 되어 상처받지만 서로를 이해하고 위로하게 된다."
862,1023825,쥬라기캅스 극장판: 공룡시대 대모험,영화,,64.0,,"평화로운 라이트시티, 공찬과 친구들은 학교 앞에서 미니공룡을 팔고 있는 정체불명의 상인들을 발견한다. 그들의 정체는 바로 사라진 줄 알았던 악당, 어부바단! 시간 여행을 할 수 있는 타임큐브를 이용해 공룡시대의 공룡들을 미니공룡으로 만들어 데려 온 뒤, 거대화 시켜 지구를 공격해 온다!  한편, 과거로 돌아간 어부바단이 6,500만 년 전의 젊은 주관장을 공격해 쥬라기캅스의 탄생을 막아 현재의 쥬라기캅스를 소멸시켜버리고 공찬 일행도 타임큐브를 별별해적단에 빼앗겨 공룡시대에 갇히고 만다. 공찬 엄마의 노력으로 공룡시대에서 탈출해 쥬라기캅스의 부활에 성공한 공찬과 친구들! 현재로 돌아와 메카 공룡으로 도시를 공격하는 어부바단과 지구의 운명이 걸린 최종 결투를 벌이게 된다."
863,1322328,임영웅│아임 히어로 더 스타디움,영화,KR,109.0,,"10만 영웅시대와 함께 상암벌을 정복한 임영웅의 스타디움 입성기! “영웅시대가 저와 별의 이야기를 함께 써 내려가고 있다고 생각해요” 2024년 5월, 서울월드컵경기장에서 양일 10만 명의 관객을 동원하며 콘서트 안팎으로 폭발적인 화제를 일으켰던 임영웅의 콘서트를 극장에서 다시 만난다. 무대 위 압도적인 가창력과 다채로운 퍼포먼스, 새로운 도전을 마다 않는 무대 뒤의 열정적인 모습과 영웅시대를 향한 진솔한 마음, 그리고 최고의 공연을 위해 임영웅과 제작진 모두가 합심해 달려온 1년여의 기록까지, 초대형 IMAX와 ScreenX로 풍성하게 담았다! 영웅시대와 함께 더 큰 꿈을 꾸는 가수 임영웅의 하늘빛 축제가 스크린에서 펼쳐진다!"
864,977826,극장판 윌벤져스: 수상한 캠핑 대소동,영화,,79.0,,"동물들과의 대화는 물론, 공룡 젤리를 먹고 엄청난 초능력을 발휘하는 ‘윌리엄’과 ‘벤틀리’는 슈퍼 히어로가 되고 싶은 사고뭉치 히어로 꿈나무들.  어느 날, 샘 아빠와 함께 즐거운 캠핑 여행을 떠난 ‘윌벤져스’는 놀이터에서 신비로운 능력을 가진 여우 소녀 ‘미호’를 만나 친구가 된다  깊은 숲속 신비한 여우굴로 향한 ‘윌벤져스’는 ‘미호’의 놀라운 비밀을 알게 되고, ‘미호’ 가족을 노리는 사냥꾼들의 습격으로 모두가 큰 위험에 빠지고 마는데…  과연 ‘윌벤져스’는 아빠와 친구를 구하고, 무사히 캠핑을 마칠 수 있을까?!"
865,834928,"N번방: 악의 평범성, 그리고 디지털 공간",영화,,51.0,,
866,1266533,"포켓몬스터: 성도지방 이야기, 최종장",영화,KR,83.0,,"결승 토너먼트에서 만난 숙명의 라이벌, ‘지우’ vs ‘바람’!  성도지방에서 8개의 배지를 모두 모아 은빛대회에 참가한 ‘지우’ 결승 토너먼트에서 숙명의 라이벌, ‘바람’을 마주한다.  “이 ‘바람’님의 라이벌이 되기엔 물 건너가도 한~참 물 건너간 것 같은데?”  언제나 ‘지우’를 얕보며 한 발짝 앞서 나갔던 ‘바람’이지만 포켓몬을 향한 열정이라면 ‘지우’도 지지 않는다.  태초마을을 떠날 때부터 포켓몬마스터의 꿈을 꾼 두 사람 수많은 모험과 만남으로 쌓아온 각자의 성과를 성도리그에서 확인하게 된다. 과연 이 배틀의 승자는…?"
867,1661092,노이즈 캔슬링,영화,KR,24.0,,현실의 소음을 피해 나 홀로 디스코 세상을 즐기던 고등학생 준성. 어느 날 헤드셋을 낀 채 춤을 추는 여학생 마리와 마주하지만 주변 소리를 차단한 준성은 그의 소리 없는 입모양만 볼 뿐이다. 그녀는 뭐라고 했을까?
868,1013346,고고다이노 극장판: 얼음공룡의 비밀,영화,KR,74.0,,"렉스, 토모, 비키, 핑이 지키고 있는 평화로운 우르르 행성에 악당 제니와 미스터 블랙이 나타났다!  공룡 마니아 제니는 우르르 행성의 공룡들을 납치하기 시작하고, 전투 중인 ‘핑’도 결국 잡혀간다.  막강해진 제니와 미스터 블랙을 막기 위해 고고다이노 대원들은 전설의 공룡을 찾아가게 되고,  최강 합체 로봇인 ‘고고킹 다이노’로 변신할 수 있는 다이노 스톤을 얻게 된다!  하지만, 위기감을 느낀 미스터 블랙과 제니는 잠들어 있던 어둠의 얼음공룡을 깨우고 마는데…!  얼음왕국의 위기에 빠진 우르르 행성!  고고다이노 대원들은 ‘핑’과 공룡들을 구하고, 우르르 행성을 지킬 수 있을까?"
869,1154697,르네에게,영화,KR,105.0,,우연히 길을 걷다 ‘세진’의 음악을 듣게 된 ‘은영’. 친구이자 애인이었던 ‘민경’으로 연결된 두 사람은 기타를 배우기 위해 스승과 제자로 만남을 이어간다. 음악으로 이어진 관계 속 서로의 ‘상실’과 ‘사랑’을 공유하며 또 다른 감정을 느끼게 되는데...
870,1390593,면접교섭,영화,KR,82.0,,"각각의 이유로 이혼을 하게 된 두 아버지의 이야기를 다룬 다큐멘터리. 이들은 법적으로 보장된 면접교섭권을 행사하지 못한다. 비양육자에 대한 한국 사회의 인식과 면접교섭권의 한계를 고발하며, 이 갈등 속에서 아이들이 겪는 고통과 혼란을 조명한다."
871,635852,서울역,영화,KR,84.0,,
872,923718,감금,영화,,0.0,,어느 편션에 일본에서 들여온 나무가 있다. 그 나무로 인해 사람들이 기억을 잃기 시작하고 펜션주인과 본좌만이 정상적인 생활이 가능하다. 그 나무를 이용하여 펜션주인과 본좌가 사람들을 감금시키고 자기 만족을 하기 시작한다.
873,1244564,아무도 모른다,영화,KR,8.0,,두 할머니는 평생을 함께한 부부이다. 하지만 사회는 그들을 부부로 허락하지 않았다. 그들은 어느 노부부와 다르지 않지만 다른 일상을 살아간다. 소박하고 따듯한 일상을 보내는가 하면 밖에서는 손을 잡는 일도 쉽지가 않다. 그러던 어느 날 할머니가 쓰러지게 된다. 법적인 제도로부터 보호받지 못하는 두 할머니에 삶에는 균열이 생긴다.
874,1420353,헬로카봇 올스타 스페셜,영화,KR,67.0,,"헬로카봇 10주년 기념, 이번엔 스페~셜로 돌아왔다! 올스타로 새롭게 돌아온 전설의 카봇들과 스타가디언의 NEW 카봇까지 대거 출동! 차탄 & 카봇들과 함께하는 씽-나는 생일파티! 무더운 여름, 시원한 극장에서 즐거운 생일파티 즐겨요- 올 여름도 헬로카봇!"
875,923301,된다! 뭐든! 무서울 뻔~한 이야기,영화,KR,48.0,,"인생의 모토는 하면 ‘된다! 뭐든!’. 좌충우돌 명랑 라이프를 선보였던 순도 100% 무한긍정주의자 인플루언서 된다가 으슬으슬 소름끼치는 괴담을 들고 돌아왔다?! 깊어가는 할로윈 밤, 서노의 말카페에 귀신 분장을 하고 모인 된다와 친구들은 분위기를 살려 무서운 이야기 릴레이를 시작하는데… 이야기가 어딘가 이상하다(?) 기이한 경험담부터 고전 괴담까지, 코믹과 오싹을 넘나드는 된다표 심야괴담회가 시작된다!"
876,493553,아수라: 야쿠자의 길,영화,,75.0,,"1960년대 초기, 일본은 고도 경제성장기에 들고 호경기를 누렸다. 동시에 일본 야쿠자의 규모는 5천여 개 단체, 18만 명에 이르렀고 10년 동안 매년 8만 명이 새로 들어와 성장하였다. 당시 야쿠자의 양대 산맥 산앙회와 학정회는 서로를 견제하며 싸움이 끊이지 않았고 항상 일촉즉발의 공기가 흐른다. 학정회는 산앙회를 경계하기 위해 관동지방을 연합했고 그 중심에는 다른 야쿠자들과 다르게 의리 있고 점잖은 수완가, 이시타가 있었다. 이시타가 관동 연합을 성공적으로 이끌자, 국가는 야쿠자를 견제하여 그들의 주 수익 종목인 도박과 자릿세를 정상작전이라는 이름 하에 불가하게 하였으나, 이시타는 시대에 맞춰 합법적으로 세금을 내는 사업을 강구하고 건설업과 부동산으로 타츠미 산업을 시작하려 하는데…."
877,1423207,우리의 이름,영화,KR,82.0,,"지방의 공업고등학교로 전학 온 영현B. 우연히 자신과 이름이 같은 영현A를 만나 친구가 된다. 공고 생활에 익숙한 영현A는 자격증 준비에 서툰 영현B를 도와주고, 인문계 출신인 영현B는 대기업 입사를 꿈꾸는 영현A의 자기소개서 작성을 도와주며 서로의 부족한 부분을 채워간다. 결국 영현B와 A는 같은 대기업 입사를 두고 불가피하게 경쟁을 하는데, 친구이면서 경쟁할 수밖에 없는 상황에 놓인 두 영현. 우정과 경쟁, 청소년과 청년 사이에서 쓰라린 성장통을 겪으며 둘은 마침내 사회로 나아간다."
878,291496,이런 엿같은 사랑,드라마,KR,,12.0,"사건을 쫓던 중 기억을 잃은 야심 찬 검사 고은새. 그런 그녀 앞에 남자 친구라며 나타난 복싱 코치 장태하. 어쩌다 보니 그와 동거는 시작됐지만, 이런 엿 같은 사랑에 빠져도 괜찮은 걸까?"
879,33238,런닝맨,예능,KR,85.0,818.0,"대한민국 최고의 연예인들이 곳곳에 있는 미션을 해결하고, 끊임없는 질주와 긴박감 넘치는 대결을 통해 대한민국 랜드마크들의 숨겨진 뒷모습을 전격 공개하는 프로그램"
880,52910,김병만의 정글의 법칙,예능,KR,,893.0,세계의 곳곳에 존재하는 야생을 배경으로 생존을 펼치는 생존 버라이어티 프로그램
881,276161,참교육,드라마,KR,70.0,10.0,"선 넘는 학생, 학부모, 교사. 대한민국 교권이 무너졌다. 교육 현장을 바로잡기 위해 창설된 ‘교권보호국’. 그들의 유쾌, 상쾌, 통쾌한 참교육이 시작된다."
882,298610,오싹한 연애,드라마,KR,,12.0,"귀신을 보는 상속녀와 에이스 검사. 두 사람이 손잡으면 환상적인 시너지를 낸다는 사실을 알게 된 후, 미제 살인 사건을 해결하기 위해 의기투합한다."
883,71026,출동! 슈퍼윙스,드라마,CN,12.0,604.0,세상에서 가장 빠른 택배 비행기 호기와 멋진 변신 비행기 친구들 슈퍼윙스가 펼치는 세계 문화탐험 어드벤처 이야기
884,200709,약한영웅,드라마,KR,84.0,16.0,"연시은은 공부 외엔 관심이 없지만 걸어온 싸움을 피하지도 않는다. 타고난 두뇌로 유리한 상황을 만들고 주변 도구를 활용하여 자신을 보호하던 시은이지만 혼자이기에 결국 위기가 닥치고, 그 순간 또 다른 아웃사이더 안수호와 전학생 오범석의 도움을 받는다. 그렇게 정글 같은 학교에서 살아남기 위해 따로 또 같이 싸우던 이들 사이에 묘한 우정이 싹튼다."
885,65278,SBS 인기가요,예능,KR,70.0,1597.0,한 주간 화제가 되었던 인기가요를 소개하고 인기 가수들의 최신 음악을 들을 수 있는 SBS 가요 순위 프로그램
886,93405,오징어 게임,드라마,KR,,22.0,빚에 쫓기는 수백 명의 사람들이 서바이벌 게임에 뛰어든다. 거액의 상금으로 새로운 삶을 시작하기 위해. 하지만 모두 승자가 될 순 없는 법. 탈락하는 이들은 치명적인 결과를 각오해야 한다.
887,296206,김부장,드라마,KR,,10.0,"평범한 가장이자 아빠. 어느 날 딸이 흔적도 없이 실종되자, 그는 딸을 되찾기 위해 오래전 봉인해 둔 비밀 작전 기술을 다시 꺼내 든다. 하지만 곧 위험한 시선이 그를 향하기 시작한다."
888,127529,사냥개들,드라마,KR,61.0,15.0,사람 목숨보다 돈이 먼저인 사채업의 세계에 휘말린 두 청년이 거대한 악의 세력에 맞서 목숨 걸고 싸우는 이야기를 그린 넷플릭스 시리즈 . 주먹만큼은 자신 있는 건우와 우진이 은퇴한 사채업계의 전설 최 사장과 함께 법 위에 군림하는 악명 높은 불법 사채업자 명길에게 맞서는 이야기.
889,297826,도굴왕,드라마,KR,,12.0,"현대에 출몰한 신의 무덤. 유물로 영웅의 능력을 쓰게 된 사람들, 부를 얻게 된 사람들. 그리고 그 유물을 털어가는 의문의 도굴꾼이 나타났다. 도굴왕. ""아이씨, 미치겠네. 여기도 또 그자식이 다 털어 갔냐!"" 네 것도 내것. 내 건 당연히 내것. 다시 살아난 도굴꾼, 그가 세상 모든 무덤을 접수하기 시작한다!"
890,72896,미운 우리 새끼,예능,KR,100.0,494.0,"* 당신은 아들에 대해 얼마나 알고 있습니까?  오늘 내 아들이 누구를 만나서 어떤 이야기를 들었는지...  왜 오늘따라 얼굴이 어두워 보이는지, 혹은 왜 이렇게 들떠 보이는지~  식탐은 갑자기 왜 이렇게 늘어난거며, 쉬는 날은 왜 이렇게 잠만 자는 건지...  당신은.. 당신의 아들에 대해 얼마나 알고 있습니까? * 엄마의 다시 쓰는 육아일기!"
891,119769,모범택시,드라마,KR,64.0,48.0,베일에 가려진 택시회사 무지개 운수와 택시기사 김도기가 억울한 피해자를 대신해 복수를 완성하는 사적 복수 대행극
892,219246,폭싹 속았수다,드라마,KR,,16.0,"당차고 야무진 소녀와 우직하고 헌신적인 소년. 제주 바닷가 작은 마을에서 한 뼘씩 자라온 두 사람의 인생은 어디로 향할까. 넘어지고 좌절해도 다시 일어서며, 세월을 뛰어넘어 피어나는 사랑 이야기."
893,300727,아파트,드라마,KR,,12.0,"거금이 간절한 전직 조직 보스. 똑 부러지는 변호사 지망생과 함께 대단지 아파트에 숨겨진 눈먼 돈을 노리는 한탕을 계획한다. 그러나 그 과정에서, 아파트에 숨겨진 뿌리 깊은 비리를 파헤치게 된다."
894,136915,캐치! 티니핑,드라마,KR,13.0,182.0,"티니핑을 캐치하기 위해 지구에 온 이모션 왕국의 로미 공주! 베이커리 하트로즈에서 사촌언니를 도우며 일상을 보내지만, 티니핑이 나타나면 마법의 콤팩트로 티니핑을 캐치한다. 항상 옆을 지켜주는 로열 티니핑들과 어려움을 극복해가는 로미는 과연 티미핑을 모두 캐치하고 왕국으로 돌아 갈 수 있을까?"
895,64369,TV 동물농장,예능,KR,,1264.0,"야생의 자연을 누비는, 혹은 우리 곁에서 함께 호흡하며 살아가는 수십만 종의 동물들! 인간과 밀접한 생활을 나누는 이들을 우리는 얼마나 진심으로 이해하고 있는가? 본 기획에서는 인간 중심의 사회에서 벗어나, 인간과 동물 그 진정한 커뮤니케이션을 추구하는 동물 전문 프로그램"
896,67915,도깨비,드라마,KR,77.0,16.0,"2016년 12월 tvN에서 방영을 시작한 드라마. 도깨비 설화를 모티브로 김은숙 작가가 3년 전부터 기획하였으며 사극과 현대극을 오가는 판타지적인 요소를 강조한 드라마이다. 당신이 세상에서 멀어지고 있을 때 누군가 세상 쪽으로 등을 떠밀어 주었다면, 그건 신이 당신 곁에 머물다 가는 순간이다.불멸의 삶을 끝내기 위해 인간 신부가 필요한 도깨비, 그리고 그와 기묘한 동거를 시작한 기억상실증 저승사자. 그런 그들 앞에 도깨비 신부라 주장하는 죽었어야 할 운명의 소녀가 나타나며 벌어지는 신비로운 낭만 설화."
897,99966,지금 우리 학교는,드라마,KR,65.0,12.0,좀비 바이러스 발생의 시발점이 된 고등학교. 이곳에 갇힌 학생들은 필사적으로 탈출구를 찾아야만 한다. 그렇지 않으면 감염되어 좀비가 될 뿐.
898,139798,솔로지옥,예능,KR,60.0,53.0,"매력적인 싱글 남녀가 무인도에 갇혔다. 누군가와 커플이 되는 게 유일한 탈출 방법. 근데 커플들이 '천국도'로 이동해 밤을 불태울 때, 솔로는 '지옥도'에 남아 자급자족해야 한다고?"
899,259837,원더풀스,드라마,KR,80.0,8.0,"종말론이 득세하던 1999년, 뜻밖의 사건으로 초능력을 얻은 동네 허당들이 평화를 위협하는 빌런과 맞서 싸운다. 어설픈 초능력자들의 예측 불허 사건들이 이어지는 세기말 코미디 액션 어드벤처."
900,112888,여신강림,드라마,KR,,16.0,외모 콤플렉스를 가지고 있다가 화장을 통해 여신이 된 주경과 남모를 상처를 간직한 수호가 만나 서로의 비밀을 공유하며 성장하는 자존감 회복 로맨틱 코미디
901,130931,SBS Inkigayo,드라마,KR,,1122.0,
902,96648,스위트홈,드라마,KR,,26.0,인간이 무시무시한 괴물로 변하는 세상. 사방이 공포로 물들었다. 이제 소수의 생존자들은 끝까지 인간성을 놓치지 않기 위해 목숨 건 사투를 벌인다.
903,68398,낭만닥터 김사부,드라마,KR,60.0,52.0,"지방의 초라한 돌담 병원, 한때 신의 손으로 불리었지만 이제는 스스로를 낭만닥터라 칭하며 은둔생활을 즐기고 있는 괴짜 천재 의사 김사부. 그런 그의 앞에 열정 넘치는 젊은 의사가 찾아온다."
904,241454,엄마친구아들,드라마,KR,80.0,16.0,오류난 인생을 재부팅하려는 여자와 그 여자의 살아있는 흑역사인 '엄마 친구 아들'이 벌이는 로맨틱 코미디
905,136283,더 글로리,드라마,KR,,16.0,"고등학교 시절, 끔찍한 괴롭힘에 시달렸던 여자. 많은 시간이 흐른 후, 가해자들을 응징하기 위해 그녀가 치밀한 복수를 감행한다."
906,279323,동궁,드라마,KR,,8.0,영혼의 세계를 넘나드는 구천과 귀신의 소리를 듣는 궁녀 생강. 왕의 부름을 받은 둘이 동궁에 깃든 저주를 파헤친다. 깊고 은밀한 비밀에 다가서는 미스터리 오컬트 사극.
907,135157,환혼,드라마,KR,75.0,30.0,"역사에도 지도에도 존재하지 않은 대호국을 배경으로, 영혼을 바꾸는 '환혼술'로 인해 운명이 비틀린 주인공들이 이를 극복하고 성장해가는 판타지 로맨스 활극"
908,253960,가스인간,드라마,KR,,8.0,"한국과 일본의 최정상 크리에이터들이 협력해, 도호 영화사의 전설적 특수 촬영 영화 《가스인간 제1호》를 오리지널 스토리로 전면 리부트한다. 형체가 없는 기묘한 존재, 가스인간. 그가 이제 우리의 세상을 뒤흔든다.

생방송 중에 일어난 사망 사건. 범인은 '가스인간'이었다. 그리고 그 배후에는 취약한 사람들을 쓰고 버린 비밀 프로젝트가 은폐돼 있었다. 이제 한 형사가 그 가공할 진실을 추적한다."
909,5707,X맨,예능,KR,,181.0,"SBS에서 2003년 11월 8일부터 2007년 4월 8일까지 방영했던 실제상황 토요일과 일요일이 좋다의 전 코너이며, 총 178회 방영되었다."
910,197067,이상한 변호사 우영우,드라마,KR,70.0,16.0,"2022년 6월 ENA에서 방영을 시작한 드라마. 천재적인 두뇌의 소유자이면서 동시에 자폐 스펙트럼 장애를 가진 영우는 강점과 약점을 한 몸에 지니고 있다. 영우의 강점은 우리들 대부분이 범접할 수 없을 만큼 탁월하지만, 영우의 약점은 우리들 대부분이 깜짝 놀랄 만큼 취약하다. 서울대 로스쿨을 수석 졸업하고 변호사 시험에 합격한 우영우가 대형로펌 법무법인 한바다의 변호사가 된다. 신입 변호사이자 자폐 스펙트럼 장애를 가진 여성으로서 그녀는 법정 안팎에서 다양한 난관을 헤쳐 간다."
911,207924,"나는 SOLO, 그 후 사랑은 계속된다",예능,KR,45.0,168.0,"<나는 SOLO> 출연자들의 사랑은 솔로 나라 밖에서도 계속된다! 솔로 탈출을 꿈꾸며 솔로 나라에 입성한 청춘 남녀의 그 후, 그들의 사랑 이야기를 담은 극사실주의 리얼리티 프로그램"
912,113268,경이로운 소문,드라마,KR,64.0,28.0,"명인 포스의 주방 여사 추매옥을 중심으로, 칼자국 깊게 패인 건달 아우라의 주방 보조 가모탁, 반찬은 셀프를 외치는 시니컬한 홀서빙 도하나 그리고 고교생 알바 소문. 대화도 없이 눈빛만으로도 합이 쩍쩍 맞는 국숫집을 운영하는 네 사람의 실제 직업은 슈퍼히어로다. 그들은 죽음의 강을 건너다가 악귀 사냥꾼으로 다시 태어났다. 사람은 살리고, 악귀는 잡는 따뜻한 이웃, 카운터들의 통쾌한 악귀 사냥이 시작된다."
913,61194,로보카 폴리,드라마,KR,11.0,120.0,"로보카폴리 구조본부가 있는 브룸스타운에는 사고뭉치 골목대장 피터가 아빠, 엄마, 동생 루시, 반려견 버디와 함께 단란한 가정에 살고 있다. 피터는 단짝친구 조니, 새침데기 신디, 겁 많은 모범생 찰스와 함께 재밌는 놀거리와 신나는 모험을 찾아 마을 곳곳을 누빈다. 하지만 아이들의 즐거운 일상 뒤편에는 늘 안전사고의 위험이 도사리고 있다. 집, 학교, 놀이터 등에서 실수와 부주의로 발생하는 위급한 상황과 각종 재난재해에 맞서 소중한 생명을 지켜주는 우리의 수퍼히어로, “로이!” 구조가 끝난 뒤에는 어린이 눈높이에 맞춘 쉽고 체계적인 설명으로 사고를 예방할 수 있는 안전수칙을 전달해 준다. 용감한 로이와 구조대원들 덕분에 브룸스타운은 늘 활기차고 평화롭다!"
914,95112,고고다이노,드라마,KR,13.0,260.0,"우주 안전 관리국의 훈련 과정을 수료한 4마리의 공룡 로봇이 주인공이다. 이들 신입 요원은 최고의 요원이 되기를 꿈꾸며 동물 마을에서 첫 임무를 맡게 되는데...

동물 마을은 평화로워 보이지만 말썽꾸러기 삼총사 벤과 폴, 그리고 에밀리 때문에 조용할 날이 없다. 4마리의 공룡 로봇들은 마을 친구들에게 어렵거나 힘든 일이 생기면 힘을 모아 사건을 해결하며 최고의 요원으로 성장해 간다."
915,96102,슬기로운 의사생활,드라마,KR,80.0,24.0,"누군가는 태어나고 누군가는 삶을 끝내는 탄생과 죽음이 공존하는, 인생의 축소판이라 불리는 병원에서 평범한 듯 특별한 하루하루를 살아가는 사람들과 눈빛만 봐도 알 수 있는 20년지기 친구들의 케미스토리를 담은 드라마"
916,215720,눈물의 여왕,드라마,KR,,16.0,"세기의 결혼인가, 세기의 전쟁인가. 퀸즈 그룹 재벌 3세이자 백화점의 여왕 홍해인, 용두리 이장 아들이자 슈퍼마켓 왕자 백현우. 아찔한 위기를 맞은 3년 차 부부에게 기적처럼 다시 사랑이 시작된다."
917,117376,빈센조,드라마,KR,,20.0,조직의 배신으로 한국으로 오게 된 이탈리아 마피아 변호사가 베테랑 독종 변호사와 함께 악당의 방식으로 악당을 쓸어버리는 이야기
918,286360,맨 끝줄 소년,드라마,KR,63.0,6.0,실패한 작가이자 국문학과 교수인 허문오. 강의실 맨 끝줄 소년 이강의 천재성을 발견하고 문학 수업을 제안한다. 하지만 이강이 쓴 예측 불가한 이야기에 빠져들면서 수업은 뜻밖의 방향으로 치닫는다.
919,79434,김비서가 왜 그럴까,드라마,KR,70.0,16.0,"재력, 얼굴, 수완까지 모든 것을 다 갖췄지만 자기애로 똘똘 뭉친 나르시시스트 부회장과 그를 완벽하게 보좌해온 비서의 퇴사밀당 로맨스. 잘생긴 얼굴, 완벽한 비율, 영특한 머리, 탁월한 경영 능력까지! 태어나서 지금까지, 늘 모든 분야에서 독보적인 1위였다. 스스로를 너무 사랑한 나머지 연애 한 번 안 하고, 스스로 너무 잘난 나머지 주변 사람들의 부족함을 견디지 못하는 그가 곁을 허락하는 유일한 사람이 있었으니 오래된 부부 같은 호흡을 자랑하는 비서, ‘김미소’다. 그런데 그런 김비서가 어느 날 갑자기 퇴사를 선언한다. ""대체 왜? 나를 보필할 수 있는 초특급 영예를 박차고 나가겠다고...?"" 대체... 김비서가 왜 그럴까?"
920,94796,사랑의 불시착,드라마,KR,,16.0,"뜻밖의 돌풍은 행운일까, 불운일까. 패러글라이딩 사고로 북한에 불시착한 재벌 딸. 그곳에서 깐깐한 북한군 장교를 만난다. 이 와중에 피어오르는 낯선 감정은 뭐지?"
921,212204,반짝이는 워터멜론,드라마,KR,64.0,16.0,"음악에 천부적인 재능을 타고난 코다(CODA, 청각장애인 부모 아래서 태어난 청인 자녀) 소년이 수상한 악기점을 통해 낯선 공간에 불시착하게 되고, 그곳에서 만난 수상쩍은 청춘들과 함께 밴드 ‘워터멜론 슈가’를 결성하게 되면서 벌어지는 판타지 청춘 드라마"
922,93007,궁금한 이야기 Y,예능,KR,,766.0,"궁금한 이야기 Y. 세상 모든 것은 이야기로 이루어져 있다. 그중엔 궁금한 이야기가 수없이 많다. 그리고 모든 이야기엔 이유가 있다. '왜?' 그 모든 재미있는 이야기, 그건 '왜' 그렇게 된걸까? 'WHY?' 시청자들이 가장 궁금해 하는 뉴스속의 화제, 인물을 카메라에 담아 이야기의 이면에 숨어있는 'WHY'를 흥미진진하게 풀어주는 'Y'에서 만나보세요."
923,129236,나는 SOLO,예능,KR,,260.0,"나가자~! 커플로!!! 눈물 없이 볼 수 없는 청춘남녀들의 달콤살벌한 로맨스가 시작된다!결혼을 간절히 원하는 솔로 남녀들이 모여 사랑을 찾기 위해 고군분투하는 극사실주의 솔로탈출 대서사시!'SOLO'인 자는 누구나 출연 자격이 있다! 능력, 매력 캐릭터 장착자 일반인 출연자들이 사랑 앞에 더욱 솔직해진 복잡 미묘한 사랑이야기가 온몸의 연애세포를 깨어나게 만든다"
924,78385,밥 잘 사주는 예쁜 누나,드라마,KR,75.0,16.0,"2018년 3월 JTBC에서 방영을 시작한 드라마. 많이들 연애를 하지만 진짜 연애는 참 드물다. 영혼이 흔들릴 것 같은 연애, 나의 불치병보다 상대방의 감기가 더 아픈 연애, 우리는 진짜 해본 적이 있을까? 언제나 나만 생각하는 이기적인 내가 타인과 관계망에 대한 인식의 지평을 넓혀 진짜 교감을 할 수 있을까? 우리는 타인의 기쁨과 슬픔, 희열과 고통을, 그 질감을 가감 없이 그대로 느낄 수 있을까? 가능하다. 진짜 연애에 폭 빠져있는 그 순간에는. 끊임없는 관심으로 상대방을 들여다보고 그 인생의 모든 장면들을 낱낱이 기록하고 기억하는 일, 그것이 사랑이다."
925,79265,EBS 다큐프라임,드라마,KR,,296.0,한국교육방송공사의 교육기획 다큐멘터리 프로그램
926,218539,마이데몬,드라마,KR,,16.0,냉혹한 악마와 차가운 상속녀. 둘이 우연한 만남으로 얽히면서 악마의 능력이 사라진다. 그런데 어쩌면 그 능력과 악마의 마음을 되살릴 열쇠가 상속녀에게 있을지 모른다.
927,19845,뽀롱뽀롱 뽀로로,드라마,KR,11.0,312.0,"세상이 온통 하얀 눈으로 뒤덮인 어느 추운 나라 작은 섬. 뽀롱뽀롱 숲 속 마을에는 뽀로로, 크롱과 에디, 루피, 포비, 해리, 패티 등의 동물 친구들이 모여 살고 있습니다. 호기심 많은 말썽꾸러기 뽀로로와 크롱 때문에 숲 속 마을에서는 항상 크고 작은 소동이 끓이지 않지만, 친구들은 서로 이해하고 도와가며 함께 지혜롭게 살아가는 법을 터득하고 있습니다."
928,48462,상속자들,드라마,KR,60.0,20.0,대한민국 상위 1%에 속하는 재벌가에서 자란 10대 고교생들의 이야기를 담은 드라마
929,285838,기리고,드라마,KR,60.0,8.0,소원의 대가는 죽음. 소원을 이뤄주는 애플리케이션 '기리고'의 저주로 고등학생 몇몇이 갑작스러운 죽음을 예고 받는다. 그 저주의 사슬을 끊고자 발버둥 치는 이들은 끝내 살아남을 수 있을까.
930,96121,헬로카봇,드라마,KR,,540.0,모험심 강한 소년 차탄이 우연히 발견한 신비의 큐브를 통해 자동차에서 로봇으로 변신하는 카봇을 만나 친구가 되어 어둠의 세력에 맞서는 코믹 액션물
931,64010,응답하라 1988,드라마,KR,90.0,20.0,"386세대도 88만원 세대도 아닌, 그래도 아직은 기성세대로는 불리고 싶지 않은 한 여자가 있다. 대한민국에서 가장 많다는 1971년생. 마흔다섯의 성덕선. 덕선이 열여덟이던 1988년, 건국 이래 최고의 행사인 ‘서울 올림픽’이 열렸고 학력고사를 치르던 1989년, 베를린 장벽이 무너졌다. 대학에 입학하던 1990년, MBC 라디오 ‘배철수의 음악캠프’가 시작됐다. 누구에게나 내가 살아온 시대는 특별하기에 그날들을 선명히 기억한다. 월급날 아버지가 사오던 누런 통닭 봉투. 이불 깊숙이 아버지의 밥공기를 넣어 놓던 어머니. 온 가족이 도란도란 모여 앉아 보던 ‘한 지붕 세 가족’. 앞집, 옆집, 뒷집 너나 없이 나누고 살았던 골목 이웃들을 기억한다. 지나온 추억은 아련히 떠올라 밤잠을 뒤척이게 하고 오늘을 살아가는 발판이 된다. ＜응답하라 1988＞은, 우리가 보낸 시간에 관한 이야기이며 그 시절 청춘을 보낸, 그리고 지금의 청춘들에 보내는 위로와 격려다. 현재를 살아가고, 견디며, 잘 지내고 있는 모든 이들에게 보내는 연가, 계절의 봄처럼 짧았고 청춘처럼 찰나로 지나간 그 시절로의 여행을 떠날 것이다."
932,99489,펜트하우스,드라마,KR,70.0,48.0,"강남의 상징인 최고층 펜트하우스 입성을 향해 인생을 걸고 질주하다 점점 괴물로 변해가는 한 여자의 일그러진 욕망과 모성, 부동산 성공 신화 이야기. 우연히 목격한 살인사건에 침묵하는 조건으로 최고급 부동산 정보를 얻게 된 주인공이 강남행 마지막 티켓을 거머쥐고 상류사회에 끼어들어 부동산과 교육, 돈과 지식 두 가지를 다 성공하기 위해 완전히 다른 삶을 선택하는 이야기."
933,110356,마이 네임,드라마,KR,50.0,8.0,아빠를 잃었다. 그것도 바로 눈앞에서. 남은 딸은 결심한다. 반드시 내 손으로 복수하겠노라고. 목표를 위해서라면 방법은 상관없다. 마약 조직의 언더커버가 되어 경찰에 잠입하는 것이라 해도.
934,289424,모두가 자신의 무가치함과 싸우고 있다,드라마,KR,,12.0,잘난 친구들 사이에서 혼자만 안 풀려 시기와 질투로 괴로워 미쳐버린 인간의 평화 찾기를 따라가는 이야기
935,198004,킹더랜드,드라마,KR,71.0,16.0,"세상에는 의지와 상관없이 웃어야 하는 사람들도 있고, 억지로 웃지 않아도 지장 없는 사람들이 있다. 누군가에게 웃음은 생존 도구이고, 누군가에 웃음은 아량이다. 일상에서 웃는 얼굴은 편하다. 갑은 보기 좋아 편하고, 을은 자신을 감출 수 있어 편하다. 그러는 사이 웃음은 기호로 남고 진실은 사라진다. 이 드라마는 진짜로 환하게 웃을 수 있는 날을 만들어가는 사람들 이야기이다."
936,303143,멋진 신세계,드라마,KR,,14.0,죽음을 맞을 운명에 처한 조선 시대 악녀가 대한민국 서울에서 눈을 뜬다. 이 낯선 도시에서 마주한 냉혹한 재벌 후계자가 어쩌면 그녀의 운명을 바꿀 마지막 희망일지도 모른다.
937,154825,사내맞선,드라마,KR,61.0,12.0,친구를 대신해 맞선 자리에 나간 하리. 남자가 겁을 먹고 퇴짜를 놓게 할 작정이다. 하지만 맞선남이 하리가 다니는 회사의 CEO로 드러나며 계획은 엉망이 된다. 게다가 그가 청혼을 하다니. 얼굴 천재 능력남 CEO와 정체를 속인 맞선녀 직원의 스릴 가득 ‘퇴사 방지’ 오피스 로맨스.
938,238084,트리거,드라마,KR,47.0,10.0,"총기 청정국 대한민국에서 출처 불명의 불법 총기가 배달된다. 전국에서 총기 사건이 발생하며 온 나라가 혼돈에 휩싸인 지금, 정의감 넘치는 경찰과 의문의 파트너가 위기 속에 손을 잡는다."
939,110534,D.P.,드라마,KR,50.0,12.0,탈영병을 잡는다. 이등병 준호에게 떨어진 새로운 임무. 그는 탈영병들을 추적하며 지독하게 고통스러운 현실을 마주한다. 그리고 아무리 도망쳐도 벗어날 수 없다는 것도 알게 된다.
940,16420,꽃보다 남자,드라마,KR,65.0,25.0,평범한 서민 집안의 한 소녀가 부유층 자제들로 가득한 고등학교로 전학해 네 명의 꽃미남 재벌소년들과 만나면서 벌이는 좌충우돌 이야기를 그린 드라마
941,231280,굿보이,드라마,KR,69.0,16.0,폭력과 범죄가 난무하는 세상. 경찰이 된 챔피언 운동선수들이 탁월한 능력으로 잔악무도한 악당들을 상대한다.
942,111998,꼬리에 꼬리를 무는 그날 이야기,예능,KR,,250.0,"‘너’ 에게 꼭 들려주고 싶어! 친구, 배우자, 동료... 세 명의 '이야기꾼'이 스스로 공부하며 느낀 바를 각자의 '이야기 친구'에게, 가장 일상적인 공간에서 1:1 로 전달하는 프로그램"
943,202783,살인자ㅇ난감,드라마,KR,,8.0,우발적인 첫 살인 후 연이어 사람을 죽이게 된 평범한 청년. 자신을 끈질기게 추적하는 형사와 끝없이 쫓고 쫓기는 게임을 시작한다.
944,70593,킹덤,드라마,KR,,12.0,"2019년 1월 Netflix에서 방영을 시작한 좀비물. 병든 왕을 둘러싸고 흉흉한 소문이 떠돈다. 왕에게 이상한 일이 벌어지고 있다는 걸 알게 된 왕세자 이창이 왕을 진료한 의원을 찾아 나선다. 어둠에 뒤덮인 조선, 기이한 역병에 신음하는 산하. 동래 지휼현에 왔다가 역병의 실체를 보게 되고, 호위무사인 무영과 함께 이 병이 전국적으로 퍼져나가는 걸 막기 위해 싸운다. 정체 모를 악에 맞서 백성을 구원할 희망은 오직 세자뿐인데..."
945,194524,MBC 다큐프라임,드라마,KR,,552.0,"MBC에서 방송되는 프로그램 ＜MBC 다큐 프라임＞은 시청자들의 다양한 문화 항유 욕구를 반영한, 정통 문화 · 예술 · 공연 및 우수 다큐 중심의 고품격 문화 프로그램입니다.

현시점에서 우리 사회의 화제가 되고 있는 여러 사회적, 문화적 주제를 다양한 형식으로 재미있고 유익하게 시청자들에게 전달하고자합니다."
946,98827,편의점 샛별이,드라마,KR,64.0,16.0,"똘기 충만 4차원 알바생과 허당끼 넘치는 훈남 점장이 편의점을 무대로 펼치는 24시간 예측불허 코믹 로맨스. 키 크고 훤칠한 훈남이자 따뜻한 마음의 소유자, 최대현. 상큼한 미모와 4차원 성격의 똘끼 소유자, 정샛별. 3년 전 담배 셔틀로 만나는 두 사람 “웬만하면 끊어 뼈 삭는다. 그런 거 말고 멋진 일에 청춘을 걸어 봐!”라고 말해주는 최대현. 그날 대현은 샛별에게 잊을 수 없는 사람으로 각인되게 되는데..."
947,230923,선재 업고 튀어,드라마,KR,70.0,16.0,안타깝게 생을 마감한 남자 톱스타와 그를 살리기 위해 과거로 간 여자를 그린 타임슬립 판타지 로맨스 드라마. 김빵의 동명 웹소설 원작.
948,229915,밤이 되었습니다,드라마,KR,35.0,12.0,2학년 3반 고등학교 아이들이 함께 떠난 수련회에서 종료할 수 없는 의문의 마피아 게임을 시작하며 벌어지는 미스터리 스릴러 하이틴 드라마.
949,281016,월간남친,드라마,KR,,10.0,현실 생활에 지쳐 연애할 여유도 없는 웹툰 PD 서미래. 연애 구독 서비스를 통해 새로운 만남과 설렘 가득한 데이트를 경험한다. 어쩌면 그녀에게도 사랑이 다시 찾아올지도?
950,112836,종이의 집: 공동경제구역,드라마,KR,75.0,12.0,통일을 앞둔 미래의 한반도. '교수'라 불리는 수수께끼의 인물이 남과 북의 노련한 도둑들을 모아 희대의 인질극을 꾸민다. 이 작전의 목표는 갓 찍어낸 지폐를 훔쳐 탈출하는 것.
951,229891,이 사랑 통역 되나요?,드라마,KR,75.0,12.0,촬영차 전 세계를 오가는 스타 배우와 그녀의 통역사. 서로를 향한 마음이 깊어지는 것과 달리 설렘의 감정은 자꾸만 오역이 되는데. 과연 둘만의 사랑의 언어를 찾을 수 있을까?
952,96462,사이코지만 괜찮아,드라마,KR,,16.0,"돈도 없고, 부모도 없고, 희망조차 없는 정신병동 보호사. 그에게 있는 거라곤 자폐 스펙트럼인 형 하나. 그저 한 달 월급으로 형과 배불리 먹고 두 다리 뻗고 잘 수만 있다면 그것으로 족하다는 남자 앞에 동화 속 마녀와 같은 이상한 여자 하나가 불쑥 등장한다. 칼 대신 펜을 휘둘러 동심을 지배하고 조종하는 아동문학계의 여왕. 더군다나 선천적 결핍으로 사랑의 감정을 알지 못하는 그녀가 하필 사랑을 거부하는 남자에게 운명적으로 꽂혀 버린다. 그렇게 시작된 피가 튀고 살이 에이는 전쟁 같은 밀당. 과연 이들의 살벌하면서도 아름다운 잔혹동화는 해피엔딩을 향해 갈 수 있을까?"
953,84327,SKY 캐슬,드라마,KR,69.0,20.0,"대한민국 최고의 명문사립 주남 대학교. 그 대학이 서울 근교의 숲속에 세운, 대학병원 의사들과 판· 검사 출신의 로스쿨 교수들이 모여 사는 유럽풍의 4층 석조저택 단지에서 명예, 권력을 모두 거머쥔 대한민국 상위 0.1%의 남편들과 함께 제 자식을 천하제일의 왕자와 공주로 키우고 싶은 명문가 출신의 사모님들은, 자녀들의 대학입시를 어떻게 준비할까? 3대째 의사가문, 법조인 가문을 만들어 내기 위한 그녀들만의 치열한, 철저한, 처절한 몸부림. 그 필사(必死)의 욕망이 꿈틀대는 내밀한 속을 샅샅이 들여다보는 리얼 코믹 풍자극."
954,232766,광장,드라마,KR,,7.0,스스로 아킬레스건을 자르고 광장을 떠났던 기준. 그가 조직의 2인자였던 동생 기석의 죽음을 파헤치고자 11년 만에 돌아온다. 차가운 복수를 향해 타협 없이 직진하는 강렬한 누아르 액션.
955,106651,지옥,드라마,KR,,12.0,"어느 날 기이한 존재로부터 지옥행을 선고받은 사람들. 지옥으로부터의 고지를 받은 자는 어김 없이 예정된 시간에 지옥의 사자들에게 끌려가는 일이 서울 한복판에서 모두가 지켜보는 가운데 일어난다. 충격과 두려움에 휩싸인 도시에 대혼란의 시대가 도래한 가운데, 신흥 종교 단체 새진리회의 의장 정진수는 이것이 진정으로 현실 세계에서 일어나고 있는 신의 집행임을 사람들에게 설파한다. 한편 일부는 새진리회에 맞서 싸우며 사건의 실체를 밝히려 한다."
956,78869,일단 뜨겁게 청소하라,드라마,KR,65.0,16.0,"청결에 죽고 사는 청소업체 CEO 남자. 청결이 먹는 건지 입는 건지 관심 없는 취준생 여자. 물과 기름 같은 둘이 만나 옥신각신하더니 어라, 달달한 기운이? 남자가 결벽증을 버리려나, 여자가 더러움을 벗으려나? 궁금하다, 궁금해!"
957,45039,꼬마버스 타요,드라마,KR,10.0,182.0,다양한 자동차 친구들과 함께 '서울시티'의 버스로 활약하면서 매일 매일 조금씩 성장해 가는 타요의 이야기를 그린 애니메이션
958,280945,폭군의 셰프,드라마,KR,,12.0,타임슬립 한 프렌치 셰프가 최악의 폭군이면서 최고의 미식가인 왕을 만나게 되면서 500년을 뛰어넘는 판타지 서바이벌 로맨스
959,228689,다 이루어질지니,드라마,KR,58.0,13.0,"천여 년 만에 컴백한 경력 단절 정령 지니, 감정이 결여된 인간 가영을 만나다. 늘 할머니의 룰과 자신의 루틴대로만 살던 그녀 앞에 놓인 세 가지 소원, 그리고 시작되는 예측 불가 판타지 로맨스."
960,70626,비밀의 숲,드라마,KR,,32.0,"감정을 느끼지 못하는 외톨이 검사 황시목이, 정의롭고 따뜻한 형사 한여진과 함께 검찰 스폰서 살인사건과 그 이면에 숨겨진 진실을 파헤치는 내부 비밀 추적극. 처음엔 검찰 조직 내부의 비리에서 촉발된 것으로 보였던 사건은 범인의 의도도, 향방도 알 수 없는 미궁에 빠지는데..."
961,237565,조립식 가족,드라마,KR,70.0,16.0,"피 한 방울 섞이지 않았지만 가족이라 우기며 10대 시절을 함께 했던 세 남녀가 10년 만에 다시 만났다. 그때는 꺼내 놓지 않았던 첫사랑의 떨림과 함께! 중국 드라마 ""이가인지명"" 원작."
962,129478,연모,드라마,KR,70.0,20.0,"죽은 오빠 대신 남장을 하고 왕세자로 살아가는 쌍둥이 여동생. 궁녀에게 철벽을 치며 문무에 전념하려는 중인데, 이를 어째. 세자 교육을 맡은 남자에게 자꾸 눈길이 가. 이거 혹시, 사랑?"
963,243761,굿파트너,드라마,KR,70.0,17.0,"이혼 전문 베테랑 변호사와 이혼은 처음인 신입 변호사가 같은 회사서 격돌한다. 경험도 가치관도 너무 다른 두 사람. 각자의 개인사까지 끼어들면서, 하루도 조용히 넘어가는 법이 없다."
964,287011,오늘도 매진했습니다,드라마,KR,,12.0,"하루하루 일에 온 마음을 바쳐 매진하지만, 마음 한가운데 큰 구멍이 난 두 남녀가 서로의 상처를 땜질해 주며 사랑에 빠지는 과정을 담은 힐링 로맨스 코미디극"
965,281013,키스는 괜히 해서!,드라마,KR,68.0,14.0,생계를 위해 애엄마로 위장취업한 싱글녀와 그녀를 사랑하게 된 팀장님의 로맨스
966,135238,경성크리처,드라마,KR,,17.0,어둠이 드리운 비극의 시대 1945년. 경성 최고의 자산가가 죽은 이도 찾아낸다는 토두꾼과 만났다. 생존이 전부였던 두 사람은 이내 인간의 탐욕으로 탄생한 괴물을 마주하게 되는데…
967,92983,배가본드,드라마,MA,60.0,16.0,"민항 여객기 추락 사고에 연루된 한 남자가 은폐된 진실 속에서 찾아낸 거대한 국가 비리를 파헤치게 되는 과정을 그린 드라마. 어느 날 민항 여객기가 추락한다. 그 비행기 안에는 스물다섯 명의 어린이 태권도 시범단도 타고 있었다. 생존자는 없다. 기체 결함이라는 조사발표가 나왔다. 그러나 그것은 거짓이었다. 누군가가 의도적으로 비행기를 떨어뜨렸다. 진실을 찾으려는 돈키호테 앞에 거대한 음모의 실체가 드러나기 시작한다. 비행기 사고는 서막에 불과했고 개 같은 싸움이 시작됐다. 그도, 그들도.. 상대를 잘못 골랐다."
968,203164,힘쎈여자 강남순,드라마,KR,60.0,16.0,"도봉구에 도봉순이 있었다. 이어지는 힘쎈 선조에서 시작된 이 힘쎈 유전인자를 가진 후손이 다른 지역에서도 살고 있다. 도봉순과 족보적으로는 6촌 정도겠다. 말하자면 도봉순의 할머니와 강남순의 할머니가 자매란 소리다. 상스럽고 고귀함이 없는 이름을 지어야 특별한 유전인자의 별스럼이 상쇄된다는 비논리적인 이유에서 지어진 강남토박이 엄마 황금주와 강남순, 그리고 남순의 외할머니 길중간, 이 세 모녀가 만들어가는 글로벌 쓰리(3) 제너레이션 프로젝트! 모름지기 좋은 건 많을수록 좋다고 했다. 다다익쎈! 더 강해진 힘과 더 많아진 코미디!"
969,88463,아스달 연대기,드라마,BN,60.0,30.0,"그곳에서 모든 것이 시작됐다. 태고의 땅 아스. 권력을 향한 욕망, 새로운 사회에 대한 열망, 그리고 가슴 뛰는 사랑을 위해 치열하게 살아간 사람들이 있었다. 그 중심에 선 두 인물, 은섬과 타곤. 그들은 각각 어떠한 국가를 만들려 하는가. 결국 누가 그곳을 차지하게 되는가."
970,70204,순풍산부인과,드라마,KR,,682.0,'순풍산부인과' 사람들의 일상 헤프닝을 다룬 시트콤
971,99480,모범형사,드라마,KR,65.0,32.0,"5년 전 여대생과 형사를 살해한 범인을 추호의 의심 없이 체포했던 형사 강도창! 5년 후, 엘리트 형사 오지혁이 강력 2팀으로 전입해 오면서 잊혀졌던 진실을 향한 증거들이 드러나기 시작한다. 진실에 다가가려는 자와 은폐하려는 자들 간의 불꽃 튀는 대결이 시작된다!"
972,135340,해피니스,드라마,KR,67.0,12.0,근미래를 배경으로 계층사회의 축소판인 아파트에 고립된 이들의 생존기를 그린 도시 스릴러
973,68814,힘쎈여자 도봉순,드라마,KR,68.0,16.0,"인간이 사는 세상은 정글이나 다름없다. 혼돈속의 질서를 바로잡는 법과 인간의 내재된 양심이 동물들이 지배하는 정글과의 차별점이긴 하나 처절한 약육강식, 힘의 논리 하에 움직이고 있음이 사실이다. 여성의 사회적 지위나 실존적 권위가 날이 갈수록 커지고 있다. 하지만 그 이면에는 추락하는 남성의 권위를 물리적 힘으로 가압하려는 역행성 범죄와 심리들 또한 보이지 않게 증가하고 있다. “남자가 여자보다 나은 점은 털 많고 근육 많은 것 밖에 더 있어?” 라고 외치던 여자팀장은 늦은 밤 회식 후 남자 부하직원이 집 앞까지 에스코트 해주는 아이러니에 놓인다. 왜냐 그 털 많고 근육 많은 남자의 물리적 힘이 나쁜 남자 인간들에 의해 나쁘게 쓰이고 있기 때문이다. 여자는 그래서 털 많고 근육 많은 그러나 좋은 남자에게 한없이 끌린다. 자기가 가지지 못한 걸 가지고 있어서다. 만일 여자가 남자보다 힘이 세다면 세상은 어찌 되었을까? 이 발칙한 상상에서 출발한 이야기가 세상 사람들에게 호쾌하고 통렬한 다이돌핀을 줄 거라는데 난 조금도 망설임 없는 확신을 하며 드라마를 기획하였다."
974,154887,나의 해방일지,드라마,KR,68.0,16.0,"시골과 다를 바 없는 경기도의 끝 한 구석에 살고 있는, 평범에서도 조금 뒤처져 있는 삼남매. 어른이 된 후 매일매일 되풀이되는 단조로운 일상에 지친 세 남매는 어느 날 답답함의 한계에 다다르고, 한없이 평범한 삶 속에서 특별한 성취와 자유를 찾아 나선다. 각자의 삶에서 해방하기로 결심한 견딜 수 없이 촌스런 삼남매의 견딜 수 없이 사랑스러운 행복 소생기."
975,93846,더 킹: 영원의 군주,드라마,KR,72.0,16.0,"악마에 맞서 차원의 문(門)을 닫으려는 이과(理科) 형 대한 제국 황제와 누군가 의 삶·사람·사랑을 지키려는 문과(文科) 형 대한민국 형사의 공조를 통해 차원이 다른 로맨스를 그린 드라마. 1994년 대한제국 역모의 밤, 황태자 이곤은 아버지를 잃고 만파식적 반쪽과 주인을 알 수 없는 신분증을 얻게 된다. 25년 후, 신비한 차원의 문을 통해 2019년 대한민국으로 오게 된 이곤. 그 곳에서 25년을 그리워하고 궁금해 했던 신분증의 주인 정태을을 만나게 되는데... !"
976,259288,선의의 경쟁,드라마,KR,,16.0,살벌한 입시 경쟁이 벌어지는 대한민국 상위 1% 채화여고에 전학온 '슬기'에게 각자의 욕망을 드러내는 친구들 그리고 수능 출제 위원이었던 아버지의 의문사를 둘러싼 미스터리 걸 스릴러
977,259486,귀궁,드라마,KR,,16.0,"왕에게 원한을 품은 팔척귀와 그에 맞서 싸우는 무녀, 그리고 이무기 강철이의 이야기"
978,217553,중증외상센터,드라마,KR,41.0,16.0,전장에서 경험을 쌓은 외과 전문의가 한국에 돌아온다. 뛰어난 실력으로 거침없이 돌진하는 그의 목표는 최고의 중증외상센터 건설. 그의 팀원들도 생명을 구하는 인재들로 성장해 간다.
979,86830,열혈사제,드라마,KR,35.0,52.0,분노조절장애 가톨릭 사제와 구담경찰서 대표 형사가 늙은 신부 살인사건으로 만나 어영부영 공조 수사에 들어가고 만신창이 끝에 일망타진하는 이야기
980,273977,레이디 두아,드라마,KR,45.0,8.0,가짜일지라도 명품이 되고 싶었던 여자 사라킴. 어디서나 그녀의 이름을 들을 수 있지만 어디서도 진짜 그녀를 만날 수는 없다. 예리한 시선과 끈질긴 집념의 형사 무경이 그 미스터리한 정체를 추적한다.
981,96571,무브 투 헤븐: 나는 유품정리사입니다,드라마,KR,52.0,10.0,"사람이 세상을 떠나도, 그들의 물건은 남는다. 거기엔 생전의 삶이 깃들어 있다. 아스퍼거 증후군이 있는 청년과 출소한 그의 삼촌. 세상에 대해 일말의 기대도 없이 살아온 두 유품정리사가 고인의 못다 말한 이야기를 듣는다."
982,71908,크라임씬,예능,KR,100.0,45.0,"국내외 실제 범죄 사건을 재구성, 출연자들이 의문의 사건 현장 속  용의자로 지목된다. 진범을 찾기 위해 치열한 추리 공방전을 펼치는 본격 롤플레잉 추리 프로그램!"
983,245684,흑백요리사: 요리 계급 전쟁,예능,KR,60.0,25.0,"경력과 장르를 가리지 않는다. 그저 요리만 잘하면 된다. 레스토랑 셰프부터 방구석 요리왕까지, 맛에 일가견이 있는 사람들의 경쟁. 그 어디에서도 볼 수 없던 치열한 요리 대결이 시작된다."
984,76557,으라차차 와이키키,드라마,KR,65.0,36.0,"영화감독, 배우, 작가를 꿈꾸는 세 청년. 직접 만들 영화의 제작비를 벌겠다며 게스트하우스를 냈지만 현실은 망한 거나 다름없고, 하는 일 족족 폭망 냄새가 솔솔 나니 어쩔? 역대급 웃음 폭탄으로 무장한 청춘들의 이야기, 스타트! 이 시대를 살아가는 청춘들의 꿈과 우정 그리고 사랑이야기를 코믹하게 그린 드라마."
985,214582,데블스 플랜,예능,KR,,24.0,인간의 사회적 가면을 벗기겠다는 악마의 제안. 최고의 두뇌 플레이어 자리를 두고 참가자들이 일주일간 대결을 펼친다. 극강의 브레인 서바이벌 예능.
986,238458,캐셔로,드라마,KR,,8.0,초능력을 얻게 된 평범한 남자. 그러나 초능력을 사용할 때마다 지갑 속 돈이 줄어드는 탓에 마음 편히 싸울 수가 없다. 설상가상 초능력을 훔치려는 나쁜 놈마저 기승을 부리고 있으니.
987,128883,갯마을 차차차,드라마,KR,78.0,16.0,"현실주의 치과의사 윤혜진과 만능 백수 홍반장이 짠내 사람내음 가득한 바닷마을 공진에서 벌이는 티키타카 힐링 로맨스. 대도시 생활을 접은 치과의사가 바닷가 마을에서 병원을 개업한다. 끈끈하기 그지없는 이 동네, 그곳에서 만난 만능 백수 히어로. 모든 면에서 그녀와 정반대를 달리는데, 은근히 매력이 넘친다?"
988,96777,고요의 바다,드라마,KR,45.0,8.0,각계 전문가들이 한 팀이 되어 달 탐사선에 오른다. 임무는 폐쇄된 연구기지에서 24시간 안에 중요 샘플을 회수하는 것. 대원들은 비밀에 잠긴 이 위험천만한 기밀 미션을 완수할 수 있을까.
989,235355,언젠가는 슬기로울 전공의생활,드라마,KR,,12.0,"대학병원 교수와 전공의들의 리얼한 병원생활과 우정 이야기. 드라마 ""슬기로운 의사생활""의 스핀오프 작품"
990,66433,달의 연인 - 보보경심 려,드라마,KR,60.0,20.0,"1,000년을 거슬러 고려 시대로 시간 여행을 하게 된 21세기 여인. 궁중의 암투에 휘말리고 여러 황자들의 사랑을 한몸에 받게 된다."
991,253905,지금 거신 전화는,드라마,KR,70.0,12.0,"복수, 비밀, 기만. 대통령실 대변인과 수어를 하는 아내가 위험한 협박을 겪고, 그러는 사이 서로에 대한 사랑을 새삼 발견해 간다."
992,219266,씰룩,드라마,,,135.0,"""달밤의 행진"""
993,74074,이번 생은 처음이라,드라마,KR,60.0,16.0,집 있는 달팽이가 세상 제일 부러운 '홈리스' 윤지호와 현관만 내 집인 '하우스푸어' 집주인 남세희가 한 집에 살면서 펼쳐지는 수지타산 로맨스 드라마. 서른 살 생일을 맞은 88둥이 지호(정소민)는 인생 최대의 고난을 맞는다. 오랜 동거인이던 남동생의 혼전임신으로 하루아침에 홈리스가 된 것 ! 한편 하우스푸어인 81년생 세희(이민기)는 같이 살던 하우스메이트가 나가면서 다음달 ‘월세’가 펑크 날 위기에 처하는데... 지호는 곤란에 처한 와중 친구 호랑(김가은)의 소개로 타운하우스 하우스메이트로 입주하게 된다. 집주인은 80년생의 남세희라는 이름을 가진 ‘언니’라 믿어 의심치 않는데...
994,229958,애마,드라마,KR,59.0,6.0,"1980년대 한국을 강타한 ‘애마부인'의 탄생 과정 속, 화려한 스포트라이트에 가려진 어두운 현실에 용감하게 맞짱 뜨는 톱스타 희란과 신인 배우 주애의 이야기."
995,66130,그것이 알고싶다,예능,KR,,685.0,"SBS의 대표적인 시사고발 프로그램으로 사회, 종교, 미제사건 등 다양한 분야를 취재한다."
996,214994,청담국제고등학교,드라마,KR,35.0,21.0,여고생 살인사건의 유일한 목격자이자 흙수저 전학생 혜인과 유력한 용의자이자 교내 최고 권력 DIAMOND6의 여왕 제나의 위태로운 만남. 모두가 선망하는 귀족학교 청담국제고등학교를 무대로 자신의 것을 지키기 위해 수단과 방법을 가리지 않고 뺏고 뺏기는 두 여자의 권력게임!
997,108261,철인왕후,드라마,KR,,20.0,불의의 사고로 대한민국 대표 허세남 영혼이 깃들어 '저 세상 텐션'을 갖게 된 중전 김소용과 두 얼굴의 임금 철종 사이에서 벌어지는 영혼가출 스캔들
998,18618,패밀리가 떴다,예능,KR,90.0,102.0,가족이란 설정 아래 시골의 한 가정을 방문해 1박2일을 보내는 리얼 버라이어티 프로그램
999,99654,18 어게인,드라마,KR,70.0,16.0,"2001년 고등학생 대영은 국가대표 농구선수를 목표로 하고 있는 유망주, 농구밖에 모르는 그가 어린 다정에게 첫눈에 사랑에 빠진다. 두 사람은 연인으로 발전하고 뜻하지 않은 임신으로 쌍둥이의 부모가 됐다. 18년 후 꿈을 포기하고 열심히 살아온 대영에게 다정은 이혼을 요구한다. 대영은 자포자기하는 마음으로 체육관에서 공을 던지는데 갑자기 정전이 됐다, 그때부터 사람들이 대영을 학생이라고 부르기 시작하는데…"
1000,116612,괴물,드라마,KR,,16.0,연쇄살인마를 잡기 위해 법과 원칙을 부숴버린 두 남자의 이야기. 또라이 경사 앞에  엘리트 경위가 나타난다. 달라도 너무 다른 두 사람은 서로 원치 않는 파트너가 되어 사사건건 완벽한 불협화음을 보여주는데…
1001,135840,우리들의 블루스,드라마,KR,67.0,20.0,"2022년 4월 tvN에서 방영을 시작한 드라마. 사랑은 달콤하면서도 씁쓸하고, 인생은 좋을 때도 슬플 때도 있는 법. 바쁘게 돌아가는 섬 제주에서 하루하루 살아가는 우리들의 이야기가 펼쳐진다. 이 드라마는 인생의 끝자락 혹은 절정, 시작에 서 있는 모든 삶에 대한 응원이다. 따뜻한 제주, 생동감 넘치는 제주 오일장, 차고 거친 바다를 배경으로 14명의 시고 달고 쓰고 떫은 인생 이야기를 옴니버스라는 압축된 포맷에 서정적이고도 애잔하게, 때론 신나고 시원하고 세련되게 전한다."
1002,281004,에스콰이어: 변호사를 꿈꾸는 변호사들,드라마,KR,71.0,12.0,정의롭고 당차지만 사회생활에 서툰 법무법인 율림의 신입 변호사 효민'이 온 세상에 냉기를 뿜어대지만 실력 만큼은 최고인 파트너 변호사 '석훈'을 통해 완전한 변호사로 성장해 나가는 대형 로펌을 배경으로 한 변호사들의 소송 이야기
1003,112833,소년심판,드라마,KR,61.0,10.0,"소년범을 혐오하는 까칠한 판사가 지방법원 소년부에 부임한다. 복잡다단한 사건들을 다루며, 소년범에 대한 반감, 정의와 형벌에 대한 굳건한 신념 사이에서 균형을 잡아간다. 청소년 범죄율이 가장 높은 법원이라니 이제 법정의 칼바람은 예고된 것일까."
1004,293608,언더커버 미쓰홍,드라마,KR,,16.0,IMF로 뒤숭숭했던 1990년대 세기 말 오직 일만 아는 35세 엘리트 증권감독원 감독관 홍금보가 타고난 '동안 외모'를 이용해 수상한 자금의 흐름이 포착된 증권사에 20세 고졸 여사원으로 위장취업하면서 벌어지는 일들을 담은 레트로 오피스 코미디
1005,216310,무인도의 디바,드라마,KR,75.0,12.0,디바를 꿈꾸며 오디션을 보기 위해 상경하다 무인도에 좌초된 소녀 목하가 15년 만에 구조되어 다시 디바에 도전하는 이야기
1006,281010,신이랑 법률사무소,드라마,KR,,16.0,망자의 恨(한)을 통쾌하게 풀어 주는 ‘신들린 변호사’ 신이랑과 승소에 모든 것을 건 ‘냉혈 엘리트 변호사’ 한나현의 기묘하고도 따뜻한 한풀이 어드벤처
1007,217088,국민사형투표,드라마,KR,70.0,12.0,악질범들을 대상으로 국민사형투표를 진행하고 사형을 집행하는 정체 미상 개탈을 추적하는 이야기를 그린 국민 참여 심판극
1008,136369,내일,드라마,KR,60.0,16.0,"사고로 반은 인간, 반은 영혼이 된 남자. 저승사자가 운영하는 지하세계 회사에 채용되고, 특별한 임무를 수행하러 나선다. 죽은 자를 인도하던 저승사자들이 이제, 죽고 싶은 사람들을 살린다! 저승 판타지 웜(Warm) 메이드 드라마."
1009,135652,군검사 도베르만,드라마,KR,,16.0,돈과 권력을 위해 군검사가 된 남자. 다른 목적을 위해 군대에 온 신임 군검사의 등장으로 계획에 제동에 걸린다.
1010,108284,구미호뎐,드라마,KR,70.0,16.0,"1999년, 여우고개에서 벌어진 기이한 교통사고로 부모를 잃은 9살 소녀, 지아. 21년 후, 30살이 된 지아는 세상의 숨겨진 미스터리를 찾아서 밝히는 탐사보도 프로그램 “도시 괴담을 찾아서”의 피디로 활약 중이다. 그런데 어느 날, 지아네에 수상한 ‘괴물’에 대한 제보가 들어오는데..."
1011,70288,신비아파트,드라마,KR,25.0,127.0,"귀신이 나오는 장소로 유명한 신비 아파트! 이곳에 이사 온 하리, 두리는 아파트에서 돌아다니는 괴상한 꼬마 '신비'가 먹던 엿을 빼앗아 먹은 후부터 갑자기 무시무시한 귀신들이 보이기 시작한다. 사실 신비는 아파트가 100년이 되며 태어난 도깨비였던 것! 도깨비 신비는 하리, 두리.."
1012,90447,호텔 델루나,드라마,KR,70.0,16.0,"2019년, 서울 시내 가장 번화한 도심 한복판. 가장 금싸라기 땅에 자리 잡고 있는 낡고 허름한 건물. 언뜻보면 재건축을 준비하고 있는 빈 건물인 듯도 보이지만 자세히 보면, 영업 중인 호텔이다. 그 앞을 지나는 수백만의 유동인구가 있지만, 정작 그 호텔 안으로 들어가는 손님은 거의 없다. 낮에는. 밤이 깊어 인적이 끊기고 도심이 잠들 때, 간판에 불이 켜진다.... 호텔 델루나. 령빈(靈賓) 전용 호텔 델루나에 초엘리트 호텔리어 구찬성이 지배인으로 근무하며, 괴팍하고 심술궂은 사장 장만월과 함께 특별한 영혼 손님들에게 특급 서비스를 제공하며 벌어지는 이야기."
1013,302173,내겐 너무 까칠한 매니저 - 비서진,예능,KR,,16.0,"오늘은 매니저 대신, 프로 수발러가 간다! 이서진·김광규가 스타의 하루를 밀착 동행하며 케어와 토크를 책임진다. 어디서든 펼쳐지는 리얼 로드 토크, 그리고 그 속에서 드러나는 무방비한 진짜 모습. 밀착 수발 로드 토크쇼, <비서진>에서만 만날 수 있는 스타들의 솔직한 매력이 공개된다."
1014,18493,아내의 유혹,드라마,KR,35.0,129.0,"바닷가, 물에 빠진 은재(장서희)는 제발 뱃속 아기만이라도 살려달라며 절규하고, 먼발치에서 바라보던 교빈(변우민)과 애리(김서형)은 고개를 돌려서 가버린다. 이때 은재는 가물가물해져가는 의식속에서 지나간 과거들이 하나씩 스쳐간다. 시간은 과거로 돌아가고, 고등학생 은재는 애리를 앞에 앉혀놓고 메이크업을 해주며 서로 웃는다. 잠시 후 학교에 간 은재는 꽃다발을 자신에게 건네는 교빈이 부끄러워 자리를 뜨고 만다. 다시 시간은 흐르고, 은재는 화려한 웨딩드레스를 입고서 교빈과 결혼식을 올리고…"
1015,33881,강심장,예능,KR,,178.0,"누구에게나 드라마가 있다! 초특급 스케일, 초강력 이야기 대한민국의 심장이 다시 뛴다! 대한민국을 웃기는 남자 신동엽과 대한민국을 감동시키는 남자 이동욱이 함께 하는 웃음과 감동의 스토리가 있는 토크쇼"
1016,219651,웰컴투 삼달리,드라마,KR,69.0,16.0,"한라산 어느 개천에서 난 용 같은 삼달이 개천을 소중히 지켜 온 용필과 고향의 품으로 돌아와 숨을 고르고, 사랑을 찾는 이야기"
1017,75820,미스터 션샤인,드라마,KR,75.0,24.0,"2018년 7월 tvN에서 방영을 시작한 드라마. 신미양요(1871년)때 부모를 잃고 미 해군 군함 콜로라도 호에 승선해 미국에 떨어진 노비 출신 소년 유진(이병헌). 미국으로 건너가 갖은 차별을 이겨내고 군인이 된 그는 자신을 버린 조국인 조선으로 와 주둔하게 된다. 그에게 조선이란 제 부모를 때려죽인 나라이자, 자신이 도망쳐 나온 나라였으며, 양반들이 개화의 탈을 쓰고 앞다투어 매국을 하는 야만의 나라일 뿐이었다. 그러던 중 그는 남들 몰래 조선의 독립을 위해 싸우는 조선 최고 명문가의 영애, 애신(김태리)을 만나게 되는데..."
1018,243964,멜로무비,드라마,KR,62.0,10.0,"영화에만 빠져 살던 그가 까칠한 영화감독 지망생에게 빠져버린다. 설렘 가득했던 시작과 꿈처럼 스친 만남, 그리고 갑작스러운 이별의 순간. 시간이 흘러 우연히 만난 둘에게 새로운 사랑은 피어날까."
1019,80737,내 아이디는 강남미인,드라마,KR,65.0,16.0,"항상 외모로 놀림받았다. 그리고 스무 살, 새 삶을 위해 수술대 위에 올랐다. 놀랄 만큼 예뻐졌지만 얻은 건 성형 괴물, ‘강남미인’이란 아이디. 게다가 과거를 아는 동창생이 같은 과라니. 꿈꿨던 대학 생활, 진짜 꿈으로만 끝? 새 얼굴이면 새 삶이 펼쳐질 줄 알았건만! 못생겼다는 놀림에서 해방되려 성형 수술을 했지만, 이젠 자연 미인이 아니라 조롱받는다. 난 결코 평범해질 수 없는 운명일까. 스무 살 청춘의 설상가상 외모 트라우마 탈출기, 지금 시작됩니다!"
1020,129832,브레드 이발소,드라마,KR,,137.0,컵케이크들의 화려한 변신! 천재 이발사 브레드와 그의 조수 윌크가 디저트들을 맛있게 꾸며주는 빵집 최고의 메이크오버쇼!!!
1021,208825,기생수: 더 그레이,드라마,KR,50.0,6.0,어디에선가 정체불명의 기생생물들이 나타난다. 인간을 숙주로 삼아 살인을 저지르며 세력을 구축하는 침입자들. 이를 막으려는 인간들이 기생생물과 맞서 싸운다.
1022,301886,은애하는 도적님아,드라마,KR,,16.0,"어쩌다 천하제일 도적이 된 여인과 그녀를 쫓던 대군, 두 남녀의 영혼이 바뀌면서 서로를 구원하고 종국엔 백성을 지켜내는 위험하고 위대한 로맨스를 담은 드라마"
1023,219652,아무도 없는 숲속에서,드라마,KR,,8.0,"어느 여름, 깊은 숲속 펜션에 수상한 여자가 나타난다. 그와 더불어 일상이 무너지기 시작하는 펜션 주인 전영하. 그는 소중한 삶을 지키고자 여자에게 맞서 고군분투한다."
1024,205319,정신병동에도 아침이 와요,드라마,KR,,12.0,정신건강의학과에 새로 오게 된 간호사 정다은. 아무리 힘든 일이 생겨도 환자들에게 따뜻한 아침 햇살 같은 존재가 되기 위해 최선을 다한다.
1025,222233,닥터 슬럼프,드라마,KR,65.0,16.0,"백억 대 소송과 번아웃, 각자의 이유로 인생 최대 슬럼프에 빠진 의사들의 '망한 인생' 심폐 소생기를 그린 이야기."
1026,247805,"틈만나면,",예능,KR,,52.0,"일상 속 마주하는 잠깐의 틈새시간 사이에 '틈만 나면,'의 프로군단이 찾아가 행운을 선물하는 틈새 공략 로드 버라이어티"
1027,206509,SBS 가요대전,예능,KR,,78.0,"SBS 예능본부에서 주최하는 연말 특집 가요 프로그램이다. 1992년부터 1995년까지는 SBS 스타상의 가수 부문으로 시상하였으며, 1996년부터 2006년까지 가요 시상식 체제를 거쳐 2007년부터 시상을 폐지하는 대신, 축제 형식으로 진행된다."
1028,116386,어느 날 우리 집 현관으로 멸망이 들어왔다,드라마,KR,64.0,16.0,사라지는 모든 것들의 이유가 되는 존재 멸망과 사라지지 않기 위해 목숨을 건 계약을 한 인간 동경의 아슬아슬한 목숨담보 판타지 로맨스
1029,74821,슬기로운 감빵생활,드라마,KR,92.0,16.0,"메이저리그 대신 감옥으로 직행한 슈퍼스타. 판이 바뀌고 룰이 바뀐 막다른 골목, 감빵에서 살아남을 방법은 단 한 가지. 그저 배워라! 하나에서 열까지."
1030,78798,범인은 바로 너!,드라마,KR,85.0,28.0,"유재석과 허당 탐정들의 예측불허 추리 예능. 당신이 웃어넘긴 모든 순간이 단서가 된다! 추리는 초짜, 웃음만 고수인 7인의 허당 탐정단이 맞닥뜨리는 10개의 사건, 숨막히는 추적, 뜻밖의 손님들. 예측불허 사건 속, 탐정단은 과연 최후의 배후를 밝혀낼 수 있을 것인가?"
1031,284744,프로보노,드라마,KR,,12.0,"출세에 목맨 속물 판사, 본의 아니게 공익변호사 되다(?)! 초대형 로펌 구석방, 매출 제로 공익팀에 갇힌 전직 판사의 좌충우돌 휴먼 법정물"
1032,124426,마인,드라마,KR,69.0,16.0,세상의 편견에서 벗어나 진짜 나의 것을 찾아가는 강인한 여성들의 이야기
1033,230448,Mr. 플랑크톤,드라마,KR,,10.0,엉뚱한 ‘씨’로 잘못 태어나 방랑의 삶을 택해야 했던 남자 해조. 그가 인생 마지막 여행을 떠난다. 그의 전 여자 친구이자 세상에서 가장 불운한 예비 신부 재미가 그 길에 강제 동행하게 되는데.
1034,202318,일타 스캔들,드라마,KR,73.0,16.0,대한민국 최고의 일타강사와 학부모 사이에서 벌어지는 해프닝을 그린 작품
1035,224819,탄금,드라마,KR,,11.0,오래전 실종된 거대 상단의 아들 홍랑. 실종 전의 기억을 잃고 비밀을 간직한 채로 돌아온 그는 과연 진짜 홍랑일까. 의심과 설렘으로 물든 미스터리 멜로 사극.
1036,96164,부부의 세계,드라마,KR,82.0,16.0,"사랑이라고 믿었던 부부의 연이 배신으로 끊어지면서 복수의 소용돌이에 빠지는 이야기. 피 한방울 섞이지 않은 두 사람이 가족이란 울타리를 만들어 서로의 인생을 섞어 공유하는 그 이름. 부부. 이토록 숭고한 인연이 ‘사랑’이라는 약한 고리로부터 기인한다는 것. 곱씹을수록 간담 서늘하다. 사랑은 무한하지도 불변하지도 않기 때문이다. 부부의 연을 맺으며 우리는 약속했었다. 너만을 사랑하겠노라고. 그러나, 약속은 버려졌고, 사랑은 배신당했다. 배신으로 시작된 증오 그리고 이어지는 서로를 향한 복수. 복수에는 응분 대가가 따르는 법. 복수란 상대뿐 아니라 자신까지 파괴하는 것이란 걸 알아야만 했다. 나 하나 부서지는 것쯤이야 기꺼이 감내할 수 있었다. 허나, 가장 소중한 것까지 잃게 될 줄은 몰랐다. 상대를 파괴할 만큼 증오한다는 것은 사랑의 또 다른 형태. 이것은 죽을힘을 다해 서로의 목을 조이는 치열한 사랑에 관한 이야기이다."
1037,288912,모태솔로지만 연애는 하고 싶어,예능,KR,,20.0,"우리도 제발 연애하고 싶다! 연애 초보, 모태솔로 성인 남녀들의 좌충우돌 데이팅쇼가 시작된다. 전문가들의 도움으로 외모부터 마인드까지 새롭게 태어난 그들의 설렘 가득한 첫 연애 이야기."
1038,200707,7인의 탈출,드라마,KR,,33.0,"수많은 사람들의 거짓말과 욕망이 뒤엉켜 사라진 한 소녀. 그 소녀를 찾기 위한 거대 프로젝트가 시작된다! 그리고 소녀의 실종에 연루된 7인 앞에 펼쳐진 믿을 수 없는 사건들, 이들은 이 위기를 어떻게 탈출할 것인가?"
1039,71349,수상한 파트너,드라마,KR,35.0,40.0,"두 남녀 주인공이 편견 가득한 세상과 싸우고 화해하며, 희생을 통해 성장해가는 스토리를 그린 심장쫄깃 로맨스드라마"
1040,126035,"알고있지만,",드라마,KR,69.0,10.0,사랑을 믿지 못하게 됐다. 그렇다고 연애마저 포기해야 할까. 그런 미대생 앞에 치명적인 매력을 지닌 같은 과 학생이 나타나 유혹의 몸짓을 던진다. 그들 사이에 파트너 같은 관계가 시작된다.
1041,116041,결혼작사 이혼작곡,드라마,KR,68.0,48.0,"잘나가는 30대, 40대, 50대 매력적인 세 명의 여주인공에게 닥친 상상도 못 했던 불행에 관한 이야기, 진실한 사랑을 찾는 부부들의 불협화음을 다룬 드라마"
1042,89604,봄밤,드라마,KR,35.0,32.0,"긴 겨울을 지나 다시 찾아온 봄, 뜻밖의 사랑이 나른한 일상을 깨운다. 알 수 없는 이끌림과 묘한 떨림. 이게 다 봄바람 때문일까? 정인과 지호가 마주치고, 그들의 평온한 일상이 흔들린다. 진정한 사랑을 깨닫는 시간, 봄밤이 왔다."
1043,67018,푸른 바다의 전설,드라마,PW,60.0,20.0,"우리나라 최초의 야담집인 어우야담에 나오는 인어 이야기를 모티브로 한 판타지 로맨스 드라마. 1598년 8월 강원도 흡곡현, 신영 중이던 담령은 양씨의 여각에 하룻밤 머물게 되고, 여각 내부 정원에 자리 잡은 작은 연못에 갇힌 아름다운 인어와 눈을 마주하게 된다. 인어를 안타깝게 여긴 담령은 양씨의 죄를 빌미로 인어를 바다로 보내주게 되고... 긴 인연이 시작되는데...."
1044,215001,이 연애는 불가항력,드라마,KR,65.0,16.0,3백여 년 전 철저히 봉인되었던 금서를 얻게 된 여자와 그 금서의 희생양이 된 남자의 불가항력적 로맨스
1045,83941,남자친구,드라마,CU,69.0,16.0,"다 가진 것처럼 보이는 여자와 아무것도 가진 게 없는 평범한 남자, 부와 명예를 버리는게 어려운지 평범한 일상을 내놓는게 어려운 일인지에 대해 그린 드라마. 정치인의 딸, 재벌가의 전 며느리로 한 번도 자유로운 삶을 살아본 적 없는 동화호텔 대표 수현. 사업차 방문한 쿠바에서 저녁도 마다한 채 억지로 잠을 청하려다가, 문득 보게 된 석양 사진에 이끌려 나간다. 그리고 그림같이 아름다운 석양 아래에서 자유롭고 맑은 영혼을 지닌 진혁과 우연히 만나게 되는데..."
1046,129888,스물다섯 스물하나,드라마,KR,75.0,16.0,꿈은 그저 꿈으로만 남을 것 같던 그 시절. 야심 찬 목표를 향해 달려가던 고등학교 펜싱선수가 무너진 삶을 다시 세우려 억척스럽게 살아가는 청년을 만난다.
1047,209110,자백의 대가,드라마,KR,,12.0,남편을 죽였다는 혐의로 궁지에 몰린 여자. 그녀에게 의문의 여인이 다가와 거래를 제안한다. 그 사건을 대신 자백해 주겠다는 약속. 하지만 그 대가로 누군가의 목숨을 가져와야만 한다.
1048,293613,피지컬: 아시아,예능,KR,,12.0,8개국을 대표하는 피지컬 최강자들이 국가의 명예를 걸고 대결한다. 극한의 체력과 인내심의 한계를 건 치열한 전투 끝에 단 하나의 국기만이 남게 된다.
1049,154822,별들에게 물어봐,드라마,KR,70.0,16.0,"당신이 지구에서 소유한 모든 것이 0그램이 된다. 우주에 머물 준비가 되었는가? 우주정거장은 중력이 거의 없는 극미중력상태로 (무중력에 가깝다) 기본적인 서있기 조차 불가능해서 상 하 좌 우 개념이 없고. 방사선 등의 치명적으로 위험하거나, 어쩌다 유익할 수도 있는 고에너지 우주광선들로 가득하다. 그 미지의 광선들과 무중력으로 인해 중력에 길들여진 인간의 몸에는 엄청난 변화가 온다. 우주정거장의 삶은 그래서 지구와 그 어느 것 하나, 같은 일상일 수 없는데, 막상 우주를 다녀온 우주인들은 입을 모은다. “우주정거장도 사람 사는 곳이에요. 지구에서 할 수 있는 일, 다 할 수 있어요.” 우주정거장은 딴 세상인 줄 알았는데, 아니었다. 우주드라마 해야지. 우주 얘기라고 해서 미래에 벌어질 SF소설 말고, 국가 간 우주의 희귀자원을 놓고 국정원들이 벌이는 전쟁 얘기 말고. 또 하나의 지구 찾는 판타지 말고. 우주에서 ‘사람 사는 얘기’ 해야지. 바로! 지금! 현재! 우주정거장에 있는 지구인 얘기 해야지. 스티븐 호킹 박사의 말대로 ‘지구를 떠나야지’!"
1050,76662,나의 아저씨,드라마,KR,90.0,16.0,각자의 방법으로 삶의 무게를 무던히 버텨내고 있는 아저씨 삼 형제와 거칠고 차갑게 살아온 20대 여성이 서로의 삶을 통해 치유되는 과정에 대한 이야기.
1051,194797,이두나!,드라마,KR,,9.0,"새로운 삶과 학교생활에 적응하려 애쓰는 대학생 원준. 조금 특이한 사정이 있는데, 바로 화려한 K-pop 아이돌 시절을 뒤로하고 돌연 은퇴한 미모의 하우스 메이트와 산다는 것."
1052,60957,별에서 온 그대,드라마,KR,60.0,21.0,"조선 땅에 떨어진 뒤로 400년 넘게 인간 남자 행세를 해온 외계인. 대학 강사로 일하는 지금, 드디어 고향에 돌아갈 수 있게 됐건만, 옆집에 사는 한류 스타와 사랑에 빠져버린다. 종족도, 성격도 딴판인 두 남녀의 달콤 발랄 로맨스."
1053,99494,악의 꽃,드라마,KR,71.0,16.0,"14년간 사랑해 온 남편이 피도 눈물도 없는 연쇄살인마로 의심된다면? 사랑마저 연기한 남자 희성과 그의 실체를 의심하기 시작한 아내 지원. 외면하고 싶은 진실 앞에 마주 선 두 사람의 고밀도 감성 추적극. 희성은 이대로가 좋다. 사랑스러운 아내. 애교쟁이 딸. 직접 만든 금속공예품들이 진열된 번듯한 공방. 모든 일상이 완벽하게 평범했다. 그의 공방에 예기치 못한 방문객이 찾아오기 전까진. 강력계 형사 지원은 희성의 생일파티 날 걸려온 긴급 호출로 아동 살인미수 사건을 조사하게 되고, 같은 사건을 쫓던 기자 무진이 지원의 소개로 희성의 공방을 찾아오는데..."
1054,39068,너는 내 운명,드라마,KR,35.0,178.0,"드디어…서른 여섯 살 노총각 인생에 사랑이 찾아왔습니다.

사랑하는 사람이 나타나기를 꼬박 손꼽아 기다리기 서른 여섯 해. 천사 같은 그녀가 스쿠터를 타고 제 곁을 스쳐 지나갔습니다. 사람들은 그녀가 서울에서 갓 내려 온 다방 아가씨라고 합니다. 차 배달도 나가고 다른 남자들과 술도 마신다고 했습니다. 그러나, 저는 틈만 나면 그녀를 보러 다방으로 달려갔습니다. 장미꽃과 갓 짠 우유를 그녀에게 선물했습니다. 그녀와 함께 있고 싶은 마음에 난생 처음 티켓을 끊기도 했습니다.

그러나, 그녀는 사랑 따위는 필요 없다 합니다. 

그녀는 절 쉽게 받아주지 않았습니다. 사랑 따윈 필요 없다며. 그러던 어느 날, 저는 우연히 그녀의 눈물을 보게 되었습니다. 그녀도 사실은 사랑 받으며 행복하게 살고 싶어한다는 걸 알게 되었습니다. 그녀의 그 눈물을 씻어줄 수 있는 사람이 나였으면 좋겠다고 생각했습니다. 그래서 그 날, 저는 용감하게 마음을 고백했습니다. 세상에서 제일 행복하게 해주겠다고. 그리고 마침내, 그녀는 내 진심을 받아주었습니다. 

그녀와 함께 있으면 세상 모든 걸 가진 것 같았습니다. 그런데…

행복한 순간이 영원할 줄 믿었던 것도 잠시, 그녀에게 잊지 못할 과거가 찾아왔습니다. 혼자 힘들어 하는 그녀를 위해 전 재산인 젖소 목장이와 통장 5개를 처분했습니다. 이제, 우리 사랑에 더 이상의 장애는 없을 거라 믿었습니다. 그런데, 어느 날 그녀가 편지 한 통만 남긴 채 제 곁을 떠났습니다. 행복하게 살라고. 미안하다고. 며칠 후, 저는 그녀가 에이즈에 감염되었다는 청천벼락 같은 이야기를 듣게 되었습니다. 그녀가 아플 까봐 너무나 걱정이 됩니다. 내가 곁에 있어주어야 하는데. 

모두 그녀를 포기하라 합니다. 하지만, 저는 그녀를 끝까지 지킬 겁니다.

가족도, 친구도, 세상도 모두 그녀를 찾지 말라고 합니다. 하지만 저는 그녀 없으면 한시도 살 수 없습니다. 죽을 때까지, 아니 죽어서도 그녀를 지켜야 합니다. 

왜냐하면.. 그녀는 제 운명이기 때문입니다."
1055,200794,마녀,드라마,KR,,10.0,어릴 적부터 다가오는 남자 마다 사고가 발생하는 불운의 여자. 동창생 주인공은 모두 우연이라 생각하지만 '마녀'라 불리는 그녀에게 다가갈수록 자신도 점점 위험에 빠진다!
1056,156888,마스크걸,드라마,KR,,7.0,외모 콤플렉스를 가진 평범한 직장인 김모미. 밤마다 마스크로 얼굴을 가린 채 인터넷 방송 BJ로 활동하던 중 의도치 않은 사건에 휘말리게 되는 그녀의 파란만장한 일대기.
1057,84155,마음의 소리 리부트: 얼간이들,드라마,KR,35.0,20.0,"웹툰 작가 조석의 진짜 ‘마음의 소리’는 무엇? 엉뚱한 가족, 사랑스러운 애인, 얼간이 친구들과 함께하는 파란만장한 나날이 시작된다. 새로운 배우들로 리부트 완료!"
1058,96162,이태원 클라쓰,드라마,KR,69.0,16.0,"불합리한 세상 속, 고집과 객기로 뭉친 청춘들의 ‘힙’한 반란이 시작된다. 세계를 압축해 놓은 듯 한 이태원. 이 작은 거리, 각자의 가치관으로 자유를 쫓는 그들의 창업 신화. 박새로이는 무릎 한 번을 꿇지 못해서 고등학교 중퇴, 전과자가 되었다. 재벌의 갑질로 인해 꿈, 가족 모두를 잃고 끝없는 나락 속에서 우연히 걷게 된 이태원 거리. 다양한 인종, 느낌 있는 이국적인 건축물, 자유로운 사람들, 각국의 맛있는 요리들. 세계가 압축된 듯한 이태원에서 자유를 느낀 그는, 다시금 희망을 품고 반해버린 이곳 이태원 골목에서 뜻이 맞는 동료들과 창업을 시작한다."
1059,128827,한글용사 아이야,드라마,KR,13.0,309.0,"우리 주변에 숨어 있던 글자를 발견하고 각자만의 능력으로 한글 카드를 획득해서, 하나둘 모인 한글 카드를 뭐든지 자판기에 넣으면 특별한 선물이 나오는 한글 교육 프로그램"
1060,134675,작은 아씨들,드라마,KR,75.0,12.0,가난하지만 우애 있게 자란 세 자매가 거대한 사건에 휩쓸려 대한민국에서 제일 부유하고 유력한 가문에 맞서게 되면서 '돈'이라는 인생의 숙제를 풀어가는 과정을 뜨겁고 짜릿하게 그려내는 드라마
1061,131305,셀러브리티,드라마,KR,45.0,12.0,인기가 돈이자 권력이 되는 곳. 서울의 화려하고도 치열한 인플루언서의 세계에 뛰어든 서아리의 목표는 누구보다 핫한 셀럽이 되는 거다. 유명해지기만 하면 돈이 되는 세계에 뛰어든 아리가 마주한 셀럽들의 화려하고도 치열한 민낯을 그린 넷플릭스 오리지널 시리즈.
1062,93097,동백꽃 필 무렵,드라마,KR,35.0,40.0,"편견에 갇힌 맹수 동백을 깨우는, 촌므파탈 황용식이의 폭격형 로맨스 ""사랑하면 다 돼!"" 이들을 둘러싼 생활밀착형 치정 로맨스 ""사랑 같은 소리하네."" 편견에 갇힌 여자가 저를 가둔 가타부타를 깨다 못해 박살을 내는 이야기. 그리고 그 혁명에 불을 지핀 기적 같은 한 남자의 얘기. 분명 뜨끈한 사랑 얘긴데, 맨날 사랑만 하진 않는 얘기. ‘진짜 사람들’의 ‘진짜 이야기’가 시작된다."
1063,233100,나의 완벽한 비서,드라마,KR,70.0,12.0,육아독존 비서 유은호와 유아독존 CEO 강지윤의 본격 케어 로맨스 드라마. 잘나가는 헤드헌터회사 CEO이지만 일 말고는 혼자 할 수 있는 게 아무것도 없는 강지윤 앞에 완벽함으로 무장한 유은호가 비서로 나타나면서 서로가 서로를 성장시키는 이야기.
1064,90720,멜로가 체질,드라마,KR,70.0,16.0,"서른, 견디기 힘든 현실 속에서도 서른 살 이기에 아직 꿈을 꾸는 그들. 일과 연애에 대한 고민을 친구들에게 털어놓고 위로 받으며 한 걸음씩 성장하는 서른 살 그녀들의 판타지. 비록 현재 처한 상황이 녹록치 않을지라도! 이룬 것이 단 하나도 없을지라도! 그래도 꿋꿋하게 나아가는 대한민국의 모든 서른 들에게 이 드라마를 바친다."
1065,271885,당신이 죽였다,드라마,KR,62.0,8.0,나는 친구의 남편을 죽이기로 결심했다. 지옥 같은 현실에서 탈출하고자 살인을 계획한 두 여자. 하지만 위험한 도박을 시작한 그녀들에게 예상치 못한 방문객이 찾아오고 모든 것이 무너질 위기에 처한다.
1066,270420,오늘부터 인간입니다만,드라마,KR,60.0,12.0,행여라도 인간이 될까봐 선행과 남자를 멀리하는 괴짜 구미호와 자기애 과잉 축구 선수 스타의 혐관 로맨스 드라마
1067,255086,정숙한 세일즈,드라마,KR,70.0,12.0,'여성은 28~35세 정년 퇴임'이 자연스럽게 받아들여지던 1990년대 전라도 시골 마을에서 성인 용품을 방문 판매하는 사원들의 이야기
1068,210905,피지컬: 100,예능,KR,,18.0,최고의 피지컬을 자랑하는 100인의 참가자. 연이은 험난한 대결에서 치열한 경쟁을 펼친다. 최후의 1인에게 주어지는 영예와 상금을 차지하기 위하여.
1069,287010,화려한 날들,드라마,KR,70.0,50.0,"지금이든, 과거에서든, 앞으로든 각기 다른 의미로 만나게 되는 화려한 날들에 대한 세대 공감 가족 멜로 이야기"
1070,152511,기상청 사람들: 사내연애 잔혹사 편,드라마,KR,60.0,16.0,열대야보다 뜨겁고 국지성 호우보다 종잡을 수 없는 기상청 사람들의 일과 사랑을 그린 직장 로맨스 드라마
1071,138251,이브,드라마,KR,63.0,16.0,"13년의 설계, 인생을 건 복수. 대한민국 0.1%를 무너뜨릴 가장 강렬하고 치명적인 고품격 격정멜로 복수극"
1072,86824,"60일, 지정생존자",드라마,KR,75.0,16.0,"대통령의 국정 연설이 열리던 국회의사당이 갑작스러운 폭탄 테러 공격을 받아 붕괴되고, 대통령도, 국무총리도, 국회의장도, 국무위원들도 한날 한시에 사라져 버렸다. 국무위원 중 유일하게 생존한 환경부 장관이 승계서열에 따라 60일간의 대통령 권한대행으로 지정된다. 한반도를 둘러싼 군사적 긴장은 한발 한발 레드라인에 다가서고 권력의 공백을 허락할 수 없는 국내 정치판은 요동치기 시작하는데..."
1073,89641,좋아하면 울리는,드라마,KR,50.0,14.0,"누군가 나를 좋아한다. 반경 10m 안에 당신을 좋아하는 그 사람이 나에게 다가오면 알람이 울린다. 마음을 알려주는 앱 ‘좋알람’의 시대, 먹고사는 일이 가장 힘든 소녀 조조에게도 기적 같은 풋풋한 사랑이 찾아온다. 모델 출신 인기남 선오가 전학을 오게 되면서, 조조와 선오는 마음을 확인한다. 조조를 먼저 좋아하기 시작했던 혜영은 한 걸음 물러서지만 조조를 향한 마음을 포기하지 못하는데..."
1074,99048,스타트업,드라마,KR,72.0,16.0,"꿈을 현실로, 불가능을 가능으로! 아이디어 있겠다, 기술 있겠다. 못 할 것도 없지. 치열한 스타트업의 세계에 뛰어드는 젊은 창업자들. 성공도 사랑도 쟁취하고야 만다. 초라한 계약직 서달미는 15년 전 편지 속 첫사랑 남도산을 찾아야 한다. 잘나가는 CEO가 된 친언니 원인재의 앞에서 떤 허세 때문에! 그리고 그 허세 때문에 고단해지는 한남자 한지평이 있었으니..."
1075,244890,"성+인물: 네덜란드, 독일 편",예능,KR,,6.0,네덜란드와 독일로 성 문화 탐방을 떠난 신동엽과 성시경. 다양한 성 문화를 직접 체험해 보고 솔직한 인터뷰도 진행하며 과감한 여정을 이어간다.
1076,31417,미남이시네요,드라마,KR,67.0,16.0,수녀를 꿈꾸던 고미녀가 쌍꺼풀 수술 부작용으로 미국에 재수술을 받으러 간 쌍둥이 오빠 고미남을 대신해 아이돌 그룹 A.N.JELL(에이엔젤)의 구성원으로 들어가며 벌어지는 이야기를 다루고 있다.
1077,285278,아이돌아이,드라마,KR,60.0,12.0,15년차 골수팬 초일류 스타 변호사와 극성팬을 세상 제일 극혐하는 아이돌의 법정 서스펜스 추리물 로맨틱 코미디 드라마
1078,238841,히어로 인사이드,드라마,KR,15.0,20.0,"어느 날, 내 만화책 속의 슈퍼히어로가 살아났다! 오직 상상력이 있는 사람만이 소환할 수 있는 슈퍼 히어로! 저 세상 텐션, 히어로 파티가 시작되는 이야기"
1079,126698,너는 나의 봄,드라마,KR,69.0,16.0,저마다의 일곱 살을 가슴에 품은 채 '어른'이라는 이름으로 살아가는 이들이 살인사건이 일어난 건물에 모여 살게 되며 시작되는 이야기
1080,233686,악연,드라마,KR,53.0,6.0,"피할 수 없는 운명으로 얽힌 이들. 악몽에 시달리는 의사, 빚더미에 허덕이는 남자, 의문스러운 사고의 목격자. 한 사고가 6명의 인생을 뒤엉키게 한다. 빠져나올 수 없는 '악연'의 범죄 스릴러."
1081,153496,재벌집 막내아들,드라마,KR,72.0,16.0,"순양그룹 오너 일가의 충직한 비서, 윤현우. 해외로 유출된 비자금을 국내로 들여오라는 지시를 받고 임무를 수행하던 중 오너 일가에 의해 무참히 살해당한다. 그의 억울한 죽음은 끝이 아니었는데, 1987년의 대한민국, 순양그룹 오너 일가의 막내아들 진도준으로 회귀한 것! 과연 그는 복수에 성공할 수 있을까?"
1082,154824,이번 생도 잘 부탁해,드라마,KR,62.0,12.0,환생을 거듭하며 19회차 인생을 살아가는 반지음이 18회차 인생에서 만난 운명의 남자와 다시 만나면서 펼쳐지는 로맨스 드라마. 이혜의 동명 웹툰 실사화.
1083,64840,시그널,드라마,KR,,17.0,"현재의 형사들과 과거의 형사가 낡은 무전기로 교감을 나누며 장기 미제사건을 다시 파헤친다. 본의 아니게 연예인 스토킹 혐의로 경찰조사를 받게 된 해영은, 그날 밤 경찰서 한 구석에서 낡은 무전기 하나를 발견한다. 무전기를 통해 해영에게 말을 건네는 이재한이라는 이름의 형사. 놀랍게도 그 사람은 15년 동안 미제로 남아있던 김윤정 유괴사건에 대한 단서를 가르쳐주는데..."
1084,129586,똑바로 살아라,드라마,KR,,239.0,"정형외과를 중심으로 두 가족이 등장하는 코믹 시트콤. 돈 많은 병원 소유주와 변변치 않은 동서. 두 남자의 별난 관계에서 다양한 이야기가 펼쳐진다. 어떤 고난도 이겨내는 힘은, 결국 가족 간의 사랑일 거다."
1085,233464,레인보우 버블젬,드라마,CN,12.0,52.0,"바다왕국의 인어공주 퍼플은 몰래 육지 구경을 갔다가 인간들에게 정체가 탄로 날 위기에 처한다. 순간 퍼플은 잠들어 있던 버블젬의 수호 요정에게 도움을 요청한다. 버블젬의 수호요정은 퍼플을 인간으로 변신시켜준다. 하지만 무리하게 마법을 사용한 탓에 버블젬이 조각나 육지에 흩어져 버린다. 바다를 지배하는 여왕 화이트골드는 바다 왕국에 사는 일곱 명의 인어공주들에게 육지의 학교에 다니며 흩어진 버블젬을 모두 모아올 것을 명령한다. 한편, 바닷속 깊은 곳에 유배된 바다 마녀는 이 기회를 틈타 수하들을 육지로 보내 버블젬을 빼앗으려 한다. 과연 바닷속에서만 자란 일곱 명의 인어공주들이 육지의 학교생활에 잘 적응할 수 있을까? 그리고 바다 마녀의 방해를 물리치고 흩어진 버블젬을 모두 모을 수 있을까? 두근두근 신나는 일곱 공주의 무지개빛 모험이 시작된다!"
1086,84464,복수가 돌아왔다,드라마,KR,35.0,32.0,"학교 폭력 가해자로 몰려 부당하게 퇴학을 당한 강복수가, 어른이 돼 학교로 다시 돌아가 복수를 계획하지만, 복수는 고사하고 또다시 사건에 휘말리고 사랑도 다시 하는 엉뚱하면서 따뜻한 감성 로맨스"
1087,214999,나쁜 엄마,드라마,KR,68.0,14.0,자식을 위해 악착같이 나쁜 엄마가 될 수밖에 없었던 엄마 영순과 어느날 아이가 돼버린 검사 아들 강호가 다시 모자 관계를 회복하는 내용을 담은 감동 힐링 코미디
1088,63927,육룡이 나르샤,드라마,KR,60.0,50.0,"개혁을 위해 반드시 필요한 두 가지! 정의와 힘!

이 둘은 언제나 투쟁한다!  정의와 원칙을 지키려면 힘이 있어야 한다!

그러나 힘이 생기면 불의 해지기 쉽다!  어떻게 할 것인가?  정의를 이룰 힘을 가졌으나 선하지 않은 사람!

선하지만 정의를 이루어내지 못하는 사람!

현실은 이야기한다. 정의와 선은 다르다고!"
1089,233547,다이노스터: 공룡수호대,드라마,KR,12.0,78.0,개성 넘치는 멤버들과 함께 공룡들이 가득한 신비로운 미지의 세계로 떠나보자
1090,79667,백종원의 골목식당,예능,KR,80.0,200.0,"모든 식당은 나름의 걱정과 문제를 갖고 있는 법! 천 개의 가게가 있다면, 천 개의 상황이 있다. 요식업 대선배 백종원 대표가 각 식당의 문제 케이스를 찾아내고 해결 방안을 제시 식당을 시작하는 사람들에게 ‘교본’이 되어줄 프로그램"
1091,209502,오늘도 사랑스럽개,드라마,KR,,14.0,"키스를 하면 개로 변하는 저주에 걸린 여자와, 그 저주를 풀 수 있는 유일한 치트키지만 개를 무서워하는 남자의 댕며드는 예측불허 판타지 로맨스 드라마"
1092,111603,불새 2020,드라마,KR,35.0,120.0,사랑만으로 결혼했다가 이혼한 부잣집 여자와 가난한 남자가 경제적 상황 역전 후 다시 만나게 되면서 일어나는 일들을 그린 드라마
1093,67014,청춘시대,드라마,KR,,26.0,"외모부터 성격, 전공, 남자 취향, 연애스타일까지 모두 다른 5명의 매력적인 여대생이 셰어하우스 벨 에포크에 모여 살며 벌어지는 유쾌하고 발랄한 청춘 드라마. 20대는 환히 빛날 줄만 알았다던 벨 에포크 친구들의 계속되는 동고동락. 돈 벌기, 연애, 그 무엇 하나 쉽지 않은 그녀들의 이야기."
1094,99047,청춘기록,드라마,KR,70.0,16.0,"현실의 벽에 절망하지 않고 스스로 꿈과 사랑을 이루기 위해 노력하는 청춘들의 성장 기록을 담은 드라마. 모델에서 배우라는 꿈을 향해 열심히 달려가고 있는 혜준. 하지만 그 길은 험난하기만 하다. 믿었던 에이전시 대표 태수에게 발등 찍히고, 같은 꿈을 꾸는 친구 해효와 비교당하기 일쑤. 그런 혜준 앞으로 입영통지서가 날아오는데..."
1095,61611,피노키오,드라마,KR,65.0,20.0,방송국 사회부 기자들의 삶과 사랑을 그린 풋풋한 청춘 드라마
1096,201146,월수금화목토,드라마,KR,67.0,16.0,"결혼을 직업으로 삼은 최상은이 월,수,금요일 장기 독점 계약 중인 정지호와 화,목,토요일 신규 계약한 강해진과 얽히게 되는 로맨틱 코미디"
1097,156406,슈룹,드라마,KR,67.0,16.0,조선 로열 패밀리의 교육법에 대한 소재로 모든 궁중 엄마들의 멈출 수 없는 자식 사랑과 욕망에 대한 이야기
1098,76033,집사부일체,예능,KR,75.0,254.0,"인생의 가장 빛나는 순간, 숱한 물음표에 빠진 청춘들! 갈팡질팡 방황하는 청춘에게 ‘인생 사부’가 생긴다면? 사부님의 독보적 업적 뒤에는 독보적 라이프스타일이 숨어있다! 인생의 물음표가 많은 청춘들이 사부님의 라이프스타일대로 살아보는 아주 특별한 동거(同居)동락 인생과외! ‘Only 마이웨이’로 사는 전설의 사부님과 함께 한 하루는 이들에게 어떤 깨달음을 안겨줄까?"
1099,95484,스토브리그,드라마,KR,60.0,16.0,"팬들의 눈물마저 마른 꼴찌팀에 새로 부임한 단장이 남다른 시즌을 준비하는 뜨거운 겨울 이야기. 프로야구 경제적 효과 2조원, 프로야구 관중 800만 시대, 역동적인 그라운드, 진한 땀 냄새에 열광하는 프로야구 팬들의 취향 저격하는 이야기. 선수가 아닌 단장을 비롯한 프런트들의 이야기다. 프로 스포츠의 조연인 프런트를 쫓아가는 이 드라마는 사실 그들이 단순 그림자가 아닌 겨울 시즌의 또 다른 주인공임을 보여줄 것이다."
1100,152471,고스트 닥터,드라마,KR,60.0,16.0,"신들린 의술의 오만한 천재 의사와 사명감이라곤 1도 없는 황금 수저 레지던트, 배경도 실력도 극과 극인 두 의사가 바디를 공유하면서 벌어지는 메디컬 스토리."
1101,129479,원 더 우먼,드라마,KR,69.0,16.0,비리 검사에서 하루 아침에 재벌 상속녀로 인생체인지! 빌런 재벌가에 입성한 불량지수 100% 여검사의 ‘더블라이프 코믹버스터
1102,210942,외모지상주의,드라마,KR,,8.0,"외모지상주의가 팽배한 사회에서, 못생겼다고 따돌림을 받던 한 고등학생. 어느 날부터 정반대의 외모를 가진 두 신체를 번갈아 사용하게 되며 이중생활을 시작한다."
1103,212553,선산,드라마,KR,,6.0,"존재조차 잊고 지내던 작은아버지의 사망 후 남겨진 선산을 상속받게 된 여자. 불길한 일들이 잇달아 벌어지고, 이윽고 베일에 감춰져 있던 비밀이 세상 밖으로 드러나기 시작한다."
1104,226649,옥씨부인전,드라마,KR,70.0,16.0,"이름도, 신분도, 남편도 모든 것이 가짜였던 외지부 옥태영과 그를 지키기 위해 목숨까지 걸었던 예인 천승휘의 치열한 생존 사기극"
1105,85220,로맨스는 별책부록,드라마,KR,65.0,16.0,"신간출간 전날 밤. 책의 마지막 장, 판권면에 실린 이름들을 불러보는 편집장 차은호. 독자인 우리는 없어도 잘 모르고 지나갈 판권면에 실린 사람들, 고작 책 한 권을 세상에 내보내기 위해 고군분투하는 미련한 사람들! 까탈스런 작가여도 집에선 배 나온 아버지이다. 예민한 편집장도 이혼 문제 앞에선 머리 싸맨다. 편집자라 해도 아직 서툰 사회초년생이고, 마케팅 이사라 해도 갱년기 앞둔 평범한 여자다. 인생의 마지막 사랑을 시작하려는 경단녀도 있다. 출판사에 모여 책 만들다가도, 언제나 점심메뉴를 고민한다. 도시의 높고 화려한 빌딩가에 숨은 백반집 같은 드라마, 그 밥을 먹는 사람 사는 이야기다."
1106,231749,낮과 밤이 다른 그녀,드라마,KR,65.0,16.0,8년 간의 공무원 시험 생활과 온갖 아르바이트 경험으로 빛나는 청춘을 날려버린 이미진은 어느날 밤 폭삭 나이 먹은 아줌마 임순으로 깨어난다.
1107,70595,맨투맨,드라마,KR,60.0,16.0,"임무를 위해 보디가드로 위장한 비밀 요원 김설우. 국제적인 범죄에 맞서는 일도 벅찬데, 철없는 한류 스타 비위까지 맞춰야 한다니! 초특급 한류스타와 그의 경호원이 된 미스터리의 고스트 요원. 범죄와 악당들에 맞서는 진한 남자들의 이야기와 그 속에서 피어나는 묘한 삼각관계가 펼쳐진다."
1108,226527,하이라키,드라마,KR,60.0,7.0,"상위 0.01%의 소수가 법이자 질서로 군림하는 주신고등학교. 그곳에 비밀을 품은 전학생이 나타나면서 견고했던 그들만의 세계에 균열이 생긴다. 청춘의 사랑과 우정, 복수와 연민이 뒤엉킨 이야기."
1109,93490,나의 나라,드라마,KR,70.0,16.0,"고려 말 조선 초를 배경으로 각자의 신념이 말하는 ‘나의 나라’를 두고 서로에게 칼끝을 겨누며 권력과 수호에 관한 욕망을 폭발적으로 그려낸 액션 사극. 고려 말, 민심이 흉흉해지고 나라가 기울어가는 와중에, 유일하게 남은 가족인 누이를 지키는 것이 중요한 일이었던 서휘(양세종)에게 세상은 홀로 감당하기 너무도 버거웠다. 그런 휘에게 찾아온 우연의 사건은, 처음으로 꿈이라는 것을 가지게 해주는 계기가 된다. 휘의 평생의 벗인 선호(우도환) 역시, 자신을 옭아매는 신분과 가문을 극복하기 위해 다가오는 기회를 잡으려고 노력한다. 그런 그들에게 희재(김설현)의 등장은, 모든 일의 서막을 알리는 시작점이 되는데…"
1110,119464,나빌레라,드라마,KR,63.0,12.0,나이 일흔에 발레를 시작한 덕출과 스물셋 꿈 앞에서 방황하는 발레리노 채록의 성장 드라마
1111,37636,시크릿 가든,드라마,KR,62.0,20.0,무술감독을 꿈꾸는 스턴트 우먼 길라임과 '까칠한' 백만장자 백화점 사장 김주원의 영혼이 바뀌면서 벌어지는 일을 다룬 로맨스 판타지 드라마
1112,96160,나 홀로 그대,드라마,KR,57.0,12.0,"안면인식장애를 가진 소연과 인간미 넘치는 다정하고 완벽한 인공지능 비서 홀로, 그와 얼굴은 같지만 성격은 정반대인 까칠한 천재 발명가 난도가 서로를 만나, 사랑할수록 외로워지는 불완전한 로맨스를 그린다. 늘 혼자인 그녀의 곁으로."
1113,133775,블랙의 신부,드라마,KR,60.0,8.0,결혼을 통해 최상류층에 진입하겠다는 야망을 품은 사람들. 이들이 상류층 재혼 전문 결혼정보회사의 도움으로 최고 등급과 결혼하기 위한 여정에 나선다.
1114,250463,트라이: 우리는 기적이 된다,드라마,KR,70.0,12.0,고작 달리기와 공놀이에 목숨을 건 청춘들이 세상을 향해 온몸으로 부딪혀 스스로 기적이 되는 이야기
1115,156484,The 8 Show,드라마,KR,,8.0,"8인의 남녀가 8층으로 나뉜 비밀스러운 공간에 갇힌다. 그리고 ‘시간이 쌓이면 돈을 버는’ 쇼가 시작된다. 협력과 대립, 반목과 배신을 거듭하는 참가자들. 그들 사이에서 원초적 욕망이 격돌한다."
1116,93853,맛남의 광장,예능,KR,90.0,102.0,"지역 특산품을 이용하여 신메뉴를 개발, 휴게소, 철도역, 공항 등 유동인구가 많은 만남의 장소에서 여행객들에게 선보이는 프로그램"
1117,217945,좀비버스,예능,KR,,15.0,대한민국 한복판에서 좀비 바이러스가 창궐했다! 기상천외한 퀘스트를 맞닥뜨리는 출연자들. 그중 좀비를 따돌리고 생존할 이는 과연 누구일까?
1118,75123,화유기,드라마,KR,75.0,20.0,"고대소설 서유기를 모티브로 퇴폐적 악동요괴 손오공과 고상한 젠틀요괴 우마왕이 어두운 세상에서 빛을 찾아가는 여정을 그린 절대낭만 퇴마극이다. 낯선 장르에 대한 접근성을 높이기 위해 영화, 소설, 애니메이션, 예능 등을 통하여 익숙한 서유기의 캐릭터를 활용하고자 한다. 악귀가 창궐하는 어두운 세상에서 빛을 찾아가는 여정 華遊記이며 두사람 간에 고통스러울 정도로 지독한 사랑이 꽃피는 여정 花遊記이기도 하다. 판타지극이 주는 볼 재미 호러 퇴마극이 주는 긴장감 캐릭터 코미디가 주는 웃음 그리고 로맨스가 주는 설레임까지 더하여 모두가 더불어 두근두근 함께 가는 여정, 和遊記이기를 바란다."
1119,224229,성+인물: 일본 편,예능,KR,,6.0,일본 성인 엔터테인먼트의 세계로 떠난 신동엽과 성시경. 다양한 배경의 사람들과 만나 그동안 금기로 치부되던 이야기를 속속들이 파헤친다.
1120,73575,사랑의 온도,드라마,KR,30.0,40.0,온라인 채팅으로 시작해 현실에서 만나게 된 드라마 작가 지망생 ‘제인’과 프렌치 쉐프를 꿈꾸는 ‘착한 스프’ 그리고 다양한 주변 인물들을 통해 피상적인 관계에 길들여져 있는 청춘들의 사랑과 관계를 그린 드라마
1121,82237,뷰티 인사이드,드라마,KR,60.0,16.0,"우리는 너무 많은 것에 얽매여 산다. 우리를 정의하는 많은 것들. 이름, 성별, 나이, 직업. 그런 것들 중에 하나를 잃어버린다면 어떻게 될까? 예를 들면 ‘얼굴’같은 것 말이다. 그렇다면 이 삶은 불행할까, 행복할까. 이 드라마는 거기서부터 출발한다. 정말 중요한 것들은 눈에 보이지 않아. 그러니까 아마, ‘사랑’ 같은 것들. 보이기 위해 사는 여자가 있다. 한세계. 어느 날부터 한 달에 한 번, 약 일주일가량 다른 사람이 되는 병에 걸렸다. 이토록 희한한 병증에 어느 직업인들 어렵지 않겠냐만은 세계의 경우는 더욱 특수한 편이다. TV속에서, 스크린 속에서 자신의 ‘얼굴’을 보여야만 하는, 세계는 배우다. 그것도 아주 유명한 대배우. 보이는 것들만 믿는 남자가 있다. 서도재. 어느 날부터 이 세상 어떤 사람의 얼굴도 알아보지 못하게 되는 병에 걸렸다. 외모, 재력, 능력 뭐 하나 뺄 것 없이 완벽한 삶에 이토록 강렬한 흠집이라니. 그룹을 물려받아야하는 재벌 3세 항공사 본부장에게 흠집은 곧 나락을 의미한다. 아무도 자신을 알아보지 못하게 될까봐 두려워하며 사는 이 한세계와 평생 아무도 알아보지 못하고 사랑할 수 없다 생각한 이 서도재가 만나 어떤 모습이 되어도 알아볼 수 있는 여자, 한세계와 어떤 모습이 되어도 알아봐주는 남자, 서도재가 되어가는 이 드라마의 장르는 그야말로 예측불허 좌충우돌 힐링 로맨스! 아름다움이란 무엇인가. 외면이 누구보다 중요했던 세계와, 외면이 의미 없던 도재. 이 두 사람이 만나 진짜 아름다움을 찾아간다. 나를 정의하는 것은 외면일까? 내면일까? 이 드라마는 가볍게, 그러나 깊게 질문을 던지려 한다."
1122,90721,신입사관 구해령,드라마,KR,35.0,40.0,별종 취급을 받던 여사들이 남녀가 유별하고 신분에는 귀천이 있다는 해묵은 진리와 맞서며 '변화'라는 소중한 씨앗을 심는 이야기를 기반으로 조선의 첫 문제적 여사(女史) 구해령과 반전 모태솔로 왕자 이림의 ‘필’ 충만 로맨스 실록
1123,81821,백일의 낭군님,드라마,KR,75.0,16.0,"2018년 9월 tvN에서 방영을 시작한 드라마. 완전무결 왕세자에서 졸지에 무쓸모남으로 전락한 원득(도경수)과 조선 최고령 원녀 홍심(남지현)의 전대미문 100일간의 로맨스를 그린다. 금수저 끝판왕이자 완전무결의 대명사였던 왕세자 이율은 백성들 사이에 섞이자 무능하기 짝이 없는 사내가 된다. 백성들이 다 아는 걸 그는 모른고, 그래서 온갖 핍박을 당한다. 천것이던 노처녀 홍심은 갑이 되고, 극존이던 세자 율은 을이 된다."
1124,88783,초면에 사랑합니다,드라마,KR,30.0,32.0,보이는 게 없어지고 나서야 비로소 사람을 제대로 보게 된 냉혈한 보스의 자아 찾기와 보스를 속여먹다 그를 사랑하게 된 비서의 로맨스를 담는 드라마.
1125,247031,유어 아너,드라마,KR,66.0,10.0,"바닷가에 인접한 가상의 우원시티에서 우원그룹 본사를 중심으로 부를 대물림한 세력과 무법지대를 지배하는 부두파의 카르텔, 정의를 원하는 시민들을 위로하는 판사 송판호에 대한 이야기. 동명 이스라엘 드라마 원작"
1126,135897,그 해 우리는,드라마,KR,60.0,16.0,헤어진 연인이 고등학교 시절 촬영한 다큐멘터리의 역주행 인기로 강제 소환되면서 펼쳐지는 청춘들의 첫사랑 역주행 로맨스
1127,232616,히어로는 아닙니다만,드라마,KR,70.0,12.0,"현대인의 질병에 걸려 능력을 잃어버린 초능력 가족의 이야기로, 남다른 능력을 지녔지만 아무도 구하지 못했던 남자 복귀주가 마침내 운명의 여자 도다해를 구해내는 판타지 힐링 로맨스"
1128,243248,사마귀: 살인자의 외출,드라마,KR,60.0,8.0,"한 여인이 오래 전 연쇄살인범으로 수감된 가운데, 누군가 그녀를 모방한 연쇄 살인을 시작하면서 벌어지는 이야기. 동명 프랑스 드라마 리메이크."
1129,60956,닥터 이방인,드라마,KR,65.0,20.0,"이 드라마는 이방인인 남자가 그의 여자를 찾기 위해 벌이는 길고 험난한 여정을 그리고 있다. 남북 이념의 갈등, 권력자에 대한 복수는 그저 부수적인 이야기일 뿐. 이 드라마를 관통하는 것은, 한 여자를 향한, 한 남자의 숭고하고 지독한 사랑이다."
1130,90814,인간수업,드라마,KR,55.0,10.0,"학교 안에서는 모범생, 학교 밖에서는 영리한 범죄자. 그의 비밀스러운 이중생활은 완벽했다. 같은 반 친구가 그의 위험한 사업에 관심을 갖기 전까지는."
1131,129475,구경이,드라마,KR,70.0,12.0,경찰 출신의 보험조사관 구경이. 바깥세상과 단절된 채 지내던 그녀가 세상에 나와 연쇄 살인마를 쫓기 시작한다. 완벽하게 사고로 위장된 사건. 범인은 우리 주변에 있다!
1132,230777,트렁크,드라마,KR,,8.0,"어느 날 갑자기 호숫가에 트렁크가 떠오른다. 그로 인해 드러나기 시작하는 비밀스러운 결혼 서비스, 그 서비스로 만난 두 남녀의 이상한 결혼. 그들에겐 어떤 비밀이 숨어있을까."
1133,78172,SBS 스페셜,드라마,KR,,139.0,"'PD가 세상을 향해 던지는 화두(話頭)'

SBS가 정규 편성된 본격 다큐멘터리를 선보입니다.

새로운 다큐멘터리, 미래가 보이는 다큐멘터리, 이성적 논리와 감성적 표현으로 다가서는 다큐멘터리 SBS 스페셜을 통해 그런 다큐멘터리를 만날 수 있다.

제작자가 세상을 향해 던지는 화두(話頭)가 분명한 다큐.

SBS스페셜 첫방송 : 2005년 7월 10일"
1134,66329,닥터스,드라마,KR,60.0,20.0,"과거의 상처를 딛고 의사가 된 두 남녀가 여러 인간 군상을 만나며 성장하고, 평생 단 한번뿐인 사랑을 시작하는 휴먼 메디컬 드라마."
1135,281006,당신의 맛,드라마,KR,,10.0,식품 기업을 물려받기 위해 작은 식당을 인수 합병하는 '레시피 사냥꾼'이 된 재벌 상속남 한범우와 전주에서 간판도 없는 원테이블 식당을 운영 중인 똥고집 셰프 모연주의 전쟁 같은 키친 타카 성장 로맨스
1136,84566,백종원의 3대 천왕,예능,KR,80.0,94.0,"사상 최대 요리 중계 쇼!!! 제2, 제3의 백종원을 꿈꾸는 대박 맛집 요리 고수들의 진검승부! 대한민국 방방곡곡 숨어 있는 TOP3 맛 고수들이 한자리에! 수십 년 이어 온 전통의 간판을 걸고 펼치는 같은 요리 다른 맛!"
1137,224414,은중과 상연,드라마,KR,58.0,15.0,"10대부터 함께한 은중과 상연. 동경과 질투, 애증이 20대, 30대를 채우다 결국 돌이킬 수 없이 멀어졌다. 이제 마흔셋. 은중은 상연의 마지막 여정에 동행해 달라는 부탁을 받는다."
1138,114395,아름다웠던 우리에게,드라마,KR,24.0,24.0,"명랑 발랄한 여고생 신솔이와 그녀가 17년째 짝사랑하는 옆집 소꿉친구 차헌, 그리고 이들과 청춘을 함께했던 친구들의 이야기를 담은 첫사랑 소환 로맨스물"
1139,133678,어쩌다 전원일기,드라마,KR,36.0,12.0,시골 마을 희동리의 토박이이자 이 지역의 ‘핵인싸’ 순경 ‘안자영’과 하루빨리 희동리 탈출을 꿈꾸는 서울 토박이 수의사 ‘한지율'의 좌충우돌 전원 로맨스 코미디 드라마
1140,306932,열혈농구단,예능,,,8.0,"코트로 돌아온 한국 농구의 리빙 레전드 서장훈과 전태풍! 그들이 직접 선발한 연예계 최강 농구팀 '열혈농구단, 라이징이글스'의 아시아 농구 제패 도전기"
1141,146102,악의 마음을 읽는 자들,드라마,KR,67.0,12.0,"대한민국을 공포에 빠뜨린 동기없는 살인이 급증하던 시절, 최초의 프로파일러가 연쇄살인범들과 위험한 대화를 시작한다. 악의 정점에 선 이들의 마음 속을 치열하게 들여봐야만 했던 프로파일러의 이야기."
1142,97970,수리남,드라마,KR,62.0,6.0,2022년 9월 Netflix에서 방영을 시작한 범죄물. 남미에서 마약 조직을 운영하는 한국인 마약왕. 그를 체포하려는 정부의 비밀 작전에 한 평범한 사업가가 합류한다.
1143,113710,도시남녀의 사랑법,드라마,KR,30.0,17.0,복잡한 도시 속 내 안에 또 다른 나를 품고 치열하게 살아가는 청춘들의 리얼 연애담을 담은 카카오TV 오리지널 드라마.
1144,54477,너의 목소리가 들려,드라마,KR,65.0,18.0,"속물 국선전담변호사 장혜성과 사람의 마음을 읽는 신비의 초능력 소년 박수하, 바른 생활 사나이 차관우가 만나며 벌어지는 사건들을 흥미진진하게 그린 드라마"
1145,206686,닭강정,드라마,KR,,10.0,내 딸이 닭강정으로 변하다니! 모든기계 사장 최선만은 의문의 사고로 닭강정이 되어버린 딸 민아를 되찾을 수 있을까. 민아를 짝사랑하는 인턴사원 고백중이 그에 합세해 고군분투를 펼친다.
1146,230524,완벽한 결혼의 정석,드라마,KR,64.0,12.0,남편과 가족에게 복수하기 위해 계약결혼을 선택한 여자 한이주와 그녀를 아내로 맞이하기 위해 계약결혼을 연기하는 남자 서도국의 아찔하고 은밀한 로맨스 복수극
1147,86640,빙의,드라마,KR,60.0,16.0,"피할 수 없는 운명으로 악귀와의 사투에 뛰어들게 된, 불량스럽기 그지없는 외모 그러나 누구보다 영이 맑은 불량 형사 강필성과, 강한 영적 기운을 가지고 태어나 평범한 삶을 살기 위해 몸부림치는 영매 홍서정이 사람의 몸에 빙의해 범죄를 저지르는 사악한 영혼을 쫓는 영혼추적 스릴러."
1148,261980,미지의 서울,드라마,KR,79.0,12.0,얼굴 빼고 모든 게 다른 쌍둥이 자매가 인생을 맞바꾸는 거짓말로 진짜 사랑과 인생을 찾아가는 로맨틱 성장 드라마
1149,218290,고려 거란 전쟁,드라마,KR,,32.0,"당대 최강국 거란과의 26년간의 전쟁을 승리로 이끌고 고려의 번영과 동아시아의 평화시대를 이룩한, 고려의 황제 현종과 강감찬을 비롯한 수많은 영웅들에 대한 이야기. 관용의 리더십으로 고려를 하나로 모아 거란과의 전쟁을 승리로 이끈 고려의 황제 현종과 그의 정치 스승이자 고려군 총 사령관이었던 강감찬의 이야기를 담은 드라마."
1150,233205,"세작, 매혹된 자들",드라마,KR,70.0,16.0,"""사랑할 땐 살기를 바라고, 미워할 땐 죽기를 바라는, 그 변덕스러운 모순!"" 높은 자리에 있지만 마음은 비천한 임금 이인과 그를 무너뜨리기 위해 세작(첩자)이 된 여인의 잔혹한 운명을 그린 이야기"
1151,33828,자이언트,드라마,KR,65.0,60.0,"가까운 지인의 배신으로 뿔뿔이 흩어졌던 세 남매가 수년 만에 재회한다. 아버지의 죽음에 복수하기 위해 모든 것을 걸고, 거대한 음모의 중심에 선 권력자에 맞선다."
1152,137094,연애대전,드라마,KR,54.0,10.0,남자에게 지기 싫어하는 변호사와 여자를 믿지 못하는 톱배우. 이들에게 사랑은 아무런 의미가 없었다. 원하지 않은 연애를 시작하기 전까진.
1153,296009,아기가 생겼어요,드라마,KR,,12.0,이번 생에 결혼은 없다던 두 남녀의 하룻밤 일탈로 벌어진 속도위반 리버스 로코
1154,137040,택배기사,드라마,KR,47.0,6.0,대기 오염으로 황폐해진 2071년 디스토피아 세계. 한 난민이 막강한 힘을 자랑하는 택배기사가 되기 위해 힘겨운 싸움을 시작한다. 그래야만 식량을 구해 생존할 수 있기에.
1155,64172,룸메이트,예능,KR,90.0,46.0,최근 1인 가구가 늘고 있는 가운데 젊은이들 사이에서 새로운 주거형태로 주목 받고 있는 ‘쉐어 하우스(Share House)’를 모티브로 한 관찰 예능 프로그램
1156,66560,질투의 화신,드라마,KR,60.0,24.0,질투라곤 몰랐던 마초기자와 재벌남이 생계형 기상캐스터를 만나 질투로 스타일 망가져가며 애정을 구걸하는 양다리 로맨스
1157,223329,돌풍,드라마,KR,545.0,12.0,"그날, 대통령의 심장이 멈췄다. 세상을 뒤엎고자 대통령 시해를 결심한 국무총리와 그를 막아 권력을 손에 쥐려는 경제 부총리. 극단으로 치닫는 두 사람의 정치적 욕망이 거센 바람, 돌풍을 일으킨다."
1158,97219,"하이바이, 마마!",드라마,KR,70.0,16.0,"갑작스러운 사고로 가족의 곁을 떠나게 된 주인공이 사별의 아픔을 딛고 새 인생을 시작한 남편과 딸아이 앞에 다시 나타나면서 벌어지는 고스트 엄마의 49일 리얼 환생 프로젝트를 그린 드라마. 귀신 5년차가 무색할 만큼 상큼발랄한 아내 귀신(차유리)과 죽은 아내를 그리워하며 고통 속에 살다, 새 인생을 시작한 남자(조강화)가 있다. 이 부부를 통해 삶과 죽음, 이 거스를 수 없는 순리와 상실이 우리에게 전하는 메시지를 되짚어보고 그들이 겪은 시간과 상처들을 이야기하려 한다."
1159,62806,가면,드라마,KR,60.0,20.0,"우리들은 모두 저마다의 가면을 쓰고 산다. 비정규직 월급쟁이가 룸살롱에선 사장님의 가면을, 학창시절 일진이 맞선 자리에선 요조숙녀의 가면을, 아이들을 학대한 어린이집 원장이 TV 앞에선 천사의 가면을 쓰고 나타나기도 한다. 친구와 연인, 가족에게까지 자신의 실제 모습은 감춘 채, 우린 각자의 가면 속에 꼭꼭 숨어 외롭게 살아간다. 물질만능주의 세상이 되어버린 오늘날, 그 물질을 위해 가족도 등지고 사랑 없이 결혼한 남녀가, 가면 속 서로의 진실된 모습을 보게 되면서 결국 삶에 있어서 가장 중요한 건 사랑과 가족이라는 걸 깨닫는 모습을 그리고자한다."
1160,298698,크라임씬 제로,예능,KR,,10.0,용의자와 탐정이 된 플레이어가 그들 가운데 숨어있는 범인을 찾아내는 국내 최초로 시도된 레전드 롤플레잉 추리 게임
1161,33544,내 여자친구는 구미호,드라마,KR,66.0,16.0,"철은 없지만 착하고, 지 멋대로지만 마음 약한 구석도 있는 부잣집 도련님 차대웅이 우연히 구미호를 만나게 되면서 사랑에 빠지는 판타지 멜로 드라마."
1162,196474,너의 시간 속으로,드라마,KR,,12.0,상실의 아픔을 겪고 있는 여자가 마법처럼 시간을 거슬러 1998년으로 돌아간다. 그리고 그곳에서 죽은 연인과 묘하게 닮은 한 남자를 만난다. 1년 전 세상을 떠난 남자친구를 그리워하던 준희가 운명처럼 1998년으로 돌아가 남자친구와 똑같이 생긴 시헌을 만나며 벌어지는 이야기를 그린 타임슬립 로맨스.
1163,233232,성+인물: 대만 편,예능,KR,,5.0,"성, 사회, 그리고 비즈니스, MC 신동엽과 성시경이 대만으로 떠나 그곳의 매혹적인 성 문화와 산업을 조명한다."
1164,76065,SBS 연기대상,예능,KR,,26.0,올 한 해 많은 사랑을 받은 드라마 속 주인공들을 다시 만날 수 있는 SBS 연기대상
1165,84107,황후의 품격,드라마,KR,35.0,52.0,어느 날 갑자기 신데렐라가 돼 황제에게 시집온 명랑 발랄 뮤지컬 배우가 궁의 절대 권력과 맞서 싸우다가 대왕대비 살인사건을 계기로 황실을 무너뜨리고 진정한 사랑과 행복을 찾는 이야기
1166,125437,라켓소년단,드라마,KR,71.0,16.0,"배드민턴계의 아이돌을 꿈꾸는 라켓소년단의 소년체전 도전기이자, 땅끝마을 농촌에서 펼쳐지는 열여섯 소년소녀들의 레알 성장드라마"
1167,31120,찬란한 유산,드라마,KR,65.0,28.0,식품 재벌 집안의 유산 상속과 가족애 되찾기를 그린 드라마.
1168,135655,인사이더,드라마,KR,60.0,16.0,위장 잠입 수사를 하다가 교도소에 수감된 사법연수생. 교도소에서 살아남아 복수하기 위해 재소자들의 불법 도박판에 뛰어든다.
1169,71347,엽기적인 그녀,드라마,KR,40.0,32.0,"까칠한 도성 남자의 대표주자 견우와 조선의 문제적 그녀가 펼치는 예측 불허 로맨스 드라마. 새로운 배경에서 새로운 시각으로 펼쳐지는 견우와 그녀의 러브스토리! 누구도 상상하지 못했던 사극판 엽기적인 그녀가 펼쳐진다. 배경을 조선시대로 옮겨 새로운 스토리와 갈등을 입히고 지하철 구토 씬 등 원작을 대표하는 장면들을 재구성해 원작을 본 사람에게도, 못 본 사람에게도 흥미진진한 드라마를 만들고자 한다. 조선의 꽃청춘 견우와 그녀의 달콤한 로맨스는 물론, 한양 청춘들의 쫄깃한 연애담까지! 눈과 마음이 모두 화사해지는 업그레이드된 청춘사극!"
1170,39198,넌 내게 반했어,드라마,KR,66.0,15.0,"춤과 노래, 연기와 문학이 있는 예술대학을 배경으로 꿈을 향해 질주하는 주인공들의 풋풋한 사랑과 뜨거운 우정, 싱그러운 청춘과 드높은 꿈을 담은 청춘 멜로 드라마"
1171,280946,태풍상사,드라마,KR,,16.0,"IMF 부도위기를 온몸으로 맞았지만, 정면으로 돌파해 나가는 중소기업과 그 가족들을 고군분투를 그리는 드라마"
1172,113622,시지프스 : the myth,드라마,KR,72.0,16.0,우리의 세상에 정체를 숨기고 살아가고 있는 존재를 밝혀내려는 천재 공학자 한태술과 그를 위해 멀고도 위험한 길을 거슬러온 구원자 강서해의 여정을 그린 판타지 미스터리 드라마
1173,139547,종말의 바보,드라마,KR,,12.0,"소행성이 지구를 향해 돌진하고 있다. 예정된 종말을 막을 길이 없는 가운데, 강인한 의지의 전직 교사가 예전 학생들을 지키기 위해 고군분투한다. 그 어떤 대가라도 치를 각오로."
1174,326901,대체 등산을 왜 하는 건데?,예능,KR,,10.0,"평생 산에는 관심 없던 등산 초보 넷. 떠밀리듯 산악회를 결성하고 정신을 차려보니, 거대한 설산이 눈앞에 있다! 다리는 후들거리고 숨은 차오르는데. 고생 끝에 그들은 등산의 이유를 찾을 수 있을까?"
1175,72549,다시 만난 세계,드라마,KR,30.0,40.0,"사고로 죽었던 소년 성해성이, 19살의 모습 그대로 돌아왔다.

자신의 죽음으로 인해 비틀어진 주변인들의 삶을 바로잡기 위해,

12년이 지난 지금까지, 자신을 잊지 못하고 있던

31살의 동갑내기 첫사랑, 정정원을 위해."
1176,240114,미스터리 수사단,예능,KR,,15.0,기묘한 사건이 벌어지면 그들이 출동한다! 일반적인 부서는 해결하지 못할 특수한 사건만을 전담하는 '미스터리 수사단'. 출연진 6인이 신선한 케미를 선보이며 예측 불가능한 방법으로 사건을 풀어간다.
1177,6074,마이걸,드라마,KR,60.0,16.0,"재벌 2세 공찬은 위독하신 할아버지를 위해 여동생을 찾던 중 관광가이드 유린을 만난다. 공찬은 동생과 닮은 유린에게 동생인 척 연기를 해달라고 부탁하고, 돈이 급했던 유린은 이를 승낙하게 된다."
1178,112837,썸바디,드라마,KR,55.0,8.0,"타인과의 소통에는 어려움을 겪지만 앱 개발자로서는 획기적인 소셜 커넥팅 앱을 발명해 낸 김섬. 사이버수사대에서 경찰관으로 근무하는 기은. 기은의 친구이자 무속인인 목원. 이들과 얽힌 매력적이면서도 어딘지 위협적으로 보이는 미지의 남자 윤오. 네 인물의 이야기는 초반부 얼마간 각자 펼쳐지더니, 몇 개의 사건을 거치자 거대한 미스터리의 미궁으로 변모한다."
1179,78797,기름진 멜로,드라마,KR,35.0,38.0,"달궈진 웍 안의 펄펄 끓는 기름보다 더 뜨거운 세 남녀의 진한 연애담으로 침샘까지 깊이 자극하는 로코믹 주방 활극이다. 경고 '절대 빈속으로 보지 말 것'

주 무대는 동네 중국집 ‘헝그리웍’.  남녀 주인공을 비롯해 이 드라마에는 미친 듯이 일하지 않는 등장인물은 없다.  펜대 굴리는 남자도 없고, 모니터 앞에서 자판 두드리는 여자도 사양한다.  회의는 욕설이 오가야 제대로요.  깨진 접시 너머로 불덩인지 쇳덩인지 웍이 날아다니고, 칼이 날아다닌다.  전쟁터 같은 이곳에서, 목숨 걸고 만든 짜장면은 그야말로 천하일미!  주방이라는 6평 직장 내에서 살아남고자 하는 인생들의 신개념 ‘주방 활극’이다!!"
1180,76715,미스티,드라마,KR,70.0,16.0,"야심 하나로 최고의 앵커 자리에 올랐다. 무엇도 자신을 멈출 수 없으리라 믿었다. 하지만 과거의 인연과 현재의 위기가 얽힌 엄청난 사건이 그녀의 삶을 헤집기 시작한다. 진실이라 믿은 사실에 생긴 거대한 균열. 판도라의 상자는 열렸다. 살인사건의 용의자로 지목된 대한민국 최고의 앵커. 그녀의 변호인이 된 남편.그들이 믿었던 사랑, 그 민낯을 보여주는 격정 미스테리 멜로."
1181,214422,진짜가 나타났다!,드라마,KR,70.0,50.0,배 속 아기 ‘진짜’를 둘러싼 미혼모와 비혼남의 가짜 계약 로맨스와 임신-출산-육아를 통해 ‘애벤져스’로 거듭나는 이들 가족의 좌충우돌 성장기 드라마.
1182,139289,조선 정신과 의사 유세풍,드라마,KR,76.0,22.0,"침 못 놓는 천재 의원 유세풍, 이상하고 아름다운 계수의원에서 반전과부 서은우, 괴짜 스승 계지한을 만나 심의로 거듭난다. 아픈 자들에겐 따뜻한 처방을, 나쁜 놈들에겐 통쾌한 한방을 날리는 조선시대 정신과의사들의 행복 처방전!"
1183,21013,일지매,드라마,KR,65.0,20.0,때는 조선 시대. 민중의 영웅이 된 자가 부패한 탐관오리들의 재물을 훔쳐 가난한 이들에게 나눠준다. 자신의 가족이 겪은 부당한 고초에 대한 복수를 꿈꾸며.
1184,88398,녹두꽃,드라마,KR,35.0,48.0,"1894년 동학 농민 운동의 역사 속에서 농민군과 토벌대로 갈라져 싸워야 했던 이복형제의 파란만장한 휴먼스토리를 그린 사극 드라마. 조선 강토를 피로 물들인 동학농민항쟁은 단순한 반란이 아니라 봉건의 한 시대를 마감하고 근대의 신새벽을 열어젖힌 전환기적 사건이었다. ‘사람이 곧 하늘(人乃天)’이라는 믿음으로 자유와 평등, 민족 자주가 실현되는 나라를 만들고자 했던 아래로부터의 혁명이었다. 미완(未完)의 혁명이기도 했다. 항쟁의 소용돌이에 휩쓸려 궤도를 이탈해버린 민초들의 이야기로, 혁명군과 토벌대로 갈라져 서로의 가슴에 총구를 겨눠야 하는 이복형제가 써내려가는 애증과 영욕의 드라마."
1185,106761,미씽: 그들이 있었다,드라마,KR,65.0,26.0,"종아, 남국과 함께 나쁜 놈들에게 사기 치며 살아가던 정의로운 사기꾼 김욱. 납치 당하는 여자를 목격한 어느 날, 의문의 사내들에게 쫓겨 목숨을 잃을 위기에 처하는데... 가까스로 살아난 그가 눈을 뜬 곳은 '두온마을', 그곳의 수상한 주민 장판석의 집. 실종됐다던 아이가 살아있고, 멀쩡히 눈 앞에 있던 사람들이 갑자기 사라지는 이곳. 미스터리한 마을과 주민 장판석의 정체가 베일을 벗는다."
1186,242503,미녀와 순정남,드라마,KR,,50.0,하루아침에 재기 불능 시궁창 밑바닥으로 추락한 여배우와 그 여배우를 사랑하고 다시 일으켜 세우는 혈기 왕성한 초짜 드라마 PD의 산전수전 공중전 파란만장 러브스토리
1187,210218,이로운 사기,드라마,KR,62.0,16.0,"공감불능 사기꾼과 과공감 변호사, 너무 다른 두 사람의 공조극이자 절대악을 향한 공감가는 복수극이며 간절히 믿고 싶지만, 끝까지 믿을 수 없는 사기극"
1188,67084,신데렐라와 네 명의 기사,드라마,KR,60.0,22.0,"감성그룹 회장과 인연으로 대저택 하늘집으로 들어온 수의사가 꿈인 씩씩한 여고생이 고집스럽고 자유로운 세 명의 도련님과 한 명의 경호원과 동거를 시작하면서 일어나는 일들을 담은 스무살 청춘들의 모험담을 그린 드라마. 대학 합격의 기쁨도 잠시, 모아놓은 등록금을 포기해야하는 상황에 놓인 하드캐리 신데렐라 하원(박소담). 하지만 운명처럼 찾아온 하늘그룹 첫째 현민(안재현)의 아르바이트 제안! 영문도 모른 채 현민에게 끌려간 곳에서, 첫만남부터 악연이었던 하늘그룹 둘째 지운(정일우)과 마주치고, 곤란한 상황에 빠지는데..."
1189,90706,의사요한,드라마,KR,60.0,16.0,"살리지 못한다면, 낫게 하지 못한다면 적어도 고통스럽지 않게 해주기 위해 최선을 다하는 의사들의 이야기, 우리 몸을 괴롭히는 통증의 원인을 마치 범인 잡는 수사관처럼 찾아내는 통증의학과 의사들의 이야기. 통증의학과를 배경으로 원인을 알 수 없는 급성·만성통증으로 고통받는 환자들의 이야기가 미스터리한 통증의 원인을 찾는 과정을 마치 범인을 쫓듯 수사물처럼 흥미진진하게 그려낸다."
1190,61678,미생,드라마,KR,75.0,20.0,프로 바둑기사의 꿈을 접은 장그래는 인턴사원이 되어 입사 동기 영이에게 의존하며 험난한 직장 생활을 시작한다.
1191,276472,샤이닝,드라마,KR,,10.0,둘만의 세계를 공유하던 청춘들이 서로의 믿음이자 인생의 방향을 비춰주는 빛이 되어가는 과정을 그린 이야기
1192,280016,사계의 봄,드라마,KR,,10.0,"K-팝 최고 밴드그룹 톱스타 사계가 어쩔 수 없이 다니게 된 대학 캠퍼스에서 좌충우돌 대학 생활을 겪으며 4인조 혼성밴드를 결성, 뜨겁게 사랑하고 음악을 통해 성장하는 이야기"
1193,72396,최강 배달꾼,드라마,KR,60.0,16.0,가진 것이라곤 배달통뿐인 인생들의 통쾌한 뒤집기 한 판을 그린 신속정확 열혈 청춘배달극
1194,68945,마음의 소리,드라마,KR,12.0,20.0,"웹툰 '마음의 소리'를 원작으로 한 시트콤. 조석과 상상 이하의 가족들이 펼치는, 일상이 어드벤처인 요절복통 이야기"
1195,218475,19/20,예능,KR,56.0,13.0,10대의 마지막과 20대의 처음을 함께 보내는 청춘 남녀들. 이들이 자유와 어른으로서의 '첫 순간들'을 함께 경험한다.
1196,135155,더 패뷸러스,드라마,KR,56.0,8.0,"까다로운 패션의 세계를 배경으로 열정 넘치는 밀레니얼 세대의 꿈과 사랑, 우정을 다룬 로맨틱 코미디. 그곳에서 균형을 찾으려는 청춘들의 분투가 펼쳐진다."
1197,101857,브람스를 좋아하세요,드라마,KR,60.0,16.0,스물아홉 경계에 선 클래식 음악 학도들의 아슬아슬 흔들리는 꿈과 사랑에 관한 이야기
1198,82834,YG전자,드라마,KR,25.0,8.0,"빅뱅의 막내 승리, YG 전략자료본부실의 고문이 되다! 다 양 회장님 눈에 든 덕? 기대 가득 첫 출근, 그런데 여기 좀 이상해! YG 스타들이 총출동하는 리얼 시트콤."
1199,99491,쌍갑포차,드라마,KR,70.0,12.0,"늦은 밤, 낯선 곳에 나타나는 의문의 포장마차와 그곳에서 벌어지는 이야기. 야심한 밤, 어디선가 누군가에 힘든 일이 생기면 나타나는 의문의 포장마차. 월주 이모가 따라주는 신묘한 술을 마시면 갑갑한 현실에 솟아날 구멍이 보인다는 그곳. 터치만 했다하면 남의 속마음이 들리는 특이체질 강배는 쌍갑포차를 찾게 되는데..."
1200,214997,닥터 차정숙,드라마,KR,65.0,16.0,20년 차 가정주부에서 1년 차 레지던트가 된 차정숙의 찢어진 인생 봉합기
1201,96977,날씨가 좋으면 찾아가겠어요,드라마,KR,60.0,16.0,첼로를 가르치던 일을 그만둔 해원은 호두하우스 펜션을 운영하는 이모 곁에서 한동안 지내기로 한다. 노부부가 살던 기와집이 작은 서점 ‘굿나잇 책방’으로 바뀐 걸 보고 의아해하는 해원. 논두렁 스케이트장에 있던 은섭은 그의 책방을 기웃거리는 해원을 보고 멈칫 놀라는데...
1202,113965,"선배, 그 립스틱 바르지 마요",드라마,KR,65.0,16.0,"직장 선배에게 첫눈에 반한 화장품 회사 신입사원. 고백할 기회만 보고 있었는데 이게 웬걸. 선배가 몰래 사내 연애를 하고 있다! 상대는 회사에서 승승장구하는 넘사벽 능력자. 가망 없는 짝사랑, 이쯤에서 접어야 하나?"
1203,62301,냄새를 보는 소녀,드라마,KR,60.0,16.0,3년 전 ‘바코드 살인사건’으로 여동생을 잃은 무감각적인 한 남자와 같은 사고를 당하고 기적적으로 살아났지만 이전의 기억을 모두 잃은 초감각 소유자인 한 여자의 이야기를 담은 드라마.
1204,237508,졸업,드라마,KR,70.0,16.0,스타 강사 서혜진과 신입 강사로 나타난 발칙한 제자 이준호. 대치동에 밤이 내리면 이토록 설레는 미드나잇 로맨스가 시작된다. 우리가 미처 몰랐던 학원 강사들의 다채롭고 밀도 있는 이야기.
1205,45629,태양의 신부,드라마,KR,,112.0,스물 일곱살 한 여자가 가난 때문에 죽을 위기에 처한 동생과 아버지를 살리기 위해 늙은 재벌 회장과 결혼을 선택하면서 벌어지는 이야기다.
1206,74829,그냥 사랑하는 사이,드라마,KR,72.0,16.0,"어렸을 때 인생을 뒤흔든 사고에서 극적으로 살아남은 두 남녀가 서로의 상처를 보듬어가는 과정을 그린 드라마. 세찬 바람에도 꿋꿋이 버티고 견디며 일상을 살아가는 별 볼일 없어 보이기에 더 위대한 사람들, 그들이 그려나가는 따뜻한 사랑에 대한 이야기를 그린다."
1207,139221,티시태시,드라마,PH,,52.0,"어린아이 주인공의 상상 속 친구, 중간에 거창한 말을 하다가 끊어버리는 장면 등의 전체적으로 서양의 애니메이션에서 자주 나올 법한 연출과 스토리가 특징.

다만 한국의 특성이 아예 안 나타나는 것은 아닌데, 기본이라면 기본일 김치부터 구슬치기, 넷플릭스 시청 등 한국의 특성이 나타나는 걸 곳곳에서 볼 수 있다."
1208,57646,주군의 태양,드라마,KR,63.0,17.0,인색하고 욕심 많은 유아독존 사장님과 음침하고 눈물 많은 영감 발달 여직원이 무섭지만 슬픈 사연을 지닌 영혼들을 위령하는 로코믹 호러 드라마
1209,87553,그녀의 사생활,드라마,KR,69.0,16.0,"미술관에선 능력 좋은 큐레이터지만 알고 보면 아이돌 덕후인 성덕미가 까칠한 상사 라이언을 만나며 벌어지는 본격 덕질 로맨스를 그린 드라마. 최애가 가는 길을 꽃길로 만들어주고, 최애가 하는 선택은 무조건 응원해주기! 그것이 꿈을 향해 가는 것이든, 꿈을 포기하는 것이든 최애 곁에는 항상 덕후가 함께 할 거라고. 그리고 결국, 누군가의 덕질을 하게 된 당신은 깨닫게 될 것이다. 덕질은, 또다른 이름의 사랑이라는 것을. 사랑하라, 덕후처럼!"
1210,123349,안나라수마나라,드라마,KR,69.0,6.0,버려진 유원지에 사는 마술사. 힘겨운 현실 속에서 너무 빨리 어른이 돼버린 고등학생에게 마법 같은 위로를 건넨다. 절망적인 현실이 사라지고 희망이 다시 샘솟는 특별한 마술이 시작된다.
1211,5178,천국의 계단,드라마,KR,60.0,20.0,오랜 사랑과의 재회를 꿈꾸며 해외에서 돌아온 차송주. 그러나 한정서가 사고로 기억을 잃으면서 둘의 인연이 어긋나고 만다.
1212,66431,미녀 공심이,드라마,KR,65.0,20.0,"외모와 능력 모든 걸 갖춘 언니’와 ‘마음 하나는 예쁜 동생’, 그리고 그 두 자매 앞에 나타난 ‘옥탑방 볼매남’과 ‘재벌가 댄디남’까지 실타래처럼 얽힌 네 청춘남녀의 좌충우돌 로맨스를 코믹하고 따뜻하게 그린 드라마"
1213,226226,베스티언즈,드라마,KR,15.0,5.0,"인기경쟁이 치열한 히어로 세계에 등장한 신인 베스티언즈, 환경파괴의 주범인 빌런의 정체를 밝혀 위기의 지구를 구하고 진정한 히어로로 성장한다."
1214,97766,루갈,드라마,KR,60.0,16.0,"동명의 웹툰이 원작이며 바이오 생명공학 기술로 특별한 능력을 얻은 인간 병기들이 모인 특수조직 '루갈'이 대한민국 최대 테러집단 '아르고스'에 맞서 싸우는 액션 히어로 드라마. 황득구(박성웅)을 필두로 한 국내 최대의 범죄 조직 아르고스! 이들을 쫓던 형사 강기범(최진혁)은 임무 수행 중 아르고스의 습격을 받아 동료들과 사랑하는 아내, 자신의 두 눈마저 잃게 된다. 아르고스의 범행이라고 주장하지만 증거가 불충분한 상황. 기범은 아내를 죽이고 두 눈을 자해한 살인마로 낙인 찍혀 교도소에 수감된다. 그러던 중, 새로운 눈을 주겠다는 은밀한 제안에 목숨을 건 교도소 탈출을 감행하는데..."
1215,275592,서울 자가에 대기업 다니는 김 부장 이야기,드라마,KR,,12.0,자신이 가치 있다고 생각한 모든 것을 한순간에 잃어버린 한 중년 남성이 긴 여정 끝에 마침내 대기업 부장이 아닌 진정한 본인의 모습을 발견하게 되는 이야기. 명랑 & 김병관의 웹툰을 원작으로 한 드라마
1216,92732,조선혼담공작소 꽃파당,드라마,KR,70.0,16.0,"만인지상인 왕이 자신의 첫사랑을 사수하기 위해 조선 최고의 매파당 '꽃파당'을 만나 조선에서 가장 천한 여인 개똥을 가장 귀한 여인으로 만들려는 그들의 목숨을 건 조선 혼담 대 사기극. 조선 최고의 매파 마훈(김민재), 한양의 핫한 셀럽 고영수(박지훈), 정보꾼 도준(변우석)으로 이루어진 꽃보다 아름다운 매파들의 당, 꽃파당. 그들은 오낭자댁 혼처의뢰로 개똥이(공승연)와 얽히게 된다. 한편, 대장장이 김수(서지훈)는 꽃파당에게 개똥이와의 혼인을 의뢰하는데..."
1217,128979,돌싱글즈,예능,KR,90.0,82.0,"한 번의 아픔을 겪은 매력만점 동싱 남녀들,  한 번 겪었기에 더 과감하고, 더 치명적인 돌싱들의 리얼 연애 프로젝트  서로의 마음이 통한다면, 기다릴 필요없이 바로 첫날 밤을 향해 돌진!

알콩달콩 썸보다는 진하고 치명적인 돌직구로, 이혼남녀 직진 로맨스"
1218,113240,런 온,드라마,KR,70.0,16.0,"같은 한국말을 쓰면서도 소통이 어려운 시대, 서로 다른 세계에 살던 사람들이 각자의 언어로 소통하고 관계를 맺으며, 사랑을 향해 '런 온'하는 로맨스 드라마"
1219,61606,미녀의 탄생,드라마,KR,65.0,21.0,살을 빼고 인생이 달라지는 한 여인의 삶을 그린 드라마
1220,82462,제3의 매력,드라마,KR,60.0,16.0,"유난히 지쳤던 추운 겨울, 따뜻하게 손잡아 주머니에 넣어주는 것만으로도 연애가 시작될 수도 있고.. 여름의 온도와 습도, 불쾌지수가 만든 사소한 다툼으로 잡았던 손을 놓으며 헤어질 수도 있는 법.. 연애는 이렇게, 계절 마다 다른 얼굴로 우리에게 다가온다. 이 드라마는, 스물의 봄, 스물일곱의 여름, 서른둘의 가을과 겨울을 함께 통과하는 두 남녀의 이야기. 계절마다 다른 얼굴로 부딪친 그들의 인연이 소소한 운명이 되는 연애 판타지다. 잘났든 못났든, 늙건 어리건, 연애라는 황홀한 가시밭길을 걷는 동안에는 무엇하나 내 맘 같지 않고 수월할 리가 없다. 이렇듯, 연애는 어렵다. 이 드라마는, 행복하게 웃기도 하고, 눈물도 흘리고 상처도 받는 연애의 현실에 방점을 찍을 것이다. 상처를 주거나 상처를 받았던 우리들 연애의 속살을 함께 얘기할 것이고, 고난과 역경을 넘어 목숨까지 걸며 지켜주고 싶은 운명적 연애의 완성보다는 그렇게 완성된 그 아까운 연애가 흔들리고, 금이 가고, 깨져가는 안타까운 현실을 보여주는.. 아마도, 연애 다큐가 될 것이다."
1221,241948,베베핀,드라마,KR,,194.0,"우리 아이가 한 뼘 자라는 시간, 3분! 우리 아이와 꼭 닮은, 아기상어를 좋아하는 귀여운 아기 ‘베베핀’과 가족들의 소중한 하루가 펼쳐집니다. 매일 한 뼘씩 자라는 베베핀 가족의 성장일기를 즐거운 노래로 만나보세요."
1222,15961,왕과 나,드라마,,,63.0,"연모하는 왕비를 위해 일생을 헌신해 온 조선 왕실의 환관. 그러던 어느 날, 궁에 불어닥친 정치적 혼란 속에서 차마 따를 수 없는 가슴 아픈 명을 받게 된다."
1223,208834,기적의 형제,드라마,KR,65.0,16.0,‘윤동주’가 되고 싶지만 현실은 빚뿐인 작가 지망생 ‘육동주’와 특별한 능력을 가진 정체불명의 소년 ‘강산’이 시간의 경계를 넘어선 진실 찾기를 통해 기적을 만들어가는 과정을 그린 휴먼 미스터리 드라마
1224,236956,대도시의 사랑법,드라마,KR,55.0,8.0,"청춘들의 달콤한 만남과 이별의 아픔, 어딘가 모르게 나와 비슷한 사랑의 경험을 한 고영의 성장기"
1225,119773,로스쿨,드라마,KR,65.0,16.0,"대한민국 최고의 명문 로스쿨 교수와 학생들이 전대미문의 사건에 얽히게 되면서 펼쳐지는 캠퍼스 미스터리와 더불어, 피, 땀, 눈물의 살벌한 로스쿨 생존기를 통해 예비 법조인들이 진정과 법과 정의를 깨닫는 과정을 담은 드라마"
1226,155222,오늘의 웹툰,드라마,KR,69.0,16.0,"매일 [오늘의 웹툰]을 업로드하기 위한 웹툰 업계의 다이나믹 오피스 라이프, 그 세계에 발을 들인 유도 선수 출신 새내기 웹툰 편집자 온마음의 레벨업 성장기"
1227,88328,어비스,드라마,KR,64.0,16.0,"서로 다른 사고로 이른 나이에 죽은 두 남녀. 그런데 두 사람이 완전히 달라진 외모로 살아난다. 그리고 그들 앞에 닥친 새로운 목표. 자신을 죽인 살인마를 찾아야 한다. 인성부터 재력까지 모든 게 완벽하지만, 딱 하나 외모가 모자란 차민은 자신의 외모를 비관하며 자살을 시도한다. 죽음의 문턱 앞에서 어비스를 마주한 차민은 완전히 다른 모습으로 태어나고... 한편 서울지검의 에이스이자 초미녀 검사로 명성이 자자한 고세연. 엄산동 연쇄살인 사건의 실마리를 찾는데..."
1228,44632,인생은 아름다워,드라마,KR,70.0,63.0,제주도를 배경으로 훈훈한 가족의 이야기를 담은 연속극으로 재혼 가정의 화합과 사랑을 밝고 경쾌하게 그린 작품이다.
1229,46536,청담동 앨리스,드라마,KR,65.0,16.0,시작은 노력형 캔디였으나 더 이상 캔디로 살지 않겠다고 선언한 뒤 노력형 신데렐라가 되는 주인공을 통해 대한민국을 지배하는 부와 진정한 결혼의 의미를 되새겨 보는 드라마.
1230,244071,감사합니다,드라마,KR,65.0,12.0,"횡령, 비리, 사건사고가 끊이지 않는 건설회사 감사팀,

회사 갉아먹는 쥐새끼들 소탕하러 온 이성파 감사팀장 신차일과 감성파 신입 구한수의 본격 오피스 클린 활극"
1231,230198,웨딩 임파서블,드라마,KR,67.0,12.0,동성애자인 재벌 후계자와 위장 결혼을 준비 중인 무명 여배우 그리고 그 꼴을 두 눈 뜨고 볼 수 없는 야망덩어리 예비 시동생이 만나며 벌어지는 욕망 충돌 결혼 반대 로맨스를 그린 유쾌한 로맨틱 코미디 드라마
1232,41652,뿌리깊은 나무,드라마,KR,70.0,24.0,조선 세종시대 훈민정음 반포 전 7일간 경복궁에서 벌어지는 집현전 학사 연쇄살인 사건을 다룬 드라마
1233,233277,나의 해피엔드,드라마,KR,,16.0,"과거의 고통과 현재의 집착에 사로잡힌 채 성공만을 향해 야심 차게 내달리던 CEO. 어느 날, 완벽해 보였던 그녀의 삶이 송두리째 흔들리기 시작한다."
1234,210107,힙하게,드라마,KR,65.0,16.0,"범죄 없는 청정 농촌 마을 무진에서 우연히 생긴 사이코메트리 능력으로 동물과 사람의 과거를 볼 수 있게 된 성실한 오지라퍼 수의사 '봉예분'과 서울 광수대 복귀를 위해 그녀의 능력이 절실히 필요한 욕망덩어리 엘리트 형사 '문장열'이 자잘한 생활밀착형 범죄를 공조수사하던 중, 연쇄살인사건에 휩쓸리며 벌어지는 코믹 수사 활극"
1235,233221,노무사 노무진,드라마,KR,70.0,10.0,유령 보는 노무사의 좌충우돌 노동 문제 해결기를 담은 코믹 판타지 활극
1236,95110,하이에나,드라마,KR,60.0,16.0,"머릿속엔 법을, 가슴속엔 돈을 품은 '똥묻겨묻' 변호사들의 물고 뜯고 찢는 하이에나식 생존기를 그린 드라마. 하이에나. 무엇이 떠오르는가. 시커멓고 털에 윤기라고는 없으며, 다른 맹수들의 사냥감을 도둑질하는, 약삭빠르고 야비한 존재. 우리의 주인공들도 그렇게 불린다. 대한민국을 움직이는 자본과 권력의 탑 클래스, 그들의 최측근에서 뒤치다꺼리를 해주는 대한민국의 엘리트들. 청소부나 다름없는 하이에나들이라고. 세상 사악하고, 세상 섹시하고, ‘돈’을 벌기 위해선 수단과 방법을 가리지 않는, 변호사계의 변종, 잡초 같은 정금자. 법률 엘리트 중의 엘리트, 세상 잘난, 자만심과 자존심으로 쌓인, 변호사계의 금수저, 화초 같은 윤희재. 서로 완벽히 다른 그들이 하이클래스들을 대리하는 하이에나가 된다. 이 드라마는 그들과 그들을 둘러싼 각종 인간 군상들이 펼치는, 처절한 생존 게임이자 피! 튀기는 인간 극장이다. 자, 쇼가 시작되었다. 생존이라는 장기판에, 자신만의 말을 놓아보자. 인간의 욕망이라는 게임에, 자신의 길드를 개설해보자."
1237,275989,러브 미,드라마,KR,,12.0,"부와 명예, 외모 빼고는 단 하나도 가진 게 없는 여자의 성장기를 그린 이야기. 동명 스웨덴 드라마 원작"
1238,204241,"신성한, 이혼",드라마,KR,66.0,12.0,"이혼 전문 변호사의 파란만장한 이야기를 그린 작품으로, '이혼'이라는 삶의 험난한 길 한복판에 선 이들의 이야기. 강태경의 동명 웹툰 원작."
1239,203697,연예인 매니저로 살아남기,드라마,KR,65.0,12.0,"대한민국 최고의 스타들과 일하는 ‘프로 매니저’지만, 자기 인생에 있어서는 한낱 ‘아마추어’일 뿐인 사람들. 메쏘드엔터를 배경으로 그들의 일, 사랑, 욕망이 리얼하게 펼쳐진다!. 동명 프랑스 드라마 리메이크."
1240,83248,라바 아일랜드,드라마,KR,8.0,26.0,"월드스타 라바가 넷플릭스와 만났다! 더 커진 웃음, 더 새로운 친구들, 라바 사상 최초 ‘인간’의 등장까지! 뉴욕을 떠나 무인도에 불시착한 레드와 옐로우의 좌충우돌 생존기! 과연 그들은 무사히 집에 돌아갈 수 있을까?"
1241,65412,돌아와요 아저씨,드라마,KR,60.0,16.0,"일본 작가 아사다 지로의 츠바키야마 과장의 7일간이라는 작품을 원작으로, 쌈박하게 귀환한 저승동창생들의 이야기를 담은 휴먼 판타지 코믹드라마"
1242,80959,친애하는 판사님께,드라마,KR,35.0,32.0,"타인의 삶을 탐낸 자들의 유쾌한 최후! 비상한 두뇌, 훤칠한 외모. 모든 유전자를 똑같이 나눠 가졌으나 전혀 다른 삶을 사는 형제가 있다. 수호 & 강호. 양형 기준을 벗어난 판결이 단 한 번도 없는 ‘컴퓨터 판사’ 한수호가 사라졌다. 은근슬쩍 그 자리를 차지한 동생 한강호, 전과 5범을 거치며 쌓은 ‘실전법률’을 바탕으로 전례 없는 통 큰 판결을 시작한다.  更生 (갱생). 교도소에서 아침저녁으로 외치던 구호 갱생! 말 그대로 인생이 다시 시작됐다. 냉대 받던 전과자에서 친애하는 판사님으로, 인간 쓰레기에서 결혼 상대 1위로, 집안의 망나니에서 가문의 보배로. 그렇다고 예전의 내가 지금의 나로 완전히 바뀔 수 있을까. 어느 날 갑자기 내가 ‘무엇’이 된다면 모든 욕망이 채워질까? 그 욕망이 다 채워진다면 더 이상 결핍은 존재하지 않을까? 이 이야기는 타인의 삶을 탐낸 사람들이 자신의 삶을 찾아가는 과정이다."
1243,254389,천국보다 아름다운,드라마,KR,,12.0,80세의 모습으로 천국에 도착한 해숙이 젊어진 남편 낙준과 재회하면서 벌어지는 현생 초월 로맨스.
1244,110545,내일 지구가 망해버렸으면 좋겠어,드라마,KR,30.0,12.0,"국적, 다 다르다. 성격, 제각각이다. 외국인 학생들이 모인 한국의 한 대학 국제 기숙사. 이곳에서 그들은 우정을 쌓고, 사랑에 들뜨고, 세상을 배운다. 대부분 엉망진창 뒤죽박죽이지만?"
1245,95216,맛 좀 보실래요?,드라마,KR,35.0,124.0,"우리 집안에도 한두 명 있고, 우리 동네에서도 한두 번 본 적 있는 지극히 현실적인 인물들이 만들어가는 지극히 통속적인 이야기. 내 이야기 같고 내 가족의 이야기 같은 유쾌 발랄 가족 통속극"
1246,223489,하이쿠키,드라마,KR,,20.0,"한 입만 깨물어 먹어도 사람들의 꿈과 욕망을 이뤄주는, 위험한 수제 쿠키가 엘리트 고등학교를 집어삼키며 벌어지는 이야기를 담은 드라마로, 위험에 빠진 동생을 구하기 위해 직접 위험속으로 빠져 모험을 떠나야만 하는 한 여자의 이야기를 그린 하이틴 판타지 스릴러 드라마"
1247,86094,해치,드라마,KR,,48.0,"천한 무수리의 몸에서 태어난 왕자 연잉군 이금이 열정 가득한 과거 준비생 박문수, 사헌부 열혈 다모 여지, 저잣거리의 떠오르는 왈패 달문과 함께 힘을 합쳐 대권을 쟁취하는 과정을 담은 드라마"
1248,132544,"위대한 수업, 그레이트 마인즈",예능,KR,20.0,771.0,"2021년 8월 EBS에서 방영을 시작한 시사 교양 프로그램. 교육부, 국가평생교육진흥원과 EBS가 공동 기획한 이번 강연은 한국형 온라인 공개강좌(K-MOOC) 사업의 하나로, 코로나19 장기화에 계층간 지식 격차가 심화하고 소셜미디어를 통해 가짜 정보가 쏟아지는 가운데, 세계 최고 수준의 지식을 대중적으로 보급하자는 취지로 기획됐다. 노벨 경제학상에 빛나는 폴 크루그먼, 정의란 무엇인가의 마이클 샌델, 세계적 지휘자 겸 피아니스트 다니엘 바렌보임 등 지금 현재 세계를 이끌고 있는 지성들의 위대한 생각을 듣는다."
1249,249054,로맨틱 어나니머스,드라마,JP,,8.0,"누구와도 눈을 마주칠 수 없는 천재 쇼콜라티에와 누군가와 닿는 것조차 싫은 제과 회사 후계자. 그런데 어째서인지, 두 사람이 서로에게만은 거부 반응이 일어나지 않는다."
1250,203698,대행사,드라마,KR,70.0,16.0,대기업 광고대행사 최초로 여성 임원이 된 고아인이 최초를 넘어 최고의 위치까지 자신의 커리어를 만들어가는 과정을 그린 우아하게 처절한 오피스 드라마
1251,196561,용감한 형사들,예능,KR,75.0,186.0,국민의 안전한 일상을 지키기 위해 범죄와 싸우는 현직 형사들이 생생한 범죄 실화들을 공개한다. 실제 사건을 담당했던 형사들의 수사 일지를 기반으로 한 진짜 범죄 분석 예능이 시작된다.
1252,13733,발리에서 생긴 일,드라마,KR,60.0,20.0,"악착같은 욕망의 화신 수정,상처받은 남자 인욱,나약한 영혼의 소유자 재민,옛 사랑의 그림자를 잊지 못하는 여인 영주돈만이 유일한 가치로 남은 세상 속에서 진정 우리가 찾아야 할 가치는 무엇인지 네 젊은이들의 인생을 통해 짚어본다"
1253,282209,홈앤버튼,드라마,KR,5.0,8.0,"호기심 가득한 귀염둥이 강아지와 그 친구들. 사람들이 외출할 때면, 가장 좋아하는 장난감들과 함께 신나는 놀이 시간을 즐긴답니다."
1254,80919,서른이지만 열일곱입니다,드라마,KR,30.0,32.0,열일곱에 코마에 빠져 서른이 돼 깨어난 '멘탈 피지컬 부조화女'와 세상과 단절하고 살아온 '차단男'. 이들의 서른이지만 열일곱같은 애틋하면서도 코믹한 로코
1255,44573,바람의 화원,드라마,KR,56.0,20.0,"조선시대 가장 유명한 풍속화가 김홍도와 신윤복!! 김홍도는 '서당'과 '씨름'등의 생동감 넘치는 풍속화 뿐 아니라, 거대한 의궤(궁중의식을 기록한 그림), 수묵화, 그리고 자신의 노년을 사실적으로 그린 자화상에 이르기까지 다양한 그림을 남긴 역사상 가장 유명한 조선의 화가이다. 또한 세련된 필치로 남녀간의 애정을 다룬 그림으로 유명한 신윤복은, 그를 잘 모르는 사람들일지라도 그의 그림이 인쇄된 그림엽서나 달력 한 번 보지 못한 사람이 없을 정도로 현대에까지, 아니 현대에 와서 더욱 그 가치를 인정받고 있다. 여기까지가 두 사람에 대해 알려져 있는 사실이다. 그런데, 이 두 사람에게는 몇 가지 알려지지 않은 사실이 있다. 첫째, 두 사람은 도화서 화원 생활을 함께했던 동시대인이며, 둘째, 두 사람이 똑같은 주제를 두고 그린 그림이 여러 장 발견되고 있으며, 셋째, 두명의 천재화가 중 김홍도에 대한 자료는 풍부하게 발견되고 있는 반면, 신육복에 대한 자료는 거의 남아있지 않다는 것이다. 김홍도는 영조, 정조, 순조 세 임금의 총애를 받으며 오랫동안 권세를 누려왔지만 신윤복은 '속된 그림을 그려 도화서에서 쫓겨났다'는 풍문만을 남기고 역사 속에서 영원히 사라져 버렸다. 두 사람이 활동했던 18세기는 우리 역사상 그 어느 때보다 안정된 사회를 기반으로 문화가 화려하게 꽃피었던 시기다. 자신도 뛰어난 화가였던 정조의 적극적인 문예부흥과 개혁 바람을 바탕으로 전근대에서 벗어나 근대로 옮겨가는 긍정적 에너지가 가득하던 그 시기에, '기록된 자와 기록되지 않은 자' 김홍도와 신윤복이 있다. 도대체 이 두 사람에게 어떤 일이 있었던 것일까? 신윤복에 대한 기록은 왜 모조리 사라져 버린 것일까? 그러나, 다행이다. 그의 기록은 사라졌으나 그림만은 온전히 남아있다. 이제, 그의 그림을 찬찬히 들여다 보자. 조용히... 그림 속에서 목소리가 들리기 시작한다. 이 드라마는 바로 그 이야기이다. 그림 속에 은밀히 숨겨졌던 김홍도와 신윤복의 사랑 이야기."
1256,64300,못난이 주의보,드라마,KR,35.0,133.0,공준수의 가족을 위한 희생을 통해 서로의 상처를 보듬으며 성장해가는 진실한 가족의 사랑 이야기를 담은 드라마
1257,240591,연애 지상주의 구역,드라마,KR,40.0,8.0,"스물아홉 살인 태명하가 선배의 소설을 기반으로 만든 게임 연애 지상주의 구역에 열아홉 살 모습으로 떨어진 후 최애 캐릭터 차여운을 행복하게 만들라는 미션을 완성하기 위해 동분서주하는, 청춘 성장 러브 판타지 드라마."
1258,3852,연개소문,드라마,KR,49.0,100.0,"역사는 내일을 위한 어제의 이야기다. 역사의 이면에 함몰되어 있는 고구려는 우리 민족의 저력과 웅지를 가장 잘 대변했던 총강대국이었다. 광활한 대륙으로 영토를 넓혔던 광개토대왕. 수나라를 무너뜨린 을지문덕. 당태종 이세민을 무릎 꿇린 연개소문. 이들이 있었기에 고구려는 중국에 당당히 맞설 수 있었다. 그러나 신라가 당나라의 힘을 빌려 삼한을 축소 통일한 이후 고구려의 영웅들에 관한 역사는 왜곡되고 폄하되어 사라졌다. 특히 연개소문은 중국이 쓴 역사에 의해 철저하게 부정적으로 그려졌으며 우리의 역사서도 그들의 왜곡된 역사를 그대로 수용하는 어리석음을 범하고 있다. 작금의 현실은 더 심각하다. 중국은 동북공정이라는 역사기만을 획책하여 고구려 역사 없애기에 급급하고 있다. 이 드라마는 연개소문을 중심으로 그가 살았던 격동의 세월을 극화하여 우리 민족의 정체성을 확인하고 묻혀있는 고구려의 역사를 되살리고자 한다. 아울러 민족의 혼과 정기를 일깨워 세계를 향해 웅비할 수 있는 대한민국 미래의 비전을 제시하고자 한다.

 "
1259,215000,놀아주는 여자,드라마,KR,63.0,16.0,어두운 과거를 청산한 큰형님 ‘지환’과 아이들과 놀아주는 미니언니 ‘은하’의 반전충만 설렘충전 로맨스. 동명 웹소설 원작.
1260,254391,감자연구소,드라마,KR,75.0,12.0,산골짜기 감자연구소를 배경으로 한 병맛 로맨스 코미디 드라마로 약간 나사 빠진 어른들의 하나도 안 풋풋한 로맨스
1261,14731,마녀유희,드라마,KR,65.0,16.0,"일에는 성공했지만 사랑에서는 성공하지 못한 여자의 이야기를 그린 드라마. 맛있는 이야기, 그래서 더 행복한 드라마.

현재 상황은 완벽하지만 2% 부족한 아픔이 있는 커리어 우먼 마유희와 처한 상황은 열악하지만 꿈과 희망이란 열정이 있어 행복한 요리지망생 채무룡이 펼치는 좌충우돌 인생기. 여기에 일류 요리사를 꿈꾸는 무룡의 프랑스식 퓨전 요리가 만들어내는 맛있는 연애가 시작된다."
1262,117896,홍천기,드라마,KR,70.0,16.0,신령한 힘을 가진 여화공 홍천기와 하늘의 별자리를 읽는 붉은 눈의 남자 하람이 그리는 한 폭의 판타지 로맨스
1263,38861,49일,드라마,KR,65.0,20.0,"사고로 모든 것이 무너지고 혼수상태에 빠진 그녀에게, 하늘에서 내려온 사신이 두 번째 기회를 건넨다. 하지만, 거기에는 조건이 있는데."
1264,230024,혼례대첩,드라마,KR,,16.0,"조선 시대 청상부마와 청상과부가 만나 원녀, 광부 ‘혼례 대작전’을 펼치는 고군분투 중매 코믹멜로"
1265,155229,치얼업,드라마,KR,60.0,16.0,찬란한 역사를 뒤로하고 망해가는 대학 응원단에 모인 청춘들의 뜨겁고 서늘한 캠퍼스 미스터리 로맨틱 코미디
1266,258707,가족X멜로,드라마,KR,60.0,12.0,11년 전에 내다 버린 아빠가 우리 집 건물주로 컴백하며 벌어지는 피 튀기는 패밀리 멜로
1267,74286,달콤한 원수,드라마,KR,35.0,125.0,누명을 쓰고 살인자가 된 달님이 거짓 세상을 향해 통쾌한 복수를 그린 드라마
1268,122752,"아모르 파티 - 사랑하라, 지금",드라마,KR,35.0,120.0,"""가족이 전부인 여자 VS 성공이 전부인 여자"" 인생 2막 레이스에 뛰어든 극과 극 두 여자의 치열한 한판승부와 절망의 순간, 다시 일어서는 사람들의 인생 리셋 힐링 드라마"
1269,95066,초콜릿,드라마,GR,65.0,16.0,"이탈리아 세계요리대회 출신 셰프와 뇌 신경외과 의사가 서로를 보듬으며 호스피스들에게 요리를 선사하는 사랑의 휴먼드라마. 1992년 봄. 어린 강은 바다식당을 찾은 어린 차영에게 정성 어린 밥 한 끼를 대접한다. 요리사를 꿈꾸는 따듯한 소년과 행복해서 눈물이 난다는 순수한 소녀. 둘은 다시 만날 것을 약속하지만 안타깝게 엇갈리고 만다. 시간이 흐르고, 잘나가는 신경외과의가 된 강과 우연히 마주친 차영은 그가 어릴 적 첫사랑 소년임을 알아보고 설레는 마음을 감추지 못한다."
1270,63500,미세스 캅,드라마,KR,60.0,38.0,"경찰로는 백점, 엄마로선 빵점. 정의롭고 뜨거운 심장을 가진 경찰 아줌마의 활약을 통해 대한민국 워킹맘의 위대함과 애환을 그린 작품. 염창동 강간살인사건으로 세상이 떠들썩했던 2013년, 이 연쇄살인사건의 범인을 검거하기 위해 혈안이 되어있던 강력 5팀 팀장 영진은 오른팔 재덕과 함께 잠복수사 중 유력 용의자를 눈앞에 두게 된다. 그런데 하필이면 오늘이 하나뿐인 딸의 학예회! 빨리 오라며 재촉하는 동생 남진의 전화도 뒤로하고, 딸과의 약속마저 져버린 채 잡은 범인인데 뭔가 찝찝하기만 한데..."
1271,196526,트롤리,드라마,KR,60.0,16.0,과거를 숨긴 채 조용히 살던 국회의원 아내. 그녀의 비밀이 세상에 밝혀지며 부부가 마주하게 되는 딜레마와 선택에 대한 이야기를 그린 미스터리 딜레마 멜로 드라마
1272,205757,꽃선비 열애사,드라마,KR,60.0,18.0,"모든 고정관념을 타파한 하숙집 ‘객주 이화원’의 주인 윤단오와 비밀을 품은 하숙생 꽃선비 3인방이 13년 전 사라진 폐세손 이설을 찾기 위해 뭉친 이야기, 네 명의 청춘이 만들어내는 상큼 발칙한 미스터리 밀착 로맨스."
1273,250385,다리미 패밀리,드라마,KR,70.0,36.0,우연히 생긴 돈으로 주름이 펴지고 식구들이 주름 대신 꿈을 다림질 할 수 있다는 희망을 갖게 되는 가족블랙코미디극
1274,211705,비밀은 없어,드라마,KR,80.0,12.0,통제 불능 혓바닥 헐크가 된 아나운서 송기백이 열정 충만 예능작가 온우주를 만나며 겪게 되는 유치하고 발칙한 인생 반전 코믹 멜로 드라마
1275,224900,모래에도 꽃이 핀다,드라마,KR,64.0,12.0,팍팍한 현생을 살고 있는 왕년의 씨름 신동 김백두와 왕년의 골목대장 오두식이 재회하며 벌어지는 유쾌발랄 휴먼 로맨틱 코미디
1276,278904,단죄,드라마,KR,50.0,8.0,"어느 날, 피싱 사기로 부모를 잃은 무명 배우가 딥페이크 기술을 이용해 거대 보이스피싱 조직에 잠입한 뒤 그들을 일망타진 해나가는 복수극"
1277,50556,조강지처 클럽,드라마,KR,60.0,104.0,조강지처들이 남편들의 외도를 알고 복수를 하게 되는 이야기의 드라마
1278,40016,무사 백동수,드라마,KR,60.0,29.0,"조선 최고의 협객이자 풍운의 삶을 살았던 남자, 백동수의 민중의 검! 떠돌이 검객에서 최고의 무인이 되기까지의 짜릿한 이야기"
1279,88514,절대그이,드라마,KR,30.0,40.0,사랑의 상처로 차가운 강철심장이 되어버린 특수 분장사 다다와 빨갛게 달아오른 뜨거운 핑크빛 심장을 가진 연인용 피규어 제로나인이 펼치는 후끈후끈 말랑말랑 달콤 짜릿 로맨스
1280,24165,여인천하,드라마,KR,22.0,151.0,운명에 맞서 처절하게 살다 간 정난정의 파란만장한 일생을 그린 드라마
1281,87811,페르소나,드라마,KR,22.0,4.0,"2019년 4월 Netflix에서 방영을 시작한 옴니버스 드라마. 페르소나는 그리스 어원의 가면을 나타내는 말로 외적 인격 또는 가면을 쓴 인격을 뜻한다. 남극일기, 인류멸망보고서의 임필성. 미쓰 홍당무, 비밀은 없다의 이경미. 더 테이블의 김종관. 굿바이 싱글, 소공녀의 전고운 감독까지. 재능과 개성이 넘치는 4명의 감독, 그들이 만든 4편의 작품. 그 속에서 1명의 뮤즈가 4개의 페르소나로 변신한다. 영화는 4명의 감독이 아이유(이지은)를 해석하는 방향에 따라 이야기가 전개된다. 때론 귀엽게 때론 묘하게, 삶과 사랑을 이야기한다."
1282,43152,옥탑방 왕세자,드라마,KR,64.0,20.0,조선의 세자빈이 사망했다. 그녀를 깊이 사랑했기에 죽음에 숨겨진 비밀을 파헤치리라 다짐하는 왕세자. 그의 절실함에 하늘도 감명했던 것일까. 그가 300년의 세월을 날아 현대로 왔다. 그리고 여기에 세자빈과 똑같이 생긴 여인이 있다!
1283,129887,"지금, 헤어지는 중입니다",드라마,KR,64.0,16.0,‘이별’이라 쓰고 ‘사랑’이라 읽는 달고 짜고 맵고 시고 쓴 이별 액츄얼리
1284,246527,전현무계획,예능,KR,,102.0,"검색 No! 핫플 No! 전현무, 곽튜브의 지인, 그 지역 출신 연예인, 현지주민 혹은 이장님 등 철저히 남의 등에 업혀 무계획으로 가는 먹방 여행! 현지 주민, 식당 주인의 이야기를 담아내고, 동네의 맛을 오롯이 느끼는 길바닥 먹큐멘터리."
1285,135654,어게인 마이 라이프,드라마,KR,65.0,16.0,"대한민국 정치계의 절대 권력자 조태섭 의원을 수사하다 살해당한 검사 김희우. 죽음의 문턱에서 만난 저승사자가 준 기회를 잡고 새 삶을 얻게 되는데... 인생 2회차, 능력치 만렙 열혈 검사의 절대 악 응징기."
1286,47091,"그 겨울, 바람이 분다",드라마,KR,65.0,16.0,"유년시절 부모로부터 버려지고 첫사랑에 실패한 후 의미 없는 삶을 사는 남자와 부모의 이혼과 오빠와의 결별, 갑자기 찾아온 시각 장애로 외롭고 고단한 삶을 사는 여자가 만나 차갑고 외로웠던 그들의 삶에서 희망과 진정한 사랑의 의미를 찾아가는 이야기"
1287,45018,유령,드라마,KR,64.0,20.0,"인터넷, SNS 등 네트워크 세상의 파급력에 대한 경고를 담고 있는 사이버 수사물로 사이버 수사대원들의 활약을 담은 드라마."
1288,14527,모래시계,드라마,KR,60.0,24.0,"대한민국의 격동기였던 80년대를 배경으로 태수, 우석, 혜린이라는 3명의 젊은이를 통해 그 시대의 삶을 들여다 본 드라마"
1289,283645,미친맛집: 미식가 친구의 맛집,예능,KR,,68.0,한국과 일본을 대표하는 미식가 성시경과 마츠시게 유타카가 밥친구가 되어 서로의 추천 맛집을 공유한다.
1290,61890,"하이드 지킬, 나",드라마,KR,60.0,20.0,한 남자의 전혀 다른 두 인격과 사랑에 빠진 한 여자의 삼각로맨스를 다룬 로맨틱코미디
1291,90407,열여덟의 순간,드라마,KR,70.0,16.0,위태롭고 미숙한 'Pre-청춘'들의 세상을 있는 그대로 들여다보는 감성 청춘 드라마. 학교 폭력으로 한순간에 꼬여버린 학교생활. 그리고 떠나왔지만 꼬리표처럼 달린 온갖 사회의 선입견과 편견들. 또다시 도망간 곳에서 만나게 되는 악연과 인연. 그리고 첫사랑. 어떻게 되든 상관없는 인생이라고 생각했지만 자꾸만 스멀 스멀 살게 만드는 삶의 의지와 그것을 함께 견뎌나가는 준우의 친구들의 이야기
1292,32226,개인의 취향,드라마,KR,65.0,16.0,발칙한 가짜 게이와 연애 쑥맥 엉뚱녀의 대담하고 솔직 담백한 동거일기를 그린 트렌디 드라마다. 게이 남자친구를 사귀고 싶어하는 한 여자의 룸메이트가 되기 위해 졸지에 게이가 돼버리는 에피소드를 담은 작품이다.
1293,80942,꼬마탐정 토비와 테리,드라마,KR,24.0,20.0,"“나비로 변신한 애벌레”,“무지개는 왜 생기는 걸까?”, 어른들이 보기에는 평범한 일상도 아이들에게는 호기심을 자극하는 특별한 하루하루다.

일상 곳곳에 숨어있는 과학의 비밀을 꼬마탐정 토비, 테리와 찾아보자"
1294,224047,라바 패밀리,드라마,KR,21.0,26.0,라바 패밀리에 식구가 늘었어요! 아기 애벌레를 맞이한 레드와 옐로우. 덕분에 아기 키우는 법과 지독한 냄새가 나는 것들에 대해 많이 배우게 된답니다.
1295,253029,취하는 로맨스,드라마,KR,70.0,12.0,감정을 숨기는 게 당연한 ‘초열정’ 주류회사 영업왕 용주와 감정을 캐치하는 게 일상인 ‘초민감’ 브루어리 대표 민주의 설렘 도수 끌올 로맨스
1296,195747,그린마더스클럽,드라마,KR,69.0,16.0,초등커뮤니티의 민낯과 동네 학부형들의 위험한 관계망을 그리는 드라마
1297,107851,도시괴담,드라마,KR,10.0,8.0,"도시에 사는가? 그렇다면 도시괴담 하나 정도는 들어봤을 터. 평범한 일상에서 뭔가를 봤다는 이야기. 하지만 누구도 직접 본 적은 없다. 목격했다면 이미 이 세상 사람이 아닐지니. 볼 수 없는 것을 눈으로 확인할 기회, 지금뿐이다."
1298,89642,보좌관: 세상을 움직이는 사람들,드라마,KR,45.0,20.0,"스포트라이트 뒤에서 세상을 움직이는 리얼 정치 플레이어들의 위험한 도박. 권력의 정점을 향한 슈퍼 보좌관 장태준의 치열한 생존기를 그린 드라마. 정치에서 조명되는 사람은 의원이지만 그 뒤에는 수많은 보좌관들의 노력이 숨어있다. 음모와 암투가 판치고, 이권과 청탁이 오고 가며 배신과 보복이 난무하는 냉혹한 정치 세계. 권력을 쥐기 위해 누군가를 희생시키고 권력과 가깝다는 이유로 서로의 손을 잡고 어제의 동지가 오늘의 적이 되는 진흙탕 싸움 속에서 누구보다 치열한 삶을 살고 있는 그들의 이야기가 시작된다."
1299,83634,알함브라 궁전의 추억,드라마,KR,70.0,16.0,"투자회사 대표 유진우가 스페인 그라나다에 방문해 여주인공 정희주가 운영하는 오래된 호스텔에 묵으면서 기묘한 사건에 휘말리는 이야기를 그린 드라마. 저돌적인 투자회사 대표 진우. 익명의 AR 게임 개발자를 찾던 그는 그라나다까지 온다. 그곳에서 호스텔을 운영하는 희주. 둘이 만난 순간, 마법 같은 이야기가 시작된다. 그를 부른 건 마법이었을까, 운명이었을까."
1300,107442,사생활,드라마,KR,70.0,16.0,자칭 다큐 배우 부모 밑에서 밥 먹듯 사기를 치며 자란 모태 사기꾼 차주은. 부모와 달리 평범한 삶을 꿈꾸던 그녀의 인생은 정복기의 등장으로 180도 뒤바뀐다. 전혀 예상치 못한 순간에 복기와 맞닥뜨린 주은. 한손은 도와달라는 주은의 부탁에 급이 다른 싸움이라며 머뭇거린다. 하지만 포기란 없다. 기회는 단 한 번뿐. 주은은 갈고닦은 사기 내공을 발휘해 직접 다큐를 기획하는데...
1301,261902,마지막 썸머,드라마,KR,70.0,12.0,어릴 적부터 친구인 남녀가 판도라의 상자 속에 숨겨둔 첫사랑의 진실을 마주하게 되면서 펼쳐지는 리모델링 로맨스 드라마
1302,283650,주관식당,예능,KR,,19.0,"손님의 이야기가 요리가 되는 곳. 《흑백요리사》 최강록 셰프와 문상훈이 이야기를 듣고 세상에 단 하나뿐인 '주관식' 요리를 선보인다. 주문도, 요리도 모두가 주관식인 특별한 푸드 토크쇼."
1303,137520,불가살,드라마,KR,,16.0,"죽일 수도, 죽을 수도 없는 불가살(不可殺)이 된 남자가 600년 동안 환생을 반복하는 한 여자를 쫓는 슬프지만 아름다운 이야기"
1304,63787,엔젤 아이즈,드라마,KR,60.0,20.0,아픈 가족사 때문에 첫 사랑을 떠나보낸 남녀 주인공이 12년 후 재회하면서 벌어지는 이야기
1305,86546,눈이 부시게,드라마,KR,67.0,12.0,"""내 이름은 김혜자, 지극히 평범한 스물다섯 여자입니다."" 주어진 시간을 다 써보지도 못하고 잃어버린 여자와 누구보다 찬란한 순간을 스스로 내던지고 무기력한 삶을 사는 남자, 같은 시간 속에 있지만 서로 다른 시간을 살아가는 두 남녀의 시간 이탈 로맨스"
1306,211746,사랑의 이해,드라마,KR,75.0,16.0,"창립 99주년을 맞은 나라은행 영포점을 배경으로, 네 남녀의 발칙하고 속물적이고 사실적인 사내연애를 그린 연애 치정 느와르 드라마"
1307,69067,헤어진 다음날,드라마,KR,31.0,8.0,인디 밴드의 리더인 유탄은 뜻하지 않게 반복되는 시간 여행을 통해 여자친구를 불행한 운명에서 구해내야만 한다. 타임 슬립을 소재로 한 판타지 로맨스.
1308,136644,왜 오수재인가,드라마,KR,70.0,16.0,"‘살기 위해, 가장 위에서, 더 독하게’ 성공만을 좇다 속이 텅 비어버린 차가운 변호사 오수재와 그런 그녀를 지키기 위해서라면 무엇도 두렵지 않은 로스쿨 학생 공찬의 아프지만 설레는 이야기"
1309,97267,앨리스,드라마,KR,70.0,16.0,죽음으로 인해 영원한 이별을 하게 된 남녀가 시간과 차원의 한계를 넘어 마법처럼 다시 만나게 되면서 벌어지는 이야기
1310,68890,피고인,드라마,KR,60.0,18.0,딸과 아내를 죽인 누명을 쓰고 사형수가 된 검사 ‘박정우’가 잃어버린 4개월의 시간을 기억해내기 위해 벌이는 투쟁 일지이자 악인 ‘차민호’를 상대로 벌이는 복수 스토리
1311,254358,마왕의 딸로 태어났습니다,드라마,KR,5.0,70.0,"눈을 떠보니 잘생긴 마왕이 내 아빠?!

학교에서는 왕따를 당하고, 친척에게는 구박을 당하는 조아라.

사고로 인해 안타깝게 생을 마감하지만 정신을 차려보니 갓난아기 아이린이 되어있었다.

마왕 카라반은 자신의 아내가 아이를 낳다가 죽은 사실을 알고 이성을 잃어 아이를 죽이려 하지만,

아이의 눈이 아내와 꼭 닮은 것을 보고 이성을 되찾고 딸을 사랑하고 지키겠다고 맹세한다.

아이린은 행복한 인생 2회 차를 살게 되지만 여러 적들,

그리고 아이린의 전생과 관련된 사건들로 인해 피할 수 없는 운명이 다가오는데…."
1312,154891,우리는 오늘부터,드라마,KR,63.0,14.0,결혼 전 순결을 목숨처럼 지키던 오우리가 검진을 받던 중 의료사고로 인해 한 남자의 아이를 갖게 되면서 벌어지는 로맨틱 코미디 소동극
1313,38971,카인과 아벨,드라마,KR,65.0,20.0,"원을 둘러싼 권력으로부터 고립된 천재 의사로 인간의 존엄성을 찾고자 하는 동생과, 동생으로부터 아버지의 사랑과 의사로서의 능력, 사랑하는 사람마저 모두 빼앗기고 삶과 처절하게 싸우는 형의 운명적 갈등을 그리는 작품."
1314,94642,VIP,드라마,KR,60.0,16.0,"백화점 상위 1% VIP 고객을 관리하는 전담팀 사람들의 비밀스러운 프라이빗 오피스 멜로. 숨기고 싶은 비밀 하나 가지지 않은 사람이 있을까? 사람은 누구나 타인에게 자신의 취약함을 들키기 싫어한다. 상처를 감추고 싶은 본능. 그게 비밀이 만들어지는 메커니즘 중 하나다. 그리하여, 많은 비밀이 아픔을 동반한다. 이 드라마의 인물들 또한 그렇다. 겉으로 보기엔 아무 문제없이 잘살고 있는 것처럼 보이는 그들. 하지만 그들 한 켠엔 말 못할 비밀 하나씩이 자리 잡고 있다. 그리고 결국, 감추고 싶었던 비밀이 드러났을 때 아이러니하게도 그들은 비로소 공감과 위로를 얻게 된다. 진짜 서로를 이해하고 보듬게 된다. 그러니까 이 이야기는 비밀에 관한 이야기지만 결국 위로와 치유에 관한 이야기이기도 하다."
1315,40043,보스를 지켜라,드라마,KR,65.0,18.0,초짜 여비서가 초강력 불량 재벌 2세를 보스로 만나 벌어지는 달콤살벌 로맨틱 코미디 드라마다.
1316,38589,자명고,드라마,KR,70.0,39.0,고구려 초 낙랑공주와 호동왕자의 설화를 배경으로 한 사극으로 호동왕자를 사이에 둔 낙랑공주와 언니 자명공주의 삼각스캔들을 그려내는 대하사극 드라마
1317,154889,청춘월담,드라마,KR,64.0,20.0,하루아침에 일가족 살인사건의 범인으로 지목된 천재소녀와 미스터리한 저주에 걸린 왕세자의 이야기를 담은 드라마
1318,283647,도라이버,예능,KR,,74.0,지옥에서 돌아온 구개념 버라이어티
1319,227395,니돈내산 독박투어,예능,KR,,143.0,"여행의 모든 과정을 '복불복 게임'을 통해 진행해, 출연자 사비로 결제하는 초유의 리얼리티 여행 예능 프로그램"
1320,87527,첫사랑은 처음이라서,드라마,KR,,16.0,"스무 살 독립, 문란해질 준비는 끝났다. 화끈한 로맨스를 꿈꾸는 태오. 하지만 친구들이 각자의 사정으로 집에 쳐들어오면서, 기대하지 않았던 좌충우돌 동거가 시작된다. 도대체 어디까지가 우정이고 어디까지가 썸인건지. 첫 인생이라서 어렵고, 첫사랑이라서 서툰 생초보들이 한집에 모였다."
1321,62863,상류사회,드라마,KR,60.0,16.0,"황금 수저를 입에 물고 태어난 재벌딸과 황금사다리를 오르려는 개천용, 두 사람의 불평등한 계급 간 로맨스를 통해 진정한 사랑의 의미와 오포 세대 청춘들에게 희망의 메시지를 전하는 청춘 멜로 드라마다."
1322,131028,"서른, 아홉",드라마,KR,72.0,12.0,"마흔을 코앞에 둔 세 친구의 우정과 사랑, 삶에 대한 깊이 있는 이야기를 다루는 현실 휴먼 로맨스 드라마"
1323,63311,용팔이,드라마,KR,60.0,18.0,'장소불문 · 환자불문' 고액의 돈만 준다면 조폭도 마다하지 않는 실력 최고의 돌팔이 외과의사 '용팔이'가 병원에 잠들어 있는 재벌 상속녀 '잠자는 숲속의 마녀'를 만나며 벌어지는 이야기를 그리는 스펙터클 멜로드라마
1324,260565,코미디 리벤지,예능,KR,,6.0,지금 대한민국에서 가장 핫한 코미디언 18인이 또다시 치열한 웃음 배틀을 펼친다. 코미디 대부 이경규 팀이 주최하는 코미디 컴피티션. 물불을 가리지 말고 오직 세상을 웃게 하라!
1325,204062,"에덴, 본능의 후예들",예능,KR,65.0,16.0,"사랑에 빠지기 완벽한 EDEN HOUSE! 이곳의 규칙! 오직 마음이 끌리는 대로 움직일 것 끌림과 조건사이, 잠겨왔던 설렘이 지금 이곳에서 폭발한다! 에덴을 찾은 남자와 여자는 자신의 짝을 찾을 수 있을까?"
1326,85701,리갈하이,드라마,KR,60.0,16.0,"2019년 대한민국의 법(法)은 ‘코에 걸면 코걸이 귀에 걸면 귀걸이’다. 만인에게 평등하기 위한 법(法)의 그 포괄성과 모호성이 모순으로 작용하여 어떻게 해석하고 적용하는가에 따라 위험한 변수가 생기기 마련이고... 이를 너무도 잘 아는 법조인들은 ‘법’을 이용해 소위 ‘밥’ 좀 먹고 산다.

전(前) 판사, 검사 출신들로 이뤄진 거대로펌들은 현(現) 판사, 검사에게 줄을 대서 법정을 짜고 치는 머니게임장으로 만든 지 오래다. 모두가 알고 있지만, 아무도 아는 척 하지 않는 현실을 변호사 괴태를 통해 뻔뻔스럽고 과장되게 보여주고자 한다.

“ 양심 먼저 버리는 놈이 이기는 거야!!

수임료 입금되면 양심 따위 다시 사오면 되거든..”

업계 최고가 수임료로 ‘앞’ 통수 후려치고. 승소를 위해서라면 모든 수단과 방법을 동원해 ‘뒤’ 통수 후려치는. 학연, 지연, 선후배 예우 따위 깡그리 무시하고 검찰과 법원의 권위를 배꼽잡고 비웃는 드라마에서만 볼 수 있는 오만방자한 매력의 슈퍼 악동 변호사를 그려 보고 싶었다.

웃자! 웃자! 웃자!

법(法) 때문에 웃지 말라는 법 없지 않은가?

법(法) 으로 장난치지 말란 법 없지 않은가?"
1327,74831,이판사판,드라마,KR,35.0,32.0,오빠의 비밀을 밝히려는 법원의 자타 공인 '꼴통 판사' 이정주와 그녀에게 휘말리게 된 차도남 엘리트 판사 사의현의 이판사판 정의 찾기 프로젝트
1328,240942,이토록 친밀한 배신자,드라마,KR,71.0,10.0,"국내 최고의 프로파일러가 수사 중인 살인사건에 얽힌 딸의 비밀과 마주하고, 처절하게 무너져가며 심연 속의 진실을 쫓는 부녀 스릴러"
1329,318167,유재석 캠프,예능,KR,,10.0,"초보 캠프장 유재석과 예측 불가 직원 이광수, 변우석, 지예은이 숙박객들과 떠들어 재끼고, 놀아 재끼고, 까불어 재끼며 일상 탈출을 완성하는 단체 캠프 예능"
1330,62265,풍문으로 들었소,드라마,KR,60.0,30.0,제왕적 권력을 누리며 부와 혈통의 세습을 꿈꾸는 대한민국 초일류 상류층의 속물의식을 통렬한 풍자로 꼬집는 블랙코미디 드라마
1331,240622,DNA러버,드라마,KR,70.0,16.0,수많은 연애를 실패한 유전자 연구원 한소진이 마침내 유전자를 통해 자신의 짝을 찾아가는 오감발동 로맨틱 코미디
1332,47322,"장옥정, 사랑에 살다",드라마,KR,65.0,24.0,"궁중 여인들의 식상한 암투 이야기가 아닌 숙종 이순의 정치적 카리스마와 절대 사랑, 그리고 전문적 궁중 직업인으로서 신분의 굴레를 뛰어넘고자 했던 여성 장옥정의 이야기를 재조명한 드라마"
1333,60144,서동요,드라마,KR,60.0,55.0,역사상 가장 극적이고 화려한 인생을 살아간 삼국시대 백제왕국 30대 임금인 무왕의 이야기를 다룬 드라마
1334,136699,글리치,드라마,KR,,10.0,"홍지효의 주변에는 오래전부터 외계인이 어슬렁거려 왔다. 애인이 실종되는 사건이 벌어지자 홍지효는 미스터리 동호회를 찾아 사건의 실마리를 찾으려 하고, 거기에서 중학교 동창 허보라를 만난다. 둘은 이제 기막힌 모험을 시작한다."
1335,208266,세잎클로버,드라마,KR,,16.0,여공 강진아가 자신을 사랑할 준비가 된 남자 윤성우와 여자를 길들이고 싶어하는 남자 류세형 사이에서 진정한 사랑의 의미를 찾는 이야기
1336,132171,모범가족,드라마,KR,45.0,10.0,돈이 절실히 필요한 대학 강사가 우연히 마약 조직의 거금을 손에 넣는다. 파탄 직전에 이른 가족을 구할 유일한 방법은 이제 마약 운반책이 되는 것뿐이다.
1337,3257,요조숙녀,드라마,KR,60.0,16.0,"변하지 말아야 할, 변해선 안될 가치들이 변하고 있다. 사랑도 마찬가지이다. 물질과 돈, 사회적 지위가 사랑의 척도로 변해 버린지 오래다. 진정한 사랑의 의미는 어디론가 숨어버렸다. 드라마 <요조숙녀>는 숨어버린 사랑의 의미를 둘러싼 남녀의 범상치 않은 러브스토리다. 사랑은 곧 돈이라고 생각하며, 요란하고도 속물적인 사랑의 모험을 펼쳐나가는 여자… 현실적으로 보잘 것 없지만 가슴속에 별과 같은 사랑을 품고 사는 남자… 미워할 수 없는 여자와 사랑하기 힘든 남자의 밀고 당기는 사랑의 한판 승부를 통해 사랑의 진정한 가치를 이야기하고자 한다."
1338,79321,시크릿 마더,드라마,KR,35.0,32.0,"아들 교육에 올인한 강남 열혈맘의 집에 의문의 입시 보모가 들어오면서 벌어지는 워맨스 스릴러로, 적인지 동지인지 모를 두 여인의 시크릿한 우정과 위기가 예측불허하게 펼쳐진다."
1339,223487,여행을 대신해 드립니다,드라마,KR,61.0,10.0,인생에서 한 번도 센터였던 적 없는 아이돌 출신 여행 리포터가 의뢰받은 여행들을 대신해 주며 진정한 성공과 삶의 의미를 깨달아 가는 과정을 그린 본격 힐링 트립 감성 드라마
1340,20588,쩐의 전쟁,드라마,KR,60.0,16.0,"돈 때문에 모든 것을 잃은 나라. 돈을 많이 벌겠다고 결심한 그는 사채업자 마동포 밑에서 일하게 된다. 하지만 마동포가 아버지를 죽인 장본인이라는 걸 알게 되고, 복수의 계획을 세운다."
1341,31607,가문의 영광,드라마,KR,70.0,54.0,"자신을 사랑해야 사는 게 의미 있어지고, 반듯해 질 수 있다고 믿는 한 사람이 일궈낸 많은 사연들을 그린 드라마"
1342,129047,신발 벗고 돌싱포맨,예능,KR,,213.0,"행복에 목마른 네 남자의 토크쇼!

무언가 결핍되어 있고 어딘가 삐딱한 네 남자! 돌싱포맨!

상실과 이별, 그리고 후회가 가득했던 지난 날은 잊어라!

누구보다 행복에 목말라 있는 이들이, 자신들의 집으로 손님을 초대한다!

""일단 신발부터 벗어보슈~""  무장해제한 게스트들의 솔직 담백한 이야기와 어딘가 삐딱한 돌싱포맨의 반응이 남다른 케미를 발산!

행복에 목마른 네 남자는 과연 행복에 대한 답을 찾을 수 있을까?"
1343,84371,강남스캔들,드라마,,35.0,125.0,"엄마의 수술비를 벌기 위해 철부지 재벌 상속남을 사랑하는 척했던 여자가 그 남자를 진짜로 사랑하게 되는 이야기로, 재벌의 민낯과 그들의 변화를 통해 사랑의 소중함을 알리는 좌충우돌 눈물 로맨스 드라마"
1344,136368,도적: 칼의 소리,드라마,KR,,9.0,무법천지의 땅 간도에 모여든 거친 도적들. 소중한 조국과 사랑하는 사람을 지키기 위해 물불을 가리지 않고 싸운다. 설령 목숨을 거는 한이 있더라도.
1345,79991,라이프,드라마,KR,60.0,16.0,"2018년 7월 JTBC에서 방영을 시작한 메디컬 드라마. 34개의 진료과목과 2,000개 규모의 병상을 갖춘 상국대학병원은 60년이 넘는 시간 동안 수많은 환자들과 의료진을 품은 유기체로 이 땅에서 숨 쉬고 있다. 어느 날 이곳에 의사가 아닌 재벌그룹 출신의 전문경영인이 병원 사장으로 오게 된다. 환자와 의료진으로만 이뤄졌던 상국대병원의 새로운 지배자인 셈. 여기에 한 청년의사가 반응한다. 지금껏 조용히 제 일만 하던 그는 자리에서 일어나 사장이 던진 돌을 집어 힘껏 되던진다. 둘의 격렬한 면역반응은 하루 8천 명의 환자가 드나드는 거대 의료기관을 어디로 끌고 갈까?"
1346,33364,커피하우스,드라마,KR,65.0,18.0,까다로운 취향을 가진 소설가 진수가 이 세상에서 유일하게 자신의 커피 취향을 맞춰주는 친구 은영과 맛없는 커피를 만드는 꼴통 비서 승연과 벌이는 연애 이야기
1347,97220,아무도 모른다,드라마,KR,65.0,16.0,"한 소년이 호텔 옥상에서 추락해 혼수상태가 된다. 모두가 자살이라 결론 내린 소년의 추락에 두 사람이 의문을 가진다. 추락한 소년 고은호의 윗집에 사는 광역수사대 형사 차영진. 그리고 은호의 담임 선생 이선우. 사회 통념상 은호와 ‘아무 것도 아닌’ 두 사람이 소년의 추락 사건을 자신들만의 방식으로 집요하게 쫓는다. 소년에 대한 각자의 죄책감과 책임감을 동력 삼아 아무런 대가도 없는 위험한 게임에 뛰어든다. 영진과 선우는 ‘좋은 어른’은 못 되어도, 적어도 ‘나쁜 어른’은 되지 않으려 필사적으로 노력하며 ‘나쁜 어른들’과 맞선다."
1348,35919,하늘이시여,드라마,KR,60.0,86.0,"남편과 사별한 뒤, 아기 때 입양 보낸 딸을 찾아 나선 여자. 이제는 성인이 된 딸과 다시 가까워지기 위해 자신의 의붓아들과 다리를 놓아주려고 한다."
1349,196907,결혼백서,드라마,KR,35.0,12.0,연애의 행복한 결말은 프러포즈 아니던가. 하지만 이 커플에게 프러포즈는 끝이 아닌 시작. 결혼 준비라는 힘겨운 전쟁의 서막이었다.
1350,260566,최강럭비: 죽거나 승리하거나,예능,KR,,14.0,"럭비의 불모지 대한민국. 그 척박한 땅을 딛고 끝없이 전진하는 일곱 팀이 치열한 전쟁에 돌입한다. 힘과 전략, 팀워크를 겨루는 승부 끝에 우승 트로피를 차지할 단 한 팀은 누구인가."
1351,96161,"우리, 사랑했을까",드라마,KR,70.0,16.0,"14년차 생계형 독수공방 싱글맘 앞에 나쁜데 끌리는 놈, 짠한데 잘난 놈, 무서운데 섹시한 놈, 어린데 설레는 놈이 나타나며 펼쳐지는 사남(4男)초가 리부팅 로맨스. 영화사 엄지필름 PD이자 ‘14년차 싱글맘’인 애정. 어느 날, 믿었던 회사 대표에게 보증사기를 당해 뒤집어쓴 빚만 10억! 회사에 남은 거라곤 어느 무명 소설가의 판권 계약서뿐. 그런데 이 작품이 세계 3대 문학상을 수상한 천억만의 데뷔작? 대부업체 사장 파도는 애정에게 천억만과 톱스타 류진을 데려오는 조건으로 빚 청산과 100억 영화 투자를 약속하는데..."
1352,138663,미남당,드라마,KR,65.0,18.0,전직 프로파일러 출신의 가짜 박수무당의 좌충우돌 미스터리 코믹 수사극.
1353,112834,너를 닮은 사람,드라마,KR,70.0,16.0,"성공한 화가가 되어 남부럽지 않은 인생을 사는 여자. 그리고 그 여자와의 만남으로, 찬란했던 삶의 빛을 잃은 여자. 이 두 여자가 다시 만난 순간, 모든 것이 뒤틀리기 시작한다."
1354,132603,나쁜 기억 지우개,드라마,KR,,16.0,기억 지우개로 인생이 바뀐 남자와 그의 운명을 쥔 여자의 자양긍정 대환장 착각 관찰 로맨스이자 사랑으로 진정한 자아를 찾게 되는 성장드라마
1355,71250,언니는 살아있다,드라마,KR,60.0,68.0,"한날한시에 사랑하는 사람을 잃은 세 여자의 자립갱생기로, 여성들의 우정과 성공을 그린 드라마"
1356,87188,빅이슈,드라마,KR,30.0,32.0,"연예인. 누군가의 첫사랑, 누군가의 워너비, 누군가의 별, 그리고 누군가의 가족, 누군가의 아픈 손가락. 희망에 고문당하고 악마에 저당 잡힌 영혼들로 피어난 악인의 꽃밭에서 불편한 진실을 들추어내는 파파라치 이야기."
1357,61173,너희들은 포위됐다,드라마,KR,60.0,20.0,강남경찰서를 배경으로 한 청춘 성장 로맨스 수사물. 단 한 번도 형사를 꿈꿔본 적 없는 4명의 1년 차 신입 형사들과 이들을 도맡게 된 명실상부 최고의 수사관인 강력반 팀장의 성장드라마
1358,63203,끝없는 사랑,드라마,KR,60.0,37.0,"1980년대의 삶을 살아가는 당시 사람들의 꿈과 야망, 사랑을 다룬 드라마"
1359,94425,모두의 거짓말,드라마,KR,60.0,16.0,"아버지의 갑작스런 죽음 이후 실종된 남편을 구하기 위해 국회의원이 되는 여자와 그녀와 함께 진실을 좇는 형사의 이야기를 그린 드라마. 하루아침에 아버지를 잃은 서희 앞에 나타난 담당 형사 조태식은 용의자로 그녀의 남편을 지목하고 있다. 하지만, 그것도 잠시였을 뿐. 두 사람 앞에는 한 치 앞을 내다볼 수 없는 기괴한 사건이 벌어지기 시작하는데..."
1360,129383,편먹고 공치리,예능,KR,68.0,66.0,필드 위 진정한 '내 편'을 찾아 떠나는 기상천외 골프예능! 이제 뻔한 골프 말고 내 편하고 FUN하게~ 편먹고 공치리!!
1361,125350,이 구역의 미친 X,드라마,KR,35.0,13.0,"분노조절 0%의 미친X 노휘오와 분노유발 100%의 미친X 이민경, '이 구역의 미친 X'를 다투는 두 남녀가 펼쳐내는 과호흡 유발 코믹 로맨스"
1362,209751,법쩐,드라마,KR,63.0,12.0,"'법'과 결탁한 '쩐'의 카르텔에 맞서기 위해, 모든 것을 내걸고 거침없이 싸우는 '우리 편'의 이야기를 다룬 통쾌한 복수극."
1363,44094,대풍수,드라마,KR,65.0,35.0,국운이 쇠한 고려 말 권력의 주변에 있던 도사들이 난세의 영웅인 이성계를 내세워 조선을 건국하며 벌어지는 이야기를 다룬 팩션 사극.
1364,36294,프라하의 연인,드라마,KR,22.0,18.0,여자친구 혜주의 잠적 이별 통보에 프라하로 향한 말단 형사 상현. 영어도 잘 통하지 않는 프라하에서 소매치기를 당한 상현은 마침 지나가던 대통령의 딸이자 외교관인 재희에게 도움을 요청한다.
1365,61157,쓰리 데이즈,드라마,KR,70.0,16.0,대한민국 대통령이 휴가를 보내던 중 돌연 실종된다. 그러자 경호원이 제한된 시간 안에 대통령을 구하기 위해 일촉즉발의 미션에 나선다.
1366,67592,우리 갑순이,드라마,KR,60.0,61.0,우리 시대 결혼과 부부의 삶을 긍정적으로 그려갈 가족 드라마
1367,195745,클리닝 업,드라마,KR,60.0,16.0,우연히 듣게 된 내부자거래 정보로 주식 전쟁에 뛰어든 증권사 미화원들의 예측불허 인생 상한가 도전기
1368,66122,딴따라,드라마,KR,60.0,18.0,"‘딴따라’는 연예계 종사하는 사람들을 낮잡아 부르는 말이다. 그러나 낮잡아 부를 수 있을까. 우리 인생 안에서 딴따라의 정서는 없는 것인가. 회식을 할 때도 가족 모임이 있을 때도 “노래 한 곡 뽑아 보자” 라 흥을 돋우지 아니한가. 힘든 일터에서도 라디오 등을 통하여 음악을 곁에 두지 아니한가 말이다. 우리 인생에 흥도 주고 슬픔도 달래주는 음악을 제공해 내는 이들. 그 또한 치열한 산업이다. 그 치열함 속에 ‘비정함’ 과 ‘냉혹함’ 이 있을 것이고, 또한 ‘온정’과 ‘진정성’도 공존할 것이다. 한 남자는 ‘비정함’과 ‘냉혹함’으로 딴따라 업계 최고의 자리까지 올라선다. 그리고 다시 바닥으로 떨어진다. 그가 다시 정상으로 가고자 할 때...  이제는 ‘온정’과 ‘진정성’을 동력으로 하여 전진한다."
1369,64176,세 번 결혼하는 여자,드라마,KR,60.0,40.0,한 어머니와 두 딸의 집안을 중심으로 펼쳐지는 이야기
1370,40376,백야 3.98,드라마,KR,,20.0,"북한 장교와 대한민국 요원, 그리고 소련 과학자의 딸. 냉전 이데올로기가 무너진 세상에서 세 사람의 인생이 얽히기 시작한다."
1371,273520,취미는 과학,드라마,KR,,76.0,"과학은 취미가 될 수 없나요?

양자역할, 프랙털, 엔트로피, 상대성이론, 유전자 가위, 블랙혹, AI

더 똑똑해지지 않으면 궁핍해지는 시대, 삶의 뾰족한 궁리를 찾는 사람들에게 새 취미를 권합니다."
1372,51236,원더풀 마마,드라마,,,48.0,"잘 나가는 사채업자인 한 어머니가 치매 환자가 된 뒤, 세 자녀와 풍랑을 헤쳐나가는 이야기"
1373,230924,낮에 뜨는 달,드라마,KR,60.0,14.0,사랑하는 연인에게 살해당한 뒤 시간이 멈춰버린 남자와 전생의 기억을 잃고 한없이 흘러가버린 여자의 위험하고 애틋한 환생 로맨스. 헤윰의 동명 웹툰 원작
1374,139280,퀸메이커,드라마,KR,,11.0,"재계의 해결사로 승승장구하던 여자. 비극적 사고를 겪은 후, 어느 인권 변호사를 차기 시장으로 만들기 위해 과거에 모시던 고용주 일가와 대적한다."
1375,285872,허식당,드라마,KR,50.0,10.0,신묘한 글솜씨와 뛰어난 미적 감각을 갖춘 천재 허균은 본의 아니게 400년 뒤의 현대로 타임슬립 한다. 음식에 대한 남다른 애정을 가지고 있던 그는 식당 주인 은실을 만나 함께 식당을 운영하기 시작한다.
1376,87313,보건교사 안은영,드라마,KR,,6.0,언뜻 보면 모두가 행복한 고등학교다. 그녀의 눈에만 보이는 찐득한 젤리와 악귀만 없다면. 학생들을 지키기 위해 플라스틱 칼을 든 보건교사 안은영. 오늘도 해치워 버려!
1377,79076,훈남정음,드라마,KR,35.0,32.0,사랑을 거부하는 비연애주의자 '훈남'과 사랑을 꿈꾸지만 팍팍한 현실에 연애포기자가 된 '정음'이 연애불능 회원들의 솔로 탈출을 도와주다가 사랑에 빠져버린 코믹 로맨스
1378,95231,검사내전,드라마,KR,65.0,16.0,"여기, 이 검사들을 보라. 검찰총장이 몇 번을 바뀌도록 한 번을 찾아주지 않았다는 이 곳. 남해안 어드메에 위치한 진영지청이다. 어제는 굿 값을 떼어 먹은 혐의로 건장한 무당청년을 조사했는데, 오늘은 연적의 집 대문에 소똥을 뿌린 80대 어르신을 피의자로 앉혔다. 검사실 창밖 너머로 속절없이 아리따운 바다를 보고 있자면 ‘야망이라는 건 먹는 건가?’부터 ‘내 검사 생활 이대로 괜찮은가?’까지. 별별 생각이 다 들 법도 하지만. 정의가 별건가. 아침부터 저녁까지 충실히 하루를 마치고 퇴근할 때 뿌듯하면 됐다. 사건을 해결하고 피해자에게 감사 인사를 받는 것으로 충분하다. 내 자리에서 내 할일 제대로 했다는 자부심을 갖고 또 하루를 살아가면 된다. 검사내전은, 화려한 일부 검사들의 그늘 아래에 가려져 이제까지 빛을 보지 못한 대부분의 형사부 검사들에 대한 이야기다. 내 방 안의 손바닥만 한 정의라도 지키려고 매일 고군분투하는 검사들의 전쟁일지다. 결국엔 검사인 그들과 내가 크게 다르지 않다는 것을 느끼게 되는, 지방 검사들의 인간미 넘치는 좌충우돌 근무기다."
1379,45225,부탁해요 캡틴,드라마,KR,68.0,20.0,열정과 패기 넘치는 부조종사 한다진이 최연소 캡틴의 자리에 오른 김윤성의 혹독한 훈련을 거쳐 진정한 파일럿으로 성장하는 모습을 그린 항공 드라마.
1380,34510,성균관 스캔들,드라마,KR,66.0,20.0,"조선 시대의 한 소녀 가장은 대리시험 일을 맡았다가 남자만 입학할 수 있는 성균관에 남장을 하고 다니게 되는데... 정은궐의 베스트셀러 소설 '성균관 유생들의 나날'을 원작으로 한, 성균관을 주 무대로 하는 조선시대 캠퍼스 청춘 사극 드라마."
1381,132997,Tobot Galaxy Detectives,드라마,,,120.0,
1382,14052,연인,드라마,KR,,20.0,중국 하이난(海南)섬의 한 리조트에서 만난 인간적인 조폭두목과 그에게 빠진 성형외과 의사의 사랑 이야기
1383,91125,모두 다 쿵따리,드라마,,35.0,99.0,미국에 입양 후 처음 오게 된 고향 쿵따리 마을에 정착하게 되며 벌어지는 좌충우돌 시골 적응기
1384,70404,사랑에 미치다,드라마,KR,59.0,16.0,사랑하는 연인을 잃은 항공엔지니어 진영이 세월이 지난 뒤 연인을 죽게 한 남자를 우연히 만나 사랑하게 되면서 벌어지는 일들을 그린 드라마
1385,31371,스타일,드라마,KR,,16.0,패션업계를 배경으로 20~30대 젊은이들의 일과 사랑을 트렌디하게 그린 작품으로 백영옥 작가의 소설'스타일'을 원작으로 한 드라마이다.
1386,44821,신의,드라마,KR,64.0,24.0,"고려 시대의 무사, 현대 여의사의 시공을 초월한 사랑과 진정한 왕을 만들어 내는 과정을 그린 드라마"
1387,32784,나쁜 남자,드라마,KR,60.0,17.0,《나쁜 남자》는 2010년 5월 26일부터 8월 5일까지 SBS에서 방송된 17부작 드라마 스페셜이다. 치명적인 매력으로 자신의 욕망을 위해 거침없이 질주하는 한 남자의 사랑과 야망을 그린 드라마이다. 
1388,219465,지구마불 세계여행,예능,KR,90.0,39.0,"[ENA x TEO 첫 예능 프로젝트] 주사위 던져 떠나는 세계여행, 던져서 세계 속으로! <지구마불 세계여행> 여행 크리에이터 3대장 빠니보틀(빠니보틀 Pani Bottle), 곽튜브(곽튜브KWAKTUBE), 원지(원지의 하루)가 김태호PD가 설계한 세계여행 브루마블 게임에 참여해 주사위에 운명을 맡기며 총 3주간의 여행기간 동안 지구 5바퀴에 해당하는 거리를 여행한다."
1389,74997,불한당,드라마,KR,60.0,16.0,여자들을 이용해 살아온 나쁜 남자와 싱글맘의 사랑이야기를 그린 드라마
1390,72764,조작,드라마,KR,30.0,32.0,"타블로이드지의 문제적 기자와 유력 언론사 출신의 저널리스트, 그리고 강력부 검사. 5년 전 그들의 인생을 뒤흔든 사건의 진실을 파헤치기 위해 손을 잡는다."
1391,28161,라이벌,드라마,KR,65.0,20.0,"골프를 소재로 두 여자의 일과 사랑, 성공과 좌절을 그린 드라마"
1392,46578,신기생뎐,드라마,KR,60.0,69.0,역사의 뒤안길에 사라진 기생 문화가 현존한다는 전제 속에 부용각에서 펼쳐지는 삶과 사랑의 이야기
1393,14351,올인,드라마,KR,60.0,24.0,서로 다른 환경에서 태어난 주인공 두 남자가 마침내 각자 삶의 전부를 걸고 최후의 승부를 벌이는 이야기를 담은 드라마
1394,18376,황금신부,드라마,KR,,64.0,베트남에서 시집 온 누엔진주와 그녀의 가족을 둘러싼 이야기를 담은 드라마
1395,59603,출생의 비밀,드라마,KR,70.0,18.0,해리성 기억장애로 사랑하는 남자와 아이에 대한 기억을 잃은 여자의 딜레마와 천재 딸을 대하는 무식한 아버지의 눈물 어린 부성애를 그린 드라마.
1396,32824,그대 웃어요,드라마,KR,70.0,45.0,갑자기 몰락한 건설회사 재벌 집안이 수십년간 일해온 자가용 기사의 집에 얹혀 살게 되면서 벌어지는 에피소드를 그린 가족 드라마다.
1397,203552,최강야구,예능,KR,110.0,139.0,Win or Nothing. 오직 승리만을 추구하는 사상 최강의 야구팀이 탄생했다. “우리보다 최강인 팀은 절대 없을 겁니다” 프로야구팀에 대적할만한 11번째 구단 ‘최강 몬스터즈’와 전국의 야구 강팀이 펼치는 양보 없는 대결! 야구에 미친 자들의 모든 걸 건 진짜 승부가 시작된다.
1398,261487,정글밥,예능,,100.0,20.0,K-집밥 마스터 류수영과 정글 식재료의 뜨거운 한판 승부! 원시 부족의 야생 식문화를 직접 체험하고 한식 문화를 정글 구석구석 전파하는 글로벌 식문화 교류기
1399,299124,퍼스트레이디,드라마,KR,67.0,12.0,대통령에 당선된 남편이 장차 퍼스트레이디가 될 아내에게 이혼을 요구하는 초유의 사건이 벌어지면서 펼쳐지는 이야기
1400,62609,수상한 가정부,드라마,KR,70.0,20.0,"기러기 아빠의 불륜과 엄마의 죽음.

엄마의 부재 속에 입시 경쟁에 무력하게 내몰린 아이들의 방황.

승자가 아니면 도태되고 마는 치열한 사내 경쟁과 음모.

모든 것이 사랑하는 자식을 위한 선택이었고, 사랑하는 가족을 위한 헌신이었건만 그 결과는 궁극적으로 바라던 가족의 ‘행복’과는 점점 멀어 지기만 한다.

어딘가 조금씩 비틀려 있는 가족들은 악에 받힌 극단적인 업무 명령을 지시하고 복녀는 무덤덤하게 ‘하명’을 수행한다.

아이러니하게도 복녀의 극단적인 행동과 선택은 가족의 참 의미를 깨닫게 만든다.."
1401,325828,도깨비 10주년 여행,예능,KR,,4.0,"드라마 도깨비 방영 10주년을 맞아 공유, 이동욱, 김고은, 유인나가 다시 모여 특별한 여행을 떠난다. 출연진은 작품의 상징적인 장소들을 찾아가며 추억을 되새기고, 지난 10년을 돌아보는 진솔한 이야기를 나눈다."
1402,243149,더 인플루언서,예능,KR,,7.0,"유튜브, 틱톡, 인스타그램 등의 소셜 플랫폼을 대표하는 인플루언서 77인이 한데 모였다! 치밀한 전략으로 가장 많은 관심을 끌어야 하는 대결. 최고의 인플루언서를 가리는 소셜 서바이벌이 펼쳐진다."
1403,70117,초인가족 2017,드라마,KR,60.0,40.0,"이 시대를 살아내고 있는 우리 모두는 '초인'이라는 주제 아래, 평범한 회사원, 주부, 학생들의 이야기를 웃음과 감성, 풍자를 통해 그린 미니 드라마."
1404,112322,날아라 개천용,드라마,KR,65.0,20.0,억울한 누명을 쓴 사법 피해자들의 목소리를 세상에 대변하는 두 남자의 뜨거운 이야기
1405,270873,시골에 간 도시 Z,예능,,60.0,8.0,도시에서 온 Gen-Z 대표 연예인들이 시골 생활을 하며 시골Z로 거듭나는 리얼 ‘힙트로’ 버라이어티
1406,222425,끝내주는 해결사,드라마,KR,80.0,12.0,대한민국 최고의 이혼 해결사가 의뢰인의 문제적 결혼 생활에 대신 종지부를 찍어주는 ‘나쁜 배우자’ 응징 솔루션을 담은 이야기.
1407,214744,시크릿 쥬쥬 베스트 프렌즈,드라마,KR,14.0,30.0,"호기심 소녀 쥬쥬, 천재프로그래머 리나, 여자축구선수 베키, 요리왕 마고, 패션스타일리스트 케이가 만나 본인을 둘러싼 갈등, 걱정, 고민들을 함께 해결해나가고 그 과정에서 서로의 다름을 존중하고, 공감하고, 이해하는 관계로 성장해나가는 이야기"
1408,61613,모던파머,드라마,KR,65.0,20.0,"농촌으로 귀농하게 된 4명의 록밴드 멤버들의 유기농처럼 맑고 청정한 꿈과 사랑, 우정 이야기를 유쾌하게 그려나가는 휴먼 코미디 드라마"
1409,35034,해피투게더,드라마,KR,,16.0,"부모님의 죽음으로 뿔뿔이 흩어졌던 다섯 형제가 어른이 되어 다시 모이게 된다. 하지만, 행복한 재회를 하기엔 너무 많은 시간이 흘러버린 걸까?"
1410,134071,너의 밤이 되어줄게,드라마,KR,70.0,12.0,"몽유병을 앓고 있는 월드스타 아이돌과 비밀리에 이를 치료해야 하는 신분 위장 입주주치의의 달콤 살벌한, 멘탈 치유 로맨스!"
1411,108146,경우의 수,드라마,KR,70.0,16.0,"10년에 걸쳐 서로를 짝사랑하는 여자와 남자의 리얼 청춘 로맨스. 진심은 빼놓고 인스턴트 연애만 하는 ‘연알못’ 우연. 기다리던 100일 기념일, 애인에게 차인 우연은 자신의 저주를 상기한다. 누구도 사랑할 수 없는 저주, 딱 한 사람 그 애, 이수만 빼고. 10년 전 우연에게, 우연의 첫사랑에게는 무슨 일이 있었던 걸까?"
1412,211217,오랫동안 당신을 기다렸습니다,드라마,KR,60.0,14.0,살인사건의 진범을 쫓던 형사가 가족의 감춰진 비밀과 욕망을 마주하게 되는 진실 추적극
1413,214891,남남,드라마,KR,60.0,12.0,대책 없는 엄마와 쿨한 딸의 '남남' 같은 동거를 그린 작품. 정영롱의 동명 웹툰 원작.
1414,36989,외과의사 봉달희,드라마,KR,60.0,18.0,심장병력 등 여러 핸디캡을 안고 있는 지방의대 출신 흉부외과 레지던트 일 년 차 봉달희와 동료 레지던트들의 일 년 차 수련기를 그린 드라마.
1415,62925,너를 사랑한 시간,드라마,KR,60.0,16.0,"오랜 시간 동안 우정을 이어 온 두 남녀가 서른이 되며 겪게 되는 성장통을 그린 드라마. 슈즈 론칭을 앞두고 모델이 잠적하는 바람에 모든 일이 꼬여버린 하나. 그 와중에 애인은 곧 결혼한다는 충격적인 통보를 하고, 하나는 제 연애의 모든 원흉이 원이 때문인 것만 같다. 하나의 하소연을 묵묵히 받아 주던 원은 하나에게 말할 수 없는 사정 때문에 답답하기만 한데..."
1416,106465,도도솔솔라라솔,드라마,KR,60.0,16.0,"무일푼이 됐지만, 세상은 여전히 아름다워. 자체 발광 피아니스트가 시골로 향한다. 반짝반짝한 새 삶을 시작해 보자. 희망을 잃지 않는 사람에게 사랑도 찾아오는 법!"
1417,62610,유혹,드라마,KR,60.0,20.0,한 남자가 매혹적인 제안을 받고 이어지는 관계들 속에서 진정한 사랑의 의미를 찾아가는 멜로드라마
1418,126647,마음의 소리,드라마,KR,24.0,269.0,"《마음의소리》는 조석이 네이버 웹툰 코너에 연재됐던 웹툰이다

제작사는 두루픽스. 7분짜리 에피소드 3개를 한 화로 구성해 진행중이다"
1419,210267,테이크 원,드라마,KR,60.0,7.0,최고의 아티스트들이 ‘생애 가장 의미 있는 단 한 번의 무대’를 만들어 나가는 과정을 담은 리얼 음악 쇼
1420,116045,안녕? 나야!,드라마,KR,61.0,16.0,연애도 일도 꿈도 모두 뜨뜻미지근해진 37세 주인공이 세상 어떤 것도 두렵지 않았고 모든 일에 뜨거웠던 17세의 나를 만나 나를 위로해 주는 판타지 성장 로맨틱 코미디 드라마
1421,114490,웬만해선 그들을 막을 수 없다,드라마,KR,,293.0,누가봐도 특이하다고 생각되는 3대가 한 집에 모여 살면서 일어나는 에피소드를 다룬 시트콤
1422,76084,SBS 연예대상,예능,KR,120.0,24.0,마지막 밤! SBS 예능의 마법같은 순간이 펼쳐진다 누군가에게는 설렘을 느끼게 하는 마법! 어떤 이에게는 웃음과 활력을 되찾아줄 마법! SBS 예능인들과 함께하는 대축제!! <연예대상>으로 여러분들을 초대합니다!
1423,66634,원티드,드라마,KR,60.0,16.0,국내 최고 여배우가 납치된 아들을 찾기 위해 생방송 리얼리티 쇼에서 범인의 요구에 따라 미션을 수행하는 고군분투기가 담긴 리얼리티 스릴 드라마
1424,251444,체크인 한양,드라마,KR,70.0,17.0,‘손님은 왕’이라는 무엄한 기치를 내건 조선 최대 객주 용천루와 그곳에 인턴 사환으로 입사한 조선 꽃청춘들의 이야기를 다룬 파란만장 성장 로맨스 사극
1425,14444,봄날,드라마,KR,57.0,20.0,한 여자를 사랑한 형제의 이야기를 그린 드라마
1426,218476,나는 신이다: 신이 배신한 사람들,드라마,KR,52.0,8.0,스스로를 예언자라고 천명한 네 명의 ‘메시아'. 그리고 절대적인 믿음 뒤에 숨겨진 어두운 단면. 대한민국을 뒤흔든 충격적인 실제 사건을 조명한 다큐시리즈.
1427,30735,드림,드라마,KR,60.0,20.0,"소년원 출신 격투기 선수와 스포츠에이전트가 어려움을 극복하고 성공에 이르는 과정을 담은 드라마이다.

"
1428,4744,러브스토리 인 하버드,드라마,KR,60.0,16.0,"하버드에서 한 여자에게 동시에 마음을 빼앗긴 두 명의 한국인 로스쿨생. 치열한 경쟁과 학업의 압박, 그리고 각자의 야망 속에서도 사랑은 피어날 수 있을까?"
1429,39406,영웅호걸,예능,KR,,40.0,"최고의 여자 연예인들이 자존심을 걸고 펼치는 인기대결! 본격 ‘인기검증 버라이어티’ [영웅호걸]!!! 인기에 죽고 사는 여자 연예인들이 다양한 집단을 찾아가 인기도를 측정하고 그들의 마음을 얻기 위해서는 무엇이든 한다! 버라이어티 대표MC 이휘재, 노홍철과 함께 왕언니 노사연을 중심으로 다양한 여자 연예인들로 구성, 지금까지 볼 수 없었던 새로운 여자 버라이어티 프로그램!"
1430,243155,결혼해YOU,드라마,KR,,10.0,결혼 기피 조건을 다 갖춘 섬 총각 봉철희의 결혼을 성사시키기 위해 급조된 '결혼사기진작팀'에 유배 당한 비혼주의 공무원 정하나의 고군분투 과정을 다룬 '중매 로맨스'
1431,256355,대환장 기안장,예능,KR,,10.0,"주인장 기안84가 기획하고 운영하는 기상천외한 민박이 울릉도에 문을 연다! 민박 직원 방탄소년단 진과 배우 지예은이 함께하는 힐링과 킬링의 예측 불가한 공간, 청춘 투숙객들이 기안적 낭만에 빠져든다."
1432,45025,패션왕,드라마,KR,60.0,20.0,동대문 시장에서 출발해 세계적인 디자이너로 성공하는 사람들의 이야기를 그린 드라마다.
1433,236680,덩치 서바이벌-먹찌빠,예능,KR,85.0,54.0,내 몸을 사랑하는 덩치들이 ‘광고 모델’을 두고 펼치는 덩치 서바이벌! <먹찌빠>
1434,309828,자식방생프로젝트 합숙 맞선,예능,KR,,14.0,"결혼하고 싶은 싱글 남녀 10명, 그리고 그들의 어머니 10명이 5박 6일 동안 함께 합숙해 ‘결혼’이라는 하나의 목표를 위해 달려간다"
1435,1199,개와 늑대의 시간,드라마,KR,70.0,16.0,어릴 적 태국의 거대 폭력조직인 청방의 손에 목숨을 잃은 홀어머니에 대한 복수를 꿈꾸는 남자의 이야기
1436,236437,가석방 심사관 이한신,드라마,KR,60.0,12.0,"돈, 빽, 잔머리 써서 출소하려는 양심 불량 인간들은 내가 막는다! 재소자들의 최종 심판관, '가석방 심사관'이 된 변호사 이한신의 짜릿한 철벽 방어전"
1437,87371,아기공룡 둘리,드라마,KR,20.0,26.0,"1983년부터 10여년 동안 월간 만화잡지 보물섬에 연재되었던 인기 만화 '아기공룡 둘리'를 애니메이션으로 재구성한 작품. 1987~88년에 KBS에서 TV시리즈를 만들었었지만, 원작의 개성을 잘 살리지 못한 아쉬움이 있었다. 이 시리즈는 원작자인 김수정 감독이 직접 연출하여 원작의 감성을 애니메이션에 고스란히 옮겨 놓았으며, 현재 시점에 맞게 설정과 이야기를 다듬어 동시대성을 획득하였다.

1억년 전 공룡시대. 아기공룡 둘리는 외계인에 의해 납치된다. 외계인들은 우주선에서 둘리를 조사하고 둘리에게 초능력을 준 뒤 지구에 내려놓고 떠나버린다.

하지만 빙하기가 되어 둘리는 얼음 속에 갇혀버리고 1억년 후, 한강에 거대 얼음이 발견된다. 그 속에 둘리는 영희에게 발견되어 영희네로 가게 된다. 영희네 집에 사는 철수와 희동이 그리고 고길동 아저씨. 고길동 아저씨는 희동이의 고모부이다. 아저씨는 사고만 치는 둘리를 언짢게 생각한다."
1438,87848,출동! 유후 구조대,드라마,,14.0,52.0,"숲속에 마법이 펼쳐지면, 모험을 떠날 시간! 유후 구조대의 신나는 도전이 시작된다. 도움이 필요한 동물이 있다면 아무리 힘든 임무도 척척. 오늘은 어떤 친구를 만들까?"
1439,213655,남이 될 수 있을까,드라마,KR,62.0,12.0,이혼은 쉽고 이별은 어려운 이혼 전문 변호사들의 사랑과 인생 성장기
1440,194491,고딩엄빠,예능,KR,85.0,132.0,"어린 나이에 부모가 된 10대 엄마, 아빠의 리얼한 일상에서 성장하는 모습을 발견하여 진정한 가족의 의미를 찾아본다"
1441,290196,꼬모와 장난감,드라마,KR,,195.0,반디 농장에 살고 있는 아기 병아리 꼬모. 마트 계산대부터 두더기 잡기까지 꼬모와 함께하는 다양한 장난감 놀이를 통해 쉽고 재밌게 영어를 배워본다.
1442,7810,내 남자의 여자,드라마,KR,60.0,24.0,"대한민국 위기의 주부들과 함께하는 희망의 공감 삶이란 평탄한 대지를 가로지르는 것이 아니라 변덕스런 바다를 건너가는 것과 같다. 잔잔한 파도를 즐기며 달려온 날들도 있고 거센 파도를 헤치며 겨우겨우 넘겨온 나날들도 있다. 며느리로, 아내로, 아이들의 어머니로 누구보다 숨 가쁘게..하지만 그런대로 만족하며 살아온 여자, 지수 화려하게 살아왔지만 남편과 사별하고 냉정한 현실과 마주선 여자, 화영 두여자가 40의 나이에 인생의 전환점을 찍는 만남을 갖는다. 그리고.. 두여자의 가운데에 선 남자 홍준표. 집안의 반대까지 무릅쓰고 사랑으로 한 결혼이지만, 한 외로운 여자를 보며 가슴이 흔들린다. 이 드라마는 서로 다른 입장에선 두 여자를 통해 어디선가 누구의 아내, 누구의 며느리, 또는 홀로 서기를 하고 있을 많은 여성들에게 연민과 공감을 표현한다. 또한 또 하나의 사랑 앞에서 흔들리는 남즈를 통해 그 삶의 의미와 사랑의 무게를 가늠해본다. 그리고, 이들 모두에게 제 2라운드 인생의 시작을 알리는 희망의 종을 울리고자 한다. 이제 일상의 거대한 태풍을 눈앞에 둔 두 여자와 한 남자, 그들의 가족들을 통해 거친 파도를 헤쳐나가 ""자신과 가족""이란 이름의 섬을 찾아가는 방법을 지켜보자."
1443,295389,나 혼자만 레벨업,드라마,KR,,7.0,압도적 레벨업 능력을 가지게 된 최약체 헌터의 이야기
1444,38849,천만번 사랑해,드라마,KR,70.0,55.0,애랑(이미영)은 은님(이수경)에게 미국에서 유학중인 딸 난정(박수진)에게 보내야한다며 돈을 빌려달라고 한다. 지여사(사미자)는 막내 손자 강호(정겨운)를 마중가기 위해 공항으로 가는데 며느리인 향숙(이휘향)이 강호는 신경쓰지 않고 선영(고은미)의 임신만 신경쓰자 못마땅해 한다. 병원에서 그만 아이를 포기하라는 말을 들은 향숙은 병원을 바꾸겠다고 하고 이를 참지못한 세훈(류진)은 그만하라고 소리친다. 복학신청을 하러 학교에 갔던 은님은 친구를 만나러 학교에 온 강호가 발로 찬 깡통에 머리를 맞고 티격태격하다가 아버지 인덕(길용우)가 쓰러졌다는 전화를 받고 급히 응급실로 향한다.
1445,31229,시티홀,드라마,KR,63.0,20.0,"인천광역시를 모델로 한 가상의 지방 소도시 '인주시'를 배경으로, 평범한 10급 공무원 신미래(김선아)가 인주시 부시장으로 취임한 천재 관료 조국(차승원)을 만나며 우여곡절 끝에 인주시장에 당선되어 존경받는 시장으로 성장해 나가고, 조국과의 사랑도 쟁취한다는 이야기."
1446,70372,마이 온리 러브송,드라마,KR,30.0,20.0,"오만 방자한 여배우 수정은 신작 드라마 촬영 현장이 자기 뜻대로 돌아가지 않자 멋대로 달아나버린다. 낡은 밴에 올라탄 그녀, 그것이 시간 여행의 시작일 줄이야."
1447,134906,신세계로부터,예능,KR,68.0,8.0,유토피아 섬 '신세계'에서 가상 자금을 받아 6일간 머무르는 여섯 연예인. 마지막 날에 원화로 환전 가능한 이 자금을 모으려 매일 미션을 치른다. 승리를 위한 음모가 난무하는 리얼리티 쇼!
1448,214996,행복배틀,드라마,KR,60.0,16.0,"내 행복을 위해 남의 행복을 부숴버리며 치열한 SNS 배틀을 벌이던 엄마들이 억압과 상처, 비밀에서 자유로워지고 진정한 자아를 되찾는 이야기. 주영하의 동명 소설 원작."
1449,68410,불야성,드라마,KR,60.0,20.0,"냉혹한 상속녀 이경, 그녀를 사랑한 건우, 이경이 되고 싶은 세진. 권력과 금력의 용광로 속으로 부나비처럼 뛰어드는 세 남녀의 이야기."
1450,230779,남과여,드라마,KR,,12.0,한순간의 실수로 이별을 하게 된 7년 차 장기 연애 커플 현성과 성옥의 이야기를 담는다. 권태로움과 애틋함이 공존하는 감정 속 이들의 감정을 그리는 현실 공감 로맨스 드라마. 혀노의 동명 웹툰 원작.
1451,3332,유리화,드라마,KR,,18.0,"생의 가장 큰 변수는 무엇일까? 인간의 삶에서 가장 큰 변수는 아마도 살면서 만나게 되는 조건 없는 사랑 일것이다. 진정한 사랑은 사랑하는 사람의 입장을 헤아리게 하고, 그렇게 얻어진 이해와 배려로 다른 이들을 보게한다. 사랑이 지천으로 흔해져 버려 값싼 상품처럼 전락해버린 요즘 정작 제대로된 사랑을 할 수 있는 사람은 과연 얼마나 될까? 장기이식이라는 고리로 연결된 고아출신의 두 남자. 그리고 그들과 운명처럼 이어져 있는 한 여자. 이들의 우정과 사랑 그리고 애증과 미움. 이 드라마는 하나의 빛으로 모아지는 세 사람의 삼원색 사랑에 관한 이야기다.  세명의 우정은 시작되고 ... 부모에게 버림받은 동주와 기태는 고아원에서 함께 자란 둘도 없는 친구다. 갑자기 쓰러져 병원에 실려 간 동주가 신장이식을 받아야 한다는 의사의 말에 주저없이 자신의 신장을 동주에게 나눠줄 정도로... 동주와 기태의 학교에 지수가 전학 오면서 이 세명의 우정은 시작되고.. 이들은 평생 함께 할 것이며, 나자로서 지수를 지켜줄 것을 맹세한다. 그러던 중 물속에 빠진 지수가 아끼던 오카리나를 찾기 위해 물속에 들어간 동주는 그대로 행방불명이 되고, 지수와 기태는 동주가 죽은 것으로 알게 된다. 물에 빠진 동주는 일본인 부부에게 발견되고, 동주가 고아인 것을 알고 일본으로 데려가 입양하여 기른다. 15년후.. 그들의 새로운 운명이 시작되고..."
1452,71497,품위있는 그녀,드라마,KR,60.0,20.0,여기 욕망의 군상들이 민낯을 드러내고 아우성치는 세상이 있다. 이것은 그 가운데 마주한 두 여인의 엇갈린 삶... 그리고 그녀들의 선택이 들려주는 이야기다. 이 드라마의 주 배경과 인물은 강남의 센터에 위치한 부유층 상류사회와 그 상류사회에 입성하기 위한 하류들이다. 드라마에서 흔히 다루던 재벌들이 아닌 서민들과의 접촉이 비교적 용이한 그런 준재벌 부유층들이다. 그들의 적나라한 싸움과 암투 그리고 상류층 부자들의 거만하고 가식적인 삶은 그 허상을 드러내며 균열하는 모습을 보여준다. 상류층 엿보기와 불륜만큼 드라마에서 많이 우려먹은 소재도 없다. 하지만 이 흔한 테마의 독특한 변주는 이 드라마가 기존의 드라마와 어떻게 차별화되고 얼마나 특별한지를 보여줄 것이다.
1453,80843,그녀로 말할 것 같으면,드라마,KR,30.0,40.0,"살기 위해 인생을 걸고 페이스오프급 성형수술을 감행했지만, 수술 후유증으로 기억을 잃고 만 한 여자가 조각난 기억의 퍼즐들을 맞추며 펼쳐가는 달콤 살벌한 미스터리 멜로드라마"
1454,46547,타짜,드라마,KR,70.0,21.0,"니 욕망이 너에게 구라쳐도, 니 마음만은 속이지마

하늘을 날고자 하는 욕망은 달을 정복했고, 배를 채우려는 욕망은 수십만 가지의 요리를 개발했다. 잠을 자고자 하는 욕망이 침대를 만들었으리라.

욕망은 언제나 필요, 그 이상의 것을 성취해낸다. 하지만 욕망은 꼭 그만큼의 힘으로 인간을 위협한다.

자동차는 매연을, 성욕은 낙태를, 안전해지고 싶은 마음이 전쟁을 부른다. 욕망은 열만큼의 좋은 것을 만들고, 꼭 그 만큼의 나쁜 것을 함께 만든다. 거창하게 인류의 흥망성쇠를 예로 들 필요도 없다. 보곳 싶다면 그저 약간만 고개를 돌려라. 내 친구가, 내 이웃이, 내 가족이, 바로 나 자신이... 늘 욕망이라는 동전의 양면을 경험하며 살아가고 있다. 조금만 더 라는 함정은, 언제나 욕망의 절벽 끝에 있다. 올라가기는 힘들고, 떨어지기는 쉬운 높은 나무처럼, 떨어질줄 알면서 사는 주식처럼, 잃을 줄 알면서 사는 경마장의 마권처럼.

누가 조금만 더의 기준을 알 수 있을까? 고를 외칠지 스톱을 외칠지 판이 끝나야 알수 있다. 우리는 그저 결과를 가지고 조금만 더를 아쉬워 할 뿐이다. 바로 이 욕망을 타고 노는 인간들이 타짜다. 하지만 동시에 타짜는 바로 자기 욕망의 놀이감이다. 그들을 통해, 도박을 통해 욕망을, 세상을 훔쳐본다."
1455,13997,파리의 연인,드라마,KR,60.0,20.0,까칠한 재벌 2세 남자와 평범한 여자의 사랑을 담은 드라마
1456,89317,바람이 분다,드라마,KR,65.0,16.0,"얼굴만 봐도 행복했던 그 시절은 가고, 이제 서로에게 까칠해진 부부. 알츠하이머 진단을 받은 남편은 아내를 그만 놓아주기로 한다. 이유는 알리지도 않은 채. 그리고 몇 년 후, 우연히 만난 두 사람은 다른 빛깔의 사랑을 시작한다."
1457,74597,브라보 마이 라이프,드라마,KR,35.0,56.0,"PD와 조연출, 그리고 배우가 인정사정없는 방송 업계에서 성공을 향해 달린다. 커리어에서의 좌절과 삶 속의 난관을 헤쳐나가는 이들의 모습을 그린 드라마."
1458,233099,함부로 대해줘,드라마,KR,61.0,16.0,뼛속까지 유교 장착한 성산 마을 출신 철벽남 제자 신윤복과 직진 밖에 모르는 저돌적 현대 여성 스승 김홍도의 본격 디펜스 로맨틱 코미디 작품. 선우의 동명 웹툰 원작.
1459,69850,마이 런웨이,드라마,KR,24.0,6.0,자기밖에 모르는 남자 톱모델과 모델을 꿈꾸는 예쁜 소녀가 몸을 다시 뒤바꿀 방법을 찾을 때까지 상대방의 인생을 살아야 하는 처지에 놓인다.
1460,262400,이혼숙려캠프,예능,KR,90.0,83.0,인생을 새로고침하기 위한 부부들의 이야기 <이혼숙려캠프> - 정규편성
1461,48590,돈의 화신,드라마,KR,60.0,24.0,법조계를 배경으로 돈과 사랑에 대한 욕망과 비리로 얽힌 대한민국의 세태를 날카로운 해학과 풍자로 그린 드라마
1462,37422,파란만장 미스김 10억 만들기,드라마,KR,60.0,14.0,두 남녀가 계속되는 실패와 절망 속에서 희망을 찾아가며 성공에 이르는 과정을 통해 힘들고 어려운 현실을 극복해내는 삶의 희망과 사랑을 이야기하는 드라마
1463,248123,신인가수 조정석,예능,KR,,8.0,"20년 연기 경력의 조정석이 100일 안에 가수로 데뷔하는 챌린지를 시작한다. 얼마 남지 않은 시간, 모든 인맥을 총동원해야 한다!"
1464,5551,마지막 춤은 나와 함께,드라마,KR,60.0,20.0,"

어느 날 갑자기 나의 인생에 교통사고처럼 다가온 그 사람 그 사랑. 진심으로 사랑했지만 어느 날 갑자기 사라졌다 다시 나타난 그가 자신을 알아보지 못한다면? 잊혀진 기억속이 사랑 때문에 시리도록 아파하는 여자. 늘 자신을 익숙하게 바라보는 낯선 여자에게 새로운 사랑을 느끼는 남자. 둘의 사랑은 다시 시작 됐지만 운명은 그들 앞에서 또 다시 잔인해 진다. 

사고로 기억상실증에 걸려 강원도의 작은 펜션 '꿈꾸는 숲'에 몸을 의탁하게 된 '메이플'그룹의 후계자 현우와 그런 그를 구해주고 사랑에 빠져버린 알프스 소녀 하이디 처럼 싱그러운 여자 은수가 펼치는 슬프도록 아름다운 은백색 러브 스토리이다.

 "
1465,42019,싸인,드라마,KR,70.0,20.0,국립과학수사연구원 내에서 벌어지는 에피소드를 그린 드라마
1466,32614,검사 프린세스,드라마,KR,65.0,16.0,"금수저 출신으로 곱게 자란 철부지 여자. 사법고시를 한방에 패스하고 손쉽게 검사가 되지만, 곧 초임 검사로서 배워야 할 것이 많다는 사실을 깨닫는다."
1467,71310,엄마 까투리,드라마,KR,,266.0,"권정생이 쓰고 김세현이 그린 대한민국의 동화다. 권정생의 유작으로, 2005년에 완성하고 2008년에 낮은산에서 출간되었다. 어미 꿩 까투리의 헌신적인 모성애를 담은 작품, 2011년 6월 2일에 극장용 애니메이션으로 나왔으며, EBS를 통해 2016년 8월 29일부터 11월 22일까지 시즌 1, 2018년 11월 28일부터 2019년 4월 22일까지 시즌 2, 2019년 11월 25일부터 2020년 2월 25일까지 시즌 3, 2021년 11월 29일부터 2022년 2월 22일까지 시즌 4를 방영했다."
1468,42219,별을 따다줘,드라마,KR,,20.0,부모의 갑작스런 죽음 후 다섯 명의 입양한 동생들을 책임지게 된 스물다섯 보험사 직원 진빨강과 생모에게 버림받은 상처를 안고 살아가는 변호사 원강하의 사랑을 다룬 드라마다.
1469,324014,이욱정 PD의 부처님 밥상,드라마,KR,,2.0,"인도에서 한국까지, 사찰음식의 원형을 추적하는 다큐멘터리 시리즈. 서로 다른 문화와 환경을 아우르며 수행자들의 식사에 담긴 생명과 자비의 정신을 탐구한다."
1470,41792,스타의 연인,드라마,,,20.0,"스타인 이마리와 김철수가 펼쳐내는 가장 현실적인 사랑의 이야기이다.  마릴린 먼로와 아서 밀러의 이야기를 현대에 옮겨놓은 듯한 ‘스타와의 사랑’ 이라는 판타지에 가까운 소재를 그간의 드라마들이 보여주었던 통속적인 ‘신데렐라 스토리’에서 벗어나 정반대의 두 사람의 만남에서부터 현실과 진실에 눈뜬 사랑과 연애를 이루어가는 과정을 담아낸다.

극중 유지태는 누구보다 똑똑한 머리에 넘치는 교양과 박식함까지 두루 갖췄지만 타고난 까칠한 성격에 꿈꾸던 이상과 달리 현실을 벗어나지 못한 채 대학원생이자 시간강사이자 소설가 지망생인 ‘김철수’로 분하여 스타인 마리와의 만남을 통해 안주해버린 현실에서의 진실된 사랑을 찾아간다는 스토리를 담고 있다."
1471,65860,대박,드라마,KR,60.0,24.0,"왕좌(王座), 단 하나뿐인 옥좌를 둘러싼 꾼들의 전쟁을 파헤친다.  ‘투전, 골패, 바둑, 장기, 쌍륙, 검패, 승경도...’ 조선시대를 풍미했던 찬란하고도 위험한 유희의 세계. 그리고 그 안에서 벌어지는 ‘꾼’들의 전쟁. 허나 도박은 그저 유희이며 시발점일 뿐, 목숨을 내건 타짜들의 목적은 오직 하나, 왕좌! 경종 ‘윤’을 등에 업은 불세출의 천재, 이인좌! 어심을 손에 쥔 ‘숙빈 최씨’와 그의 아들 영조, 이금! 조선 최고의 타짜, 대길! 이 무리들이 왕좌를 놓고 벌이는 전쟁이 바로 대박이다."
1472,294731,다음생은 없으니까,드라마,KR,,12.0,육아에 전념하던 나정은 뜻밖의 거짓말로 인해 다시 전 직장의 인턴 쇼호스트에 도전하게 된다. 완벽한 삶 뒤의 균열을 마주한 주영 로맨틱한 해피엔딩을 꿈꾸는 일리까지. 인생의 터닝포인트를 맞이한 마흔하나 세 친구가 펼치는 더 나은 완생을 향한 코믹 성장 드라마.
1473,135685,"다시, 플라이",드라마,KR,30.0,10.0,"천재무용수에서 자퇴생으로, 꿈이 좌절된 열여덟 요한과 꿈보단 1등을 위해 달려왔던 과학천재소녀 지민! 아이돌을 향한 길목마다 입장 거부당했던 ‘빌런들’이 수제 열정으로 아이돌의 꿈을 이뤄가는 성장 뮤지컬"
1474,48469,드라마의 제왕,드라마,KR,65.0,18.0,"드라마는 무조건 돈이 되어야 한다는 베테랑 외주 제작사 대표와 드라마는 '인간애'라고 주장하는 신인 작가, 타협을 모르는 국내 톱스타 배우가 만나 펼치는 드라마 제작기를 코미디 풍으로 그린 드라마."
1475,330176,모태솔로 애프터서비스,예능,KR,,6.0,시즌 2의 모태솔로 주인공들이 다시 모였다! 최종 커플의 근황부터 꼭꼭 숨겨뒀던 촬영 비하인드와 속마음을 터놓는 진실게임까지. 모솔들에게 궁금했던 모든 것이 전격 공개된다.
1476,59865,"웃어요, 엄마",드라마,KR,70.0,50.0,성공만을 강요하던 엄마가 딸이 불치병에 걸린 걸 안 뒤 딸에게 인생에서 가장 행복한 시간을 만들어준다는 감동적 이야기를 담은 드라마.
1477,297304,옷장전쟁,예능,KR,,23.0,각기 다른 감각을 지닌 두 패션 전문가가 펼치는 스타일링 대결. 의뢰인의 옷으로 패션 자신감을 끌어낸다.
1478,245047,짜장면 랩소디,예능,KR,,2.0,중국에서 유래되어 한국인이 가장 사랑하는 소울 푸드로 거듭나기까지. 짜장면 맛의 변천사를 알아보는 맛깔나는 시리즈.
1479,39261,내게 거짓말을 해봐,드라마,KR,64.0,16.0,그녀의 이름은 공아정. 아주 잘 났지만 결혼 같은 건 생각 없다. 결혼하지 않아서 영원히 자유로울 줄 알았는데 어느날 갑자기 이게 거추장스럽다. 아줌마란 이름으로 늙어가게 될 친구들을 비웃었는데 이러다 한낱 아줌마보다 못한 인간이 돼버릴까 불안하다. 죽어라고 공부하고 죽어라 일하고 엄살떨지 않고 열심히 달렸는데 온갖 사회적 혜택에서 최하위 순위로 밀리고 차별 받고 있다.
1480,273710,생존왕,예능,KR,,16.0,"대한민국 최고의 생존왕을 찾는다! 생존기술, 피지컬, 두뇌, 멘탈. 이중 생존에 있어서 가장 중요한 요소는 무엇일까. 각 분야의 최강자 12인이 모여 가장 강한 생존능력자를 가린다. 거친 정글 속에서 펼쳐지는 본격 생존 서바이벌!"
1481,220072,이상한 과자 가게 전천당,드라마,KR,,1.0,신비로운 주인 '홍자'가 소원을 들어주는 과자를 파는 미스터리한 과자 가게 전천당과 그곳을 찾아온 사람들의 마법 같은 이야기를 그린 판타지 드라마
1482,23976,청춘의 덫,드라마,KR,50.0,24.0,"복수를 꿈꾸는 그녀는 과연 남자의 새출발을 가로막을 것인가, 아니면 새로운 사랑이 그녀를 다른 방향으로 이끌 것인가?"
1483,290682,나는 생존자다,드라마,KR,,8.0,"《나는 신이다》 제작진의 새로운 시리즈. 지옥을 견디고 살아남은 생존자들의 이야기가 공개된다. 대한민국을 뒤흔든 최악의 사건, 그 현장의 증인들. 오랜 세월 묻혀있던 진실이 마침내 실체를 드러낸다."
1484,35731,별을 쏘다,드라마,US,60.0,16.0,보이지 않는 곳에서 다른 사람의 성공을 만들어내는 매니저라는 직업을 통해 진실한 인간 관계가 성공을 만드는 열쇠임을 보여주는 드라마
1485,44071,달콤한 나의 도시,드라마,KR,,16.0,"서른 한 살, 직장생활 7년차 오은수의 파란만장한 일상을 그린 드라마"
1486,58127,결혼의 여신,드라마,KR,70.0,36.0,"신념과 가치, 인생관이 다른 주인공들의 사랑과 갈등을 통해 우리 시대 진정한 결혼의 의미와 소중함을 그려낸 드라마."
1487,93096,시크릿 부티크,드라마,KR,35.0,16.0,"강남 목욕탕 세신사에서 재벌인 데오가(家)의 하녀로, 또다시 정재계 비선 실세로 거듭 성장한 ‘제니장’이 국제도시개발이란 황금알을 손에 쥐고 데오가 여제(女帝) 자리를 노리는 이야기"
1488,61799,펀치,드라마,KR,70.0,19.0,대검찰청 반부패부 수사지휘과장 박정환 검사의 생애 마지막 6개월의 기록을 담는다. 다시는 오지 못할 세상을 건너면서 인생과 작별하는 남자의 이야기를 담은 드라마.
1489,36368,명랑소녀 성공기,드라마,KR,60.0,16.0,"어려운 집안 형편에도 밝고 씩씩하게 살아가는 명랑 소녀. 서울로 상경한 뒤, 불같은 성격의 화장품 재벌 2세와 얽히며 뜻밖의 로맨스를 꽃피운다."
1490,216150,태어난 김에 세계일주,예능,KR,,35.0,"태어난 김에 지구 반대편으로 떠난 기안84, 이시언, 빠니보틀! 세 남자의 무계획 현지 밀착 남미 여행기"
1491,69974,귓속말,드라마,KR,60.0,17.0,"법률회사 ‘태백’을 배경으로 적에서 동지로, 그리고 결국 연인으로 발전하는 두 남녀가, 인생과 목숨을 건 사랑을 통해 법비를 통쾌하게 응징하는 이야기"
1492,217771,수학 없는 수학여행,예능,KR,90.0,10.0,고삐 풀린 여섯 남자들의  낭만 있고 수학 없는 무지성 버라이어티
1493,283501,K-POP 더 비기닝: SMTOWN 30,드라마,KR,,2.0,"K-POP의 근본이자 시작, SM Entertainment가 2025년 창사 30주년을 맞이했다. 지금의 K-POP 씬을 만들었다고 해도 과언이 아닌 SM의 레전드 아티스트들이 일으킨 신드롬을 제대로 짚어본다. 그 자체로 장르가 된 SM의 음악과 퍼포먼스, 독특한 세계관 등을 살펴보고, 30년 역사로 쌓인 SM의 특별한 노하우가 집약된 아티스트 캐스팅과 트레이닝의 비밀을 파헤쳐본다."
1494,46566,완벽한 이웃을 만나는 법,드라마,KR,,20.0,완벽한 이웃이란 누구인지 질문을 던지며 그 안에서 부부란 이름으로 영원히 함께 하겠다고 맹세한 이들의 모습을 재조명하는 드라마.  전직 제비이자 현재 대학 강사인 백수찬이 건설회사 사택단지에 떴다! 여자후리기 전과 8범 백수찬이 지나가며 한마디만 해도 그저 좋다고 픽픽 쓰러지는 아줌마들이라니.. 미꾸라지 하나가 개울물을 흐린다더니 어디서 굴러먹던 제비 새끼가 한마리 들어오더니 사택단지를 아수라장 으로 만든다!! 1초 앞을 예상할 수 없는 막강 무대포 한심쟁이!! 이제 그가 2007년 하반기를 접수한다!
1495,47273,산부인과,드라마,KR,,16.0,한 지방 병원 산부인과를 배경으로 여의사 서혜영의 일과 사랑 이야기를 다룬 메디컬 드라마다.
1496,39040,마이더스,드라마,KR,70.0,21.0,"한국 증권가를 배경으로 기업 간 인수 합병을 그린 드라마다.

 "
1497,122213,인간시장,드라마,KR,,20.0,"인간시장 원작소설을 바탕으로 제작된 드라마.

5년동안 사법고시를 준비하고 시험장으로 향하던 총찬은 지하철로 뛰어드는 남자를 구하느라 그 날 시험은 보지 못한다. 그리고 꼭 검사가..."
1498,215912,좋아하면 울리는 짝!짝!짝!,예능,KR,45.0,13.0,반경 10m안에 나를 좋아하는 사람이 있으면 알람이 울린다! 우리가 서로의 좋알람을 울릴 수 있을까? 웹툰 [좋아하면 울리는]을 원작으로 한 연애 리얼리티 프로그램.
1499,38853,불량커플,드라마,KR,60.0,16.0,"커리어우먼들의 관심은 일과 사랑이다. 하지만, 그들 중의 90%는 결혼에 관심이 없다. 정말 이 사람이다, 라는 생각이 들기 전에는 결혼하고 싶지 않다. 그런데? 정말 이사람이다, 라고 생각이 드는 사람이 과연 있을까? 없다. 그래서 그들은 결혼을 포기한다. 통계에 의하면 그들 중에 49.2%는 결혼은 NO! 아이는 YES! 예쁜 딸 아이 하나만 있으면 애 일 열심히 하면서 행복하게 살 수 있겠다. 하지만, 그들은 아이를 가질 수 없다. 정자은행을 가 보지만, 우리나라는 독신녀에게 정자를 제공하지 못한다. 하지만, 우리의 주인공은 진짜 악마다. 진짜 악마는 포기하지 않는다. 얼굴 잘 생기고, 등발 좋고, 머리 좋고, 성격 좋은 최고의 유전자를 가진 남자를 찾아 나선다.

유쾌한 로맨틱 코미디로 시작하지만 눈물과 감동으로 끝나는 드라마다. 사랑은 결코 웃기기만 한 것이 아니기 때문이다. 과학에서는 정자와 난자의 결합이 아이지만, 인간의 삶에서는 아이가 사랑의 선물이기 때문이다. 싱글맘을 꿈꾸었던 여자는 소원대로 임신을 하고 남자와의 결혼을 거부하지만 죽음에 임박해서야 아이와 남자가 자기에게 얼마나 소중한 지를 깨닫는다. 생물학적 정자가 아닌 남자를 향한 사랑의 결실이 아이임을 깨닫는다. 그러나 귀한 것을 얻으려면 값진 희생이 뒤따른다. 사랑도 아이도 그냥 주어지지 않는다. 어쩌면 내 목숨을 걸아야 할 지도 모른다."
1500,158368,은실이,드라마,KR,,70.0,가난과 척박한 환경 속에서도 꿈과 희망을 잃지 않고 열심히 살아가는 한 소녀의 이야기
1501,283648,추라이 추라이,예능,KR,,30.0,"2025년 2월 Netflix에서 방영을 시작한 토크쇼. 주먹으로는 챔피언, 이젠 입담으로 승부한다. 게스트와 나누는 솔직한 대화와 예측 불가 미션까지, 링 위의 강자 추성훈이 토크쇼에 도전장을 내민다."
1502,35815,왕의 여자,드라마,KR,48.0,42.0,왕조의 역사적 주역들과 이들을 보듬어 안았던 여인들의 이야기
1503,67180,끝에서 두번째 사랑,드라마,KR,60.0,20.0,"부디 무슨 일이든 일어나길 바라는 여자와   제발 아무 일도 일어나지 않길 원하는 남자의 티격태격 활극 로맨스   수많은 선택을 해오며 자신의 선택에 책임 질 줄 아는 사람. 어른.   하지만 ‘다 자란 어른’에 ‘덜 자란 아이’가 살고 있다.   우리는 지금 어릴 적 꿈꾸던 어른으로 살고 있을까.  ‘어쩌다 어른’이 되었지만  아는 게 많아 걱정이 많고, 수없이 넘어져봤기에 두려움이 더 크다.   사랑보다는 일이, 나보다는 자식이, 연애보다 건강이, 현재보다 노후가   우선이 되어버린 어른들의 웃픈 이야기.  죽도록 사랑도 해봤고 아프게 이별도 해봤던 여자와,   사랑을 잃고 평범한 삶을 택하는 데에도 용기가 필요했던 남자.   그 두 사람이 나누는 사랑이 인생의 마지막 사랑이 아니라,   ‘끝에서 두 번째 사랑’이 되도록...   아직 끝나지 않는 사랑에 희망과 위로를 건네고자 한다.  10대보다 유치하고 20대보다 발랄하며 30대보다 뜨거운   중년들의 호쾌한 청춘 드라마!  ‘정해진 원칙만 고집하는 남자’와   ‘예측불가능을 즐기는 여자’의  안티 에이징 중년 로맨스!  이 시작된다.  부디 무슨 일이든 일어나길 바라는 여자와   제발 아무 일도 일어나지 않길 원하는 남자의 티격태격 활극 로맨스   수많은 선택을 해오며 자신의 선택에 책임 질 줄 아는 사람. 어른.   하지만 ‘다 자란 어른’에 ‘덜 자란 아이’가 살고 있다.   우리는 지금 어릴 적 꿈꾸던 어른으로 살고 있을까.  ‘어쩌다 어른’이 되었지만  아는 게 많아 걱정이 많고, 수없이 넘어져봤기에 두려움이 더 크다.   사랑보다는 일이, 나보다는 자식이, 연애보다 건강이, 현재보다 노후가   우선이 되어버린 어른들의 웃픈 이야기.  죽도록 사랑도 해봤고 아프게 이별도 해봤던 여자와,   사랑을 잃고 평범한 삶을 택하는 데에도 용기가 필요했던 남자.   그 두 사람이 나누는 사랑이 인생의 마지막 사랑이 아니라,   ‘끝에서 두 번째 사랑’이 되도록...   아직 끝나지 않는 사랑에 희망과 위로를 건네고자 한다.  10대보다 유치하고 20대보다 발랄하며 30대보다 뜨거운   중년들의 호쾌한 청춘 드라마!  ‘정해진 원칙만 고집하는 남자’와   ‘예측불가능을 즐기는 여자’의  안티 에이징 중년 로맨스!  이 시작된다."
1504,36742,건빵선생과 별사탕,드라마,KR,70.0,16.0,"일진회를 비롯한 학교의 문제아들은 어떤 면에서, 우리 사회가, 우리네 가정들이 이렇게 아프다고, 이렇게 병들어 있다고, 온몸으로 질러대는 비명은 아닐까? 여기, 고교시절에 문제 행동으로 학교 밖으로 조기에 격리됐다가 세상 모진 풍파를 다 겪고 마침내 모교의 선생이 되어 돌아오는 한 여자가 있다. 학교의 문제아들을 대하는 그녀의 문제적 행동(교육)을 통해 우리 학교와 가정과 사회의 상처를 따뜻하게 끌어안아보고자 한다."
1505,313075,아니 근데 진짜!,예능,KR,,16.0,"변화무쌍한 콘셉트로 선보이는 신개념 토크쇼

매회 세계관이 바뀌는 신개념 캐릭터 토크쇼"
1506,40419,천사의 유혹,드라마,KR,70.0,21.0,복수를 위해 원수 집안의 남자와 결혼한 여성과 이를 뒤늦게 안 남편이 또다른 복수를 감행한다는 내용의 드라마
1507,99497,굿캐스팅,드라마,KR,65.0,16.0,"국정원에서 밀려나 근근이 책상을 지키는 아줌마들이 우연히 요원으로 차출돼 현장으로 위장 잠입하며 벌어지는 액션 코미디 드라마. 3년 전 작전 실패로 좌천된 국정원 요원 찬미. 산업스파이를 잡는 작전에 투입되지만, 그녀를 기다리는 팀원은 현장이 처음인 예은, 관절염으로 고생하는 미순이다. 과연 해낼 수 있을까"
1508,63624,따뜻한 말 한마디,드라마,KR,60.0,20.0,모든 상처와 장애를 끌어안고 가정을 지키기 위해 아슬아슬 외줄 타기를 하는 두 부부의 갈등을 리얼하게 다루며 복잡 미묘한 결혼생활의 현실을 그리는 드라마
1509,275701,TV유치원: 세상의 모든 똥,드라마,,,72.0,"세상 모든 똥에 대한 여러 가지 호기심을 해결할 수 있는 시간이 펼쳐진다. 사자, 코끼리, 상어, 하마 등 다양한 동물들의 똥에 대해 자세히 탐구하고, 놀라운 자연의 신비까지 공개한다."
1510,63692,애인 있어요,드라마,KR,60.0,50.0,2015년 8월 22일부터 2016년 2월 28일까지 방영된 SBS 주말 특별기획 드라마. 절망의 끝에서 운명적으로 재회한 극과 극 쌍둥이 자매의 파란만장 인생 리셋 스토리
1511,102843,엄마가 바람났다,드라마,KR,35.0,122.0,내 인생에 두 번째 결혼 따윈 없다! 결혼이라면 치를 떨던 싱글맘이 재력가 아빠를 원하는 자식들을 위해 돈 많은 남자랑 결혼하려는 좌충우돌 로맨스 가족이야기
1512,14057,그린로즈,드라마,KR,80.0,22.0,"한 남자가 인생의 정점에서 음모에 빠져 살인자, 탈주범의 누명을 쓴 후, 우여곡절 끝에 다시 한국으로 돌아와 자신의 어머니를 죽음으로 몰고, 사랑하는 연인의 원수가 되게 만든, 마땅히 응징되어야 할 사람들에게 벌이는 통쾌한 복수극"
1513,79875,나도 엄마야,드라마,KR,40.0,124.0,"대리모라는 이유로 모성을 박탈당한 여자가 새롭게 찾아온 사랑 앞에서 온갖 어려움에도 불구하고 사랑을 쟁취하며 가족의 소중함, 따뜻한 세상의 의미를 새겨가는 이야기"
1514,134958,먹보와 털보,예능,KR,62.0,10.0,"비와 노홍철이 꿈에 그리던 바이크 여행을 떠난다. 전국을 돌며 맛과 멋, '멍'까지 찾아 나선다고. 유일한 공통점인 바이크로 찐친이 됐다는 두 남자의 좌충우돌 로드트립 버라이어티 쇼."
1515,274878,오늘도 지송합니다,드라마,KR,60.0,12.0,"'천당' 밑 '천포 신도시'를 배경으로 사랑도, 결혼도 쉽지 않은 위장 유부녀 '지송이'의 파란만장 천포 생존기를 그린 이야기"
1516,46594,야왕,드라마,KR,60.0,24.0,"지독한 가난에서 벗어나 퍼스트레이디가 되려는 여자와 그녀를 위해 모든 것을 희생하는 남자의 사랑과 배신, 욕망을 그린 드라마"
1517,103905,최고다! 호기심딱지,드라마,KR,12.0,407.0,3~7세 아이에게 과학적 자극과 상상력을 선물하세요! 최고다 호기심딱지는 다양하고 놀라운 실험으로 아이들의 호기심을 자극하는 과학 프로그램입니다. 매 편 와이맨이 제시하는 '호기심 실험'은 아이들이 직접 해볼 수 있는 난이도의 실험입니다.
1518,155208,안녕 자두야,드라마,,25.0,161.0,"《안녕 자두야》는 대한민국의 만화가 이빈이 1997년 9월부터 《월간 파티》에 연재한 만화이자 2011년, 2012년, 2015년, 2017년에 SBS, 투니버스, 아툰즈가 프로덕션을, 한국예술종합학교 애니메이션과가 애니메이션 프리 프로덕션을 맡아 제작한 애니메이션이다."
1519,99908,머털도사,드라마,KR,25.0,26.0,10년을 하루같이 누덕도사 밑에서 도술과는 전혀 거리가 먼 허드렛일만 하며 살아온 머털이의 이야기를 그린 어린이 드라마
1520,14175,아름다운 날들,드라마,KR,80.0,24.0,"서울의 한 음반사를 배경으로, 부모가 다른 두 형제와 같은 보육원 출신의 두 여성이 얽히며 사랑의 삼각관계와 가족 간의 갈등이 시작된다."
1521,238046,코미디 로얄,예능,KR,,6.0,한국에서 지금 가장 핫한 코미디언 스무 명이 한자리에 모였다. 넷플릭스 쇼를 런칭할 기회를 놓고 벌어지는 치열한 코미디 배틀. 기발하고 신선한 개그로 쉴 틈 없는 웃음을 선사한다.
1522,240972,강심장VS,예능,,85.0,20.0,"취향 존중과 저격 사이, 달라도 너무 다른 극과 극 셀럽들의 ‘VS’토크쇼"
1523,36165,태양속으로,드라마,KR,60.0,19.0,죽은 연인을 가슴에 묻고 마음을 닫은 여인 혜린과 그녀에게 운명적 사랑을 느낀 해군 대위 석민이 과거의 상처를 치유하고 시련 끝에 피어나는 사랑에 대한 이야기
1524,97210,미스터트롯,예능,KR,360.0,43.0,"차세대 트로트 킹은 누구? 트로트계의 남자 스타를 발굴하기 위한 프로젝트가 시작된다. 현직 가수부터 수학 강사, 초등학생까지. 트로트에 살고 트로트에 죽는 100여 팀의 참가자들. 1등이 되려면 연예인 심사 위원의 마음을 사로잡아라."
1525,132850,냉면 랩소디,드라마,KR,48.0,2.0,"시원한 물냉면, 새콤하고 매콤한 비빔냉면, 심심한 평양냉면. 요즘엔 화끈한 불 냉면도 인기라지? 오묘한 매력으로 한국인들의 사랑을 듬뿍 받고 있는 음식. 냉면에 관한 모든 것을 풀어본다."
1526,47090,화신: 마음을 지배하는 자,드라마,KR,,31.0,스타들의 핫한 이슈를 솔직히 이야기하는 '풍문으로 들었소'와 인생을 살면서 얻은 귀중한 깨달음을 소개하는 '한 줄의 힘'을 통해 스타와 시청자가 함께 어우러지며 공감할 수 있는 공감 토크쇼
1527,95510,이동욱은 토크가 하고 싶어서,예능,KR,60.0,12.0,"각 분야 최고의 셀럽을 초대, 스튜디오에서 나누는 토크, 셀럽과 연관된 장소에서 나누는 현장 토크, 시추에이션 토크 등 한 인물을 입체적이고 다면적으로 담아낸 혁신적인 토크쇼"
1528,92286,리틀 포레스트,예능,KR,75.0,16.0,"푸른 잔디, 맑은 공기가 간절한 요즘 아이들! 하지만 이불 밖은 위험하기만 한데... 맘껏 뛰놀 곳 없는 요즘 아이들을 위한 HOME 키즈 동산 조성 프로젝트"
1529,128285,토지,드라마,KR,,52.0,"최서희라는 주인공의 굴곡진삶을 다양하고  입체적이게 그려나가면서  지나온 우리 삶의 발자취를  돌아보게 만들 것이다.

100여년 전의 인물들이  현대를 살아가는 우리들과  결코 다르지 않은 본성을  가지고 있음을 느끼게 될것이다.

그리고 그런 느낌은  드라마 토지를 시대를  초월한 생생한 인간 드라마로  이해하는 계기가 될 것이다."
1530,77704,기분 좋은 날,드라마,KR,60.0,44.0,세 딸 제대로 시집보내려다가 엄마가 시집가는 엉뚱하고 유쾌한 이야기를 다룬 드라마
1531,153958,미스터 Q,드라마,KR,,18.0,한때는 사회의 경쟁에서 밀려난 낙오자들! 이들이 꿈과 용기를 잃지 않고 심기일전해서 자신 속에 숨어있던 능력을 발휘해서 멋지게 재기하는 이야기
1532,246170,페르소나: 설리,드라마,KR,,2.0,"설리가 출연한 연작 시리즈 《페르소나》의 스페셜 에피소드, 그리고 2019년 진행된 그녀와의 심층 인터뷰를 담았다."
1533,62651,8월에 내리는 눈,드라마,KR,70.0,20.0,"상처받은 33살의 이혼녀, 27살의 미혼부가 만나 서로의 상처를 보듬으며 힘겨운 사랑을 헤쳐 나가는 과정을 그린 드라마."
1534,35177,때려,드라마,KR,60.0,16.0,"법보다 주먹이 통하는 세상에서 비극적이 운명으로 만난 한 남녀가 주먹보다는 사랑을 선택하고, 희망을 찾아가는 이야기... 때려!"
1535,40537,폼나게 살거야,드라마,KR,70.0,50.0,어려웠던 환경에서 벗어나 '폼나게' 살아보려는 가족의 이야기를 담음 드라마.
1536,25028,귀엽거나 미치거나,드라마,KR,60.0,17.0,파란만장한 연애담을 비롯한 두 여자의 끊임없는 좌충우돌 이야기를 담은 시트콤
1537,37396,게임의 여왕,드라마,,60.0,20.0,복수를 위해 만난 원수의 딸을 사랑하게 된 남자와 복수극을 눈치채고 배신감에 복수의 게임을 시작하는 한 여자의 이야기
1538,195390,다시 갈 지도,예능,KR,70.0,135.0,"코로나 시대에 꽉 막힌 하늘 길을 뚫어줄 단 하나의 지도, 당신의 그리운 기억 속 해외 여행을 현실로 만들어주는 랜선 세계 여행 프로그램 '다시 갈 지도'"
1539,64206,내 마음 반짝반짝,드라마,KR,65.0,26.0,"서민의 딸로 태어난 여자가 가진 자들의 횡포 속에서 집안의 복수와 아버지의 복수, 자신의 성공을 위해 살아가는 이야기"
1540,253635,라바 인 마스,드라마,,3.0,20.0,"이번엔 화성이다!

지구 생명체 최초로 화성살이를 시작한 라바와 지구에 대한 호기심이 가득한 화성인들이 만났다!

새로운 외계 친구들과 부딪히며 숨겨진 비밀을 알게 되는데...

지구로 돌아가고 싶은 레드와 옐로우의 좌충우돌 탈출 코미디!"
1541,293368,장도바리바리,예능,KR,,30.0,"바리바리 이야기보따리 싸 들고, 장도연과 훌쩍 나들이를 떠난다. 보고 싶은 것, 먹고 싶은 것, 마음 맞는 사람만 있으면 언제든 오케이. 지금 바로 출발하자고!"
1542,33701,나는 전설이다,드라마,KR,70.0,16.0,"대한민국 아줌마들이 모여 전설의 밴드를 결성, 내면의 아픔을 음악으로 달래는 동시에 한 인간으로 맞서는 여성들의 성장 스토리를 그린 드라마다."
1543,75552,비정규직 아이돌,드라마,KR,32.0,5.0,"아이돌 제조기에 발동이 걸렸다! 잠적했던 스타 프로듀서가 복귀한 것. 구제 불능 연습생을 혼성 아이돌 그룹으로 데뷔시킨다니! 이 프로젝트, 성공하는 게 더 이상합니다?"
1544,35972,햇빛 쏟아지다,드라마,,60.0,16.0,각기 다른 상처를 안고 있는 세 사람이 한집에서 살게 된다. 하지만 뜻밖의 삼각관계가 형성되면서 이들의 사이에 미묘한 변화가 생긴다.
1545,37023,천국보다 낯선,드라마,KR,70.0,16.0,가수 유희란을 사이에 두고 입양아 출신 변호사 노윤재와 그의 동생이자 희란의 매니저인 강산호가 갈등을 겪는 내용을 담은 드라마.
1546,45624,태양을 삼켜라,드라마,KR,60.0,25.0,"제주도 출신 젊은 세 남녀의 꿈과 사랑을 그린 이야기이다. 사랑과 우정 사이에서, 애증과 애정 사이에서 아슬아슬 곡예를 하듯이 좌절과 성공을 반복하며 살아가는 사람들의 이야기가 극적으로 펼쳐진다."
1547,40028,여인의 향기,드라마,KR,65.0,18.0,시한부 판정을 받은 여자와 그녀를 사랑하게 된 남자가 행복한 죽음과 행복한 삶에 대한 해답을 찾아가는 여정이다.
1548,73097,싱글 와이프,드라마,KR,45.0,12.0,"재벌 2세와 완벽한 재혼을 준비하던 주인공이 전 남편과의 이혼이 법적으로 성립되지 않았음을 알게 되고, 다시 이혼하기 위한 이중생활을 하면서 벌어지는 소동을 그리는 드라마"
1549,42524,샐러리맨 초한지,드라마,KR,70.0,22.0,"신약 개발을 둘러싼 대기업 간의 암투와 경쟁, 그 속에서 저마다 목적한 바를 이루기 위해 몸부림치는 대한민국 샐러리맨들의 애환과 성공스토리를 담은 드라마"
1550,111563,뽀로로 동화나라,드라마,KR,,10.0,신나는 모험과 환상적인 이야기로 가득한 동화나라!
1551,23510,내 마음을 뺏어봐,드라마,,80.0,16.0,90년대를 살아가는 20대 도시 청춘들의 꿈과 사랑을 그린 매혹적인 감성 드라마
1552,276418,0교시는 인싸타임,드라마,KR,25.0,8.0,"인싸가 되고 싶은 자타공인 아싸, 존재감 제로 소녀 '김지은'에게 주어진 익명 커뮤니티

<인싸타임> 관리자 어플, 누가 무슨 글을 썼는지 모든 게시글의 작성자를 알게 된다?

전교생의 비밀을 알게 된 '아싸' 김지은과 그녀에게 지독하게 얽혀버린 ‘인싸’ 강우빈, 그리고 비밀 가득한 친구들이 선보이는 하이틴 시크릿 로맨스!"
1553,16601,순수의 시대,드라마,KR,60.0,16.0,오랜 친구 사이인 주인공들이 우연히 한 여자를 사랑하게 되면서 겪게 되는 갈등을 섬세하게 다루며 우정과 사랑에 얽힌 이야기
1554,234739,김치의 나라,드라마,KR,53.0,2.0,"한국의 대표적 음식 김치. 결속과 역사, 무한한 창의성이 녹아든 상징적 음식이 된 원천은 무엇일까? 김치의 미학을 밝히기 위한 맛의 모험이 지금 시작된다."
1555,8418,칼잡이 오수정,드라마,KR,60.0,16.0,"오광고 최고의 퀸카 오수정은 사시에 붙었다는 이유로 폭탄으로 유명한 고만수와의 결혼식을 감행한다. 생각없이 사람좋은 아버지 때문에 집안이 풍지박산의 위기에 처한 수정은 결혼식 당일, 만수로부터 3차에서 떨어졌다는 고백을 듣게 되고, 결혼식 행진 도중 갑자기 뒤돌아 달리기 시작하는데... 수정은 필숙이 만수를 만났다는 얘기를 듣고 필숙을 찾아간다. 필숙은 그런 수정의 속내를 꼬집어 내고, 내숭떨던 수정은 본색을 드러낸다. 필숙은 수정에게 만수를 잡을 생각하지 말고 수준에 맞는 남자를 만나라고 충고하고, 수정은 예전과 달라진 자신을 보며 허탈해 하는데..."
1556,74830,의문의 일승,드라마,KR,35.0,40.0,"'누명 쓴 사형수'에서 '어쩌다 탈옥수'가 된 의문의 한 남자, 그가 이젠 '가짜 형사 오일승'이 돼 숨어 있는 적폐들을 쳐부순다. 가짜 형사 오일승의 인생 몰빵 배짱 활극"
1557,227399,손대면 핫플! 동네멋집,예능,KR,,26.0,폐업 위기의 동네 카페를 구원하러 온 대한민국 “카페의 신”의 맞춤형 특급 솔루션!
1558,323120,쯔양몇끼,예능,KR,,9.0,"쯔양이 배부를 때까지 퇴근은 없다! 그녀의 거대한 위장을 채우기 위한 먹바라지들의 눈물겨운 수발기. 먹여도 먹여도 끝나지 않는 촬영에 통장도, 멘털도 탈탈 털리는 대환장 ‘생고생 먹바라지 예능’."
1559,203954,네가 빠진 세계,드라마,KR,26.0,20.0,악플에 시달리던 국민 아이돌 유제비가 웹소설 속으로 빠져 새로운 삶의 의미를 깨닫는 학원 판타지 로맨스 드라마
1560,297561,개와 늑대의 시간,예능,KR,,22.0,"당신이 모르는 불편한(?) 진실. 당신의 반려견은 수만 년 전, 늑대였다! 그런데 2025년. 다시 수만 년을 거슬러 ‘늑대’로 돌아갔다는 반려견들이 나타났다?! 물고, 뜯고, 맛보고 즐기며(?) 가족의 행복을 부수는 ‘우리 집 늑대’ 때문에 고민인 보호자들을 위해 ‘개 전문가’ 개통령 강형욱과 ‘사람 전문가’ 국민 MC 김성주가 뭉쳤다! 반려 가족의 일상을 밀착 관찰, 분석하고 개는 물론 반려인을 위한 맞춤형 솔루션까지 제공하는 견생X인생 개선 프로젝트! 당신의 반려견은 개일까, 늑대일까? 당신은 반려견에게 보호자일까, 주인일까?

나와 반려견의 문제가 무엇인지 마주하고 고민하며 진짜 문제의 원인을 찾아가는 시간. '개'의 시선으로 보고 '인간'의 입장에서 듣는 극사실 밀착 관찰 & 행동 교정 솔루션. 문제견들의 늑대 탈출 프로젝트 ‘개와 늑대의 시간‘"
1561,153792,불꽃,드라마,KR,60.0,32.0,"태국 휴양지에서 운명처럼 마주친 방송 작가와 성형외과 의사. 각자 약혼자가 있는 두 사람은 금지된 사랑에 빠지고, 그 끝은 거센 파장을 불러온다."
1562,226907,사이렌: 불의 섬,예능,KR,,10.0,"경찰관, 소방관, 경호원, 군인, 운동선수, 스턴트 배우. 여성 24인이 직업군별로 6개의 팀을 이뤄 뜨거운 경쟁을 벌인다. 외딴섬에서 벌어지는 치열한 서바이벌 리얼리티 시리즈."
1563,31931,크리스마스에 눈이 올까요?,드라마,KR,60.0,16.0,어린시절 사랑하지만 슬픈 사건으로 인해 헤어질 수밖에 없었던 운명적인 두 남녀의 사랑을 그린 작품이다.
1564,240971,솔로동창회 학연,예능,KR,90.0,12.0,학창시절 친구가 연인이 되는 솔로동창회
1565,35710,천년지애,드라마,CN,60.0,20.0,《천년지애》는 SBS에서 방송된  시공을 넘어선 부여 공주의 사랑이야기를 다룬 주말 특별기획 드라마이다.
1566,304068,케냐 간 세끼,예능,KR,,6.0,"대도시 나이로비에서 대자연 마사이마라까지, 케냐를 무대로 엉뚱발랄 3인방의 모험이 펼쳐진다. 느긋한 힐링 따위 잊어야 하는 여행. 온갖 게임이 숨돌릴 틈도 없이 이어진다."
1567,6684,백만장자와 결혼하기,드라마,KR,30.0,16.0,리얼리티 쇼 '백만장자와 결혼하기'에 출연한 가짜 백만장자 영훈과 계모와 새 언니의 구박 속에서 꿋꿋이 살아가는 신데렐라 은영의 사랑 이야기
1568,301888,뉴-올드보이 박찬욱,드라마,KR,,2.0,박찬욱 감독의 33년 영화 인생을 깊이 있게 탐색하는 다큐멘터리. 《올드보이》 《아가씨》 등의 작품을 만든 그만의 창작 비밀을 파헤친다.
1569,228247,알 유 넥스트?,예능,KR,90.0,10.0,하이브의 차세대 글로벌 걸그룹 결성 프로젝트. 과연 어떤 연습생들이 멤버로 선택되어 세계 무대를 밟게 될까? 소녀시대의 최수영이 진행을 맡았다.
1570,291691,가는정 오는정 이민정,예능,,,12.0,시골 마을에 생필품을 가득 실은 이동식 편의점을 배달하고 하룻밤을 보내며 다양한 이야기를 나눠보는 힐링 예능 프로그램
1571,115947,삼겹살 랩소디,드라마,KR,48.0,2.0,요리연구가이자 돼지를 사랑하는 남자 백종원이 삼겹살 랩소디의 프리젠터로 나서 우리가 몰랐던 돼지의 가치를 재조명하는 프로그램
1572,28050,소금인형,드라마,KR,60.0,20.0,"남편의 수술비를 위해 자신을 짝사랑했던 남자와 동침을 한 아내, 이런 아내의 사랑을 깊게 느끼면서도 아내를 포용할 수 없었던 남편의 이야기를 다룬 정통 멜로 드라마."
1573,18491,눈꽃,드라마,KR,60.0,16.0,"유명한 소설가 강애(김희애), 유명한 소설가의 딸이라는 수식어와 모범생이란 이유로 반 애들의 시기와 질투속에 학교생활을 하는 그녀의 딸 다미(고아라), 그런 다미는 어머니인 강애보다 외할머니를 의지하고 강애 친구 정선의 식구와 이웃집 생활을 하며 살아가고 있다. 그러던 어느날.. 강애가 드라마 종영파티에 참석한 사이, 외할머니가 갑작스런 죽음을 맞이한다. 할머니의 죽음속에 곁에 어머니가 없다는 사실이 다미는 어머니에 대한 미움으로 싹트게 된다. 한편, 여느 생활과 똑같은 일상속에서 다미는 돌아가신줄 알았던 자신의 아버지라고 밝히는 한 남자의 전화를 받게 되는데...."
1574,114171,백스피릿,예능,KR,55.0,6.0,"술을 마실 땐 누구와 마시느냐가 중요하다. 이 술자리의 호스트는 무려 주방의 지휘자, 백종원.

그가 각계각층의 셀럽과 함께 술잔을 기울인다. 인생, 음식, 술에 대한 이야기를 안주 삼아.

2021년 10월 Netflix에서 방영을 시작한 토크쇼."
1575,291232,류학생 어남선,예능,KR,,10.0,"이제 국내는 좁다. 해외에서 먹어라, 배워라, 완성하라! 새로운 레시피를 만들지 못하면 귀국 불가!

유학생 삼형제의 ‘배워서 남 먹이는’ 요리 유학 도전기"
1576,213471,코리아 넘버원,예능,KR,46.0,8.0,한국의 넘버원 장인을 찾아가 체력도 정신력도 남김없이 쏟아부으며 전통 노동을 체험하고 그날의 넘버원이 되기 위해 고군분투하는 프로그램
1577,260808,품위있는 여군의 삽질로맨스,드라마,KR,,20.0,청춘들을 위한 병영 활극 코미디. 대한민국 여성들도 병역 의무를 이행한다는 가상 설정 아래 오합지졸 여군들의 병영 생활 스토리를 다룬 드라마
1578,206946,섬마을 선생님,드라마,KR,,16.0,천방지축 여주인공이 우연히 범죄 현장을 목격하면서 경찰과 함께 조폭을 피해 섬으로 들어가고 우연한 기회에 섬마을 선생님이 되면서 겪는 에피소드를 그린 드라마.
1579,5223,술의 나라,드라마,KR,70.0,16.0,전통주 개발을 둘러싼 젊은이들의 열정과 사랑을 그린 드라마
1580,259097,TV유치원: 뿌지직 똥탐정,드라마,KR,,52.0,사건이 터질 때마다 누구보다 재빨리 현장에 도착하는 똥 탐정. 범인을 찾기 위해서라면 그 어떤 단서도 놓치지 않고 파헤칠 준비가 되어 있다.
1581,75900,신의 저울,드라마,KR,60.0,16.0,사법시험 합격 전 살인 사건에 연루된 가난한 고학생 주인공이 사법연수원에서 우정을 쌓은 친구와 갈등을 겪으면서 벌어지는 일을 그린 드라마
1582,74113,백종원의 푸드트럭,예능,KR,,22.0,"대국민 일자리 창출 프로젝트!

소자본으로 CEO의 꿈을 꾸는 젊은이들에게 가장 핫한 창업 아이템!

‘푸드 트럭’을 통한 리얼 길바닥 생존 버라이어티 본격 스타트!!

지난날의 먹방 아재는 잊어라!

요식업계의 살아있는 전설, 창업의 귀재, 장사의 신(神) 카리스마 넘치는 백종원 대표의 귀환!!

그 어디서도 들을 수 없었던 백 대표의 장사 노하우, 만들어내는 메뉴마다 전국민 입맛 저격!

외식업계 미다스 손으로 불리는 그만의 특급 비결까지!

제 2의 백종원을 꿈꾸는 창업자들을 위한 백 대표의 솔루션!

그 판도라 상자가 열린다!"
1583,313995,솔로지옥 리유니언,예능,KR,,6.0,"다시 만난 ≪솔로지옥≫ 출연자들. 무인도에서 펼쳐진 잊지 못할 순갈들을 돌아보며, 솔직한 마음을 털어놓고 그 후의 연애 근황도 공개한다."
1584,97714,불타는 청춘,예능,KR,,354.0,아직도 마음은 불타고 있는 싱글 중년들이 여행을 떠나다! 당신이 잊고 있던 청춘을 찾아드립니다!
1585,306645,야구여왕,예능,KR,,22.0,각기 다른 스포츠 종목의 '레전드 여성 선출'(선수 출신)들이 '야구'라는 낯선 무대에 도전장을 내미는 스포츠 버라이어티 프로그램
1586,300174,SBS 지식나눔콘서트 아이러브인,예능,KR,,21.0,대한민국 인문학의 대표 4명사가 지식나눔 운동의 일환으로 펼치는 세상에서 가장 공감가는 감동의 강의쇼
1587,103959,보이스 코리아,예능,KR,90.0,37.0,한국 최고의 뮤지션들로 구성된 코치진들이 오직 목소리만으로 팀원들을 선발해 최고의 보컬리스트로 발전시키는 프로그램
1588,303590,형사,드라마,KR,,15.0,범죄가 끊이지 않는 도시. 한 팀에 모인 엉뚱하고 개성 넘치는 형사들이 삶의 애환을 함께 헤쳐나가며 사건 해결에 매진한다.
1589,5208,스마일 어게인,드라마,KR,60.0,16.0,두 남자의 우정이 한 여자를 사랑하게 되며 그려지는 엇갈린 사랑 이야기.
1590,217705,관계자 외 출입금지,예능,KR,80.0,9.0,"""출입을 금할지라도 그곳의 이야기마저 가두지 말자""

이 세상 모든 <관계자 외 출입금지> 구역에선 어떤 일들이 벌어지고 있을까?

외부인은 다가갈 수도, 들여다볼 수도 없는 곳.

그래서 더욱 주목받지 못하고 오해받기 쉬운 곳.

지도에도, 네비게이션에도 표시되지 않는 <관계자 외 출입금지> 구역

그 곳에선 어떤 일들이 벌어지고 있을까?

당신에게 비밀의 문을 열어볼 수 있는 무한 출입증이

오늘 단 하루 주어진다면?

""오늘 하루, 모든 금지 구역의 이야기를 봉인 해제한다!""  과연 주어진 시간 동안 굳게 닫힌 금지구역을 열고

갇혀있던 수많은 이야기들을 해방시킬 수 있을 것인가!"
1591,17480,불량가족,드라마,KR,,16.0,"가족은 소중하고 가정의 행복은 모든 가치의 최우선이다. 진짜 가족을 잃어버린 아이를 위한 가짜 가족을 통한 진짜의 발견!

가족대행서비스 업체의 아르바이트직인 등장인물들이 가족역할을 통해서 자신의 진짜 가족의 의미를 찾아가는 과정을 통해 따뜻하고 웃음터지는 에피소드를 통해 가족애를 전달한다."
1592,312915,천하제빵: 베이크 유어 드림,예능,KR,100.0,10.0,전국 각지에서 모인 빵 명장부터 세계적인 파티시에까지! 전 세계의 내로라하는 제빵사가 모여 제빵 대전을 펼치는 글로벌 서바이벌 예능 프로그램
1593,221088,또봇: 대도시의 영웅들,드라마,KR,13.0,61.0,또봇이 돌아왔다?! 악당 로봇군단이 사라지자 또봇이 활약할 일도 없어져 또봇들은 대도시의 전설이 되어가고 있다. 함께 카센터를 운영하며 평화롭게 살고 있던 도운과 리모는 대도시에 새롭게 등장한 악당 로봇들을 저지하기 위해 또봇들을 다시 출동시키는 이야기
1594,245754,슈퍼리치 이방인,예능,KR,,6.0,"화끈하게 쓰고 화려하게 산다. 싱가포르 억만장자, 이탈리아 명품 브랜드 후계자, 그리고 파키스탄 귀족 가문까지. 상위 1% 슈퍼리치의 럭셔리하고 비범한 한국살이를 들여다본다."
1595,318761,Ed & Ryu: 열두바다,예능,KR,51.0,4.0,"한국의 해안 지역으로 떠나는 셰프 에드워드 리와 배우 류수영의 식문화 기행. 어업과 해산물, 바다가 한국의 맛과 문화를 어떻게 빚어내는지 깊이 있게 들여다본다."
1596,223533,사랑하는 사람아,드라마,KR,70.0,20.0,"한 부모에게서 태어났지만, 배운 것도 다르고, 자란 환경도 다른, 그래서 성품도 가치관도 다른 다섯 형제가 모여 살면서 갈등을 겪고 사랑을 나누는 과정을 통해, 감동과 재미를 주고 이를 통해 가슴 찡한 가족애를 느끼며 세상을 바르게 살아 가는 것의 아름다움을 느끼게 하는 드라마."
1597,87858,띠띠뽀 띠띠뽀,드라마,KR,12.0,52.0,"신입여객기차띠띠뽀와 지니, 디젤, 로코, 에릭, 씽씽이등 다양한 기차들이 모두 함께 모여사는 기차마을에선 크고 작은 소동이 끊이지 않지만, 친구들은 서로 돕고 이해하며 매일매일 성장해 나갑니다."
1598,40401,대물,드라마,KR,65.0,24.0,대한민국 최초 여성 대통령이라는 타이틀을 거머쥔 전직 아나운서. 그러나 청와대 입성과 동시에 그녀의 추락을 도모하는 드센 공세에 직면한다.
1599,134902,레인코트 킬러: 유영철을 추격하다,드라마,KR,53.0,3.0,"2000년대 초반, 망치로 살인을 저지르기 시작한 유영철의 존재로 인해 서울 곳곳에 공포가 드리운다. 악명 높은 살인마를 잡기 위해 이어진 추적의 시간을 다시 돌이켜보는 다큐 시리즈."
1600,155991,토마토,드라마,KR,,16.0,"로맨스 성공과 야망, 사랑을 놓고 한 신발 디자이너와 라이벌이 맞붙는다."
1601,870,형수님은 열아홉,드라마,KR,60.0,16.0,"대학을 졸업하고 사회의 구성원이 되려고 몸부림치는 젊은이들의 고군분투기로, 돈 안 되고 때깔도 안 나는 ‘배고픈 수학자’가 되기 위해 도전하고, 마침내 성공하여 집안의 우환덩어리에서 능력 있는 젊은 청년으로 거듭나기까지의 성공기를 통해 이 땅 40만 젊은 백수들에게 짜릿한 희망을 선물하고자 한다."
1602,283992,우리들의 초콜릿 순간,드라마,KR,,2.0,"초콜릿 회사에 다니는 슬기, 현남, 순태 3인방과 부모님이 운영하시던 시계방에서 수제 초콜릿을 만드는 홍사장이 함께 발렌타인데이 초콜릿을 만들어가는 휴먼 드라마"
1603,196765,심장이 뛴다,예능,KR,,32.0,《심장이 뛴다》는 SBS TV에서 2013년 10월 8일부터 2014년 7월 1일까지 방송된 예능 프로그램이다. 6명의 연예인이 일선 소방서의 119 안전센터에 배치되어 현직 소방관들과 함께 근무하는 내용을 다루고 있다.
1604,131064,스타킹,예능,KR,,2.0,"대한민국 시청자들의 제보와 참여로 만드는 화요일 밤의 국민 예능 !! 남녀노소 불문!! 특별한 사연, 강력한 재주를 가진, 모두를 향해 열려있는 !! 우리 이웃들의 꿈, 용기, 도전, 희망의 이야기를 함께 나누며 그들과 함께 힘찬 응원과 따뜻한 격려를 전하는 마음 따뜻해지는 국민예능 !!"
1605,261842,썸남썸녀,예능,KR,,1.0,"리얼리티 짝짓기 프로그램에 참가 신청을 한 여자 다섯, 남자 여섯. 워커홀릭, 짠돌이, 모태솔로 등 다양한 매력의 남녀 출연자들이 결혼 상대자를 찾기 위해 ‘썸타는 마을’로 모여든다. 첫만남부터 바로 운명적인 만남으로 이어지는 커플, 사사건건 부딪히는 커플, 첫인상과 다르게 드러나는 남녀 출연자들의 또 다른 매력들. 미션이 거듭될 수록 드러나는 감정과 환상적인 캐미와 그리고 어긋나는 관계… 그들은 진정한 사랑을 찾을 수 있을까?"
1606,229069,쉬는 부부,예능,KR,,12.0,"다양한 사회적, 개인적 이유로 ‘섹스리스’로 사는 대한민국 부부들에게 세상에서 단 하나뿐인 ‘부부 관계 솔루션’을 제안하며 공감을 유발하는 신개념 토크쇼"
1607,154590,고스트,드라마,KR,58.0,16.0,"약한 자들에게 빙의해 세상을 집어삼키려 하는 사악한 영혼. 그 악령을 무찌르고자 열혈 경찰이 퇴마사, 기자와 힘을 합친다."
1608,285584,우리 마을 똥강아지,예능,KR,,3.0,"평화롭고 고요한 시골 마을에 도시 똥강아지들의 등장이라!

어르신들 일손 돕기는 물론, 장기자랑부터 손맛 가득 시골 밥상 먹방까지!

함께 먹고 함께 일하며 시골 마을에 서서히 물들어가는

도시 똥강아지들의 시골 마을 손주 도전기"
1609,84125,날아오르다,드라마,KR,,19.0,인간은 누구나 飛上을 꿈꾼다. 하지만 빛나는 날개를 달고 자신이 꿈꾸는 인생에 닿고 싶어하는 보통 사람들의 꿈은 살아내야만 하는 각박한...
1610,293503,"형,수다",예능,KR,,48.0,"용감한 형사들의 스핀오프 웹 예능으로, 용감한 형사들에서 다루지 못한 비하인드 스토리부터 현재 수사 중인 사건 사고의 리얼한 후일담까지 모두 만나볼 수 있다."
1611,301379,우리들의 발라드,예능,KR,,12.0,"요즘 아이들이 부르는 그 시절 너와 나의 노래!

음악 전문가부터 일반 남녀노소까지 150명의 '탑백귀 대표단'이 대중픽 감별사로 나서 새로운 목소리를 찾는 집단 지성 음악 서바이벌 오디션!"
1612,310275,무무X차차 우발라디오,예능,,,4.0,"1월의 겨울밤을 발라드 감성으로 물들일 DJ무무x차차, 그리고 우리의 인생 발라드를 불러준 새 목소리! ‘우리들의 발라더’ TOP12가 감성 주파수를 한층 올려 <우리들의 발라드> 감동 서사를 이어간다"
1613,277967,시크릿 쥬쥬 별의 보석,드라마,,,22.0,"인간 세상의 선과 악의 균형을 맞춰온 수호천사, 별의 보석 '쥬비쥬'들이 사라졌다! 대마녀의 계략으로 보물사냥꾼 루시가 '쥬비쥬'들을 훔쳐 달아났는데. '쥬비쥬'가 없다면 이 세상 모든 생명들의 보석처럼 아름다운 마음들이 사라져 세상이 어두워질 거야. 큰 위기를 느낀 아스트리아님은 다시 한번 쥬쥬와 친구들에게 도움을 청하게 되는데!"
1614,124410,당신이 혹하는 사이,예능,KR,,37.0,"의심과 솔깃을 넘나드는 위험한 만찬. 어느날 영화 기획자 윤종신의 집에 모인 친구들은 늘 새로운 이야기에 목마르다. 이들은 타고난 이야기꾼 답게, 오늘도 친구들 앞에서 최근 수집한 놀라운 이야기를 펼쳐놓는다. “혹시 이런 얘기 들어 봤니?”"
1615,324651,최후의 인류,예능,KR,,2.0,"<최후의 인류>는 과학 다큐멘터리와 리얼리티 서바이벌을 결합한 세계 최초의 '과학 생존 리얼리티'다.

서로 다른 분야의 전문가 7인이 미국 애리조나 사막 한가운데 위치한 거대한 밀폐 실험 기지 '바이오스피어2(Biosphere 2)'에 입성한다. 이곳은 1991년, 인류가 실제로 '두 번째 지구'를 만들기 위해 건설한 세계 최대 규모의 폐쇄 생태계 실험 시설이다. 열대우림, 사막, 바다, 농경지까지 구현된 거대한 인공 생태계 안에서 8인의 실험자들은 2년 동안 물·식량·공기를 완전히 자급자족하는 인류 역사상 가장 도전적인 생존 실험에 도전했다. 하지만 결과는 실패였다. 산소 농도 감소, 식량 부족, 생태계 붕괴, 그리고 인간 사이의 갈등. 30여 년 전 실패한 인류의 실험이, 기후 위기의 시대 다시 시작된다.

최후의 7인에게 주어진 미션은 단순한 생존이 아니다. 오염된 물을 정화해 식수를 만들고, 무너진 생태계를 복원하고, 제한된 자원 속에서 식량을 구하고 공기의 균형을 유지해야 한다.

과학은 과연 인류를 살릴 수 있을까. 그리고 인간은 끝까지 함께 살아남을 수 있을까."
1616,270753,내 아이의 사생활,예능,KR,,40.0,"누구에게나 비밀은 있다! 어른들은 몰랐던 내 아이의 사생활, 궁금하셨나요? 내 아이에 대해서 잘 아는 것부터가 현명한 육아 및 교육의 시작! 부모가 없는 곳에서의 아이들의 기상천외한 일상이 이제 공개됩니다!"
1617,131014,골드미스가 간다,예능,KR,,2.0,싱글녀들의 시집가기 프로젝트 프로그램
1618,105494,떼루아,드라마,,,20.0,와인 레스토랑을 배경으로 한국의 전통주와 프랑스의 와인을 둘러싼 주인공들의 갈등과 화해를 그린 작품
1619,129584,혼자가 아니야,드라마,KR,,18.0,2004년 10월 11일부터 2005년 2월 21일까지 총 18부작으로 방송되었던 SBS의 시트콤
1620,12046,피아노,드라마,KR,60.0,16.0,"아버지의 역할을 다하려는 한억관, 사랑하지만 사랑할 수 없는 사이인 재수와 수아, 밉고도 사랑스러운 경호, 이 넷이 진정한 가족으로 거듭나기 위해 몸부림치는 이야기"
1621,308481,당일배송 우리집,예능,KR,,8.0,"“♬ 저 푸른 초원 위에, 그림 같은 집을 짓고~” 누구나 한번쯤 꿈꿔본 로망! 상상만 했던 로망 속 장소로 집이 직접 배달되는, 세상에 없던 리얼 주택 이동 프로젝트! 당신의 로망을 이뤄줄 그 곳으로, ‘우리집’이 당일배송됩니다!"
1622,296799,살롱드돌: 너 참 말 많다,예능,KR,,12.0,"설렘과 분노(?) 유발하는 연애부터 소소한 일상까지 세상의 모든 시시콜콜한 주제는 다 모았다!

가벼운 질문 하나에 과몰입 버튼 ON!

좀처럼 끝나지 않는 극한의 수다가 시작된다!

말 많은 KPOP 아이돌들의 끝장 토론!"
1623,61021,매직,드라마,KR,60.0,16.0,"신세대 마술사의 사랑과 야망, 배신과 파멸을 다룬 트렌디 드라마이다."
1624,82221,폼나게 먹자,예능,KR,89.0,8.0,우리가 잘 알지 못하는 토종 식재료를 찾아 전통 방식의 요리를 맛보고 스타 셰프들과 함께 식재료를 활용한 색다른 요리법을 함께 알아보는 프로그램
1625,1833,루루공주,드라마,KR,,20.0,재벌집 딸 희수와 플레이보이 우진이 만나게 되면서 벌어지는 일들을 그린 드라마.
1626,100387,나의 판타스틱한 장례식,드라마,KR,70.0,2.0,"미수의 변화를 통해서 자신의 힘으로 도저히 피할 수 없는 불행이 덮쳐 와도, 인간은 기어이 행복할 수 있는 존재임을 그려낸 드라마"
1627,301216,어디로 튈지 몰라,예능,KR,,12.0,"본격 릴레이 맛집 추천!

짜여진 리스트도, 사전 기획된 코스도 없이, 오로지 맛집 사장님들의 릴레이 추천에 따라 인생 맛집을 찾아다니는 '노(No) 섭외 즉흥 맛집 투어 예능'"
1628,213289,"찐친 이상 출발, 딱 한 번 간다면",드라마,KR,,8.0,‘찐친’이지만 제대로 된 여행은 가본 적 없는 대한민국 대표 청춘 배우들이 미지의 여행지로 떠나는 청춘 여행 리얼리티
1629,58569,힐링캠프,예능,KR,,3.0,지친 마음을 힐링 시켜 줄 신개념 토크쇼!
1630,297724,마이턴,예능,,,8.0,한탕을 노리는 일곱남자의 선넘는 페이크 리얼리티쇼
1631,253265,치킨 랩소디,드라마,KR,,2.0,전통적인 레시피는 어떻게 지금의 한국 식문화를 탄생시켰을까? 인기 만점의 치킨과 맥주 조합을 중심으로 그 상관관계를 흥미롭게 파헤쳐 보는 다큐시리즈.
1632,318064,만학도 지씨,예능,KR,,12.0,지금 우리가 살아가는 세상을 제대로 알고 싶은 코미디언 지석진. 유머와 호기심으로 무장한 그가 각 분야 전문가와의 문답을 통해 삶의 거대한 질문들에 도전한다.
1633,251080,이혼숙려캠프: 새로고침,예능,KR,,8.0,"이혼을 고민 중인 부부들이 합숙을 통해 이혼 숙려기간과 조정 과정을 가상체험해 보며, 실제 이혼에 대해 현실적으로 고민해 보는 ""부부 관찰 리얼리티"" 프로그램"
1634,74260,추블리네가 떴다,예능,KR,,6.0,《추블리네가 떴다》는 SBS TV에서 방송되는 리얼리티 프로그램이며 2017년 8월 26일부터 2017년 9월 30일까지 방영되는 프로그램이다.
1635,98151,라이프 오브 사만다,드라마,KR,,4.0,"적자생존 경쟁이 펼쳐지는 야생의 땅, 아프리카 케냐 마사이마라. 그곳에서 새끼 치타를 키우며 사는 싱글맘 치타 ‘사만다’의 이야기를 담은 프로그램"
1636,91351,하노이 신부,드라마,KR,53.0,2.0,"《하노이 신부》는 SBS에서 2005년 9월 19일에 방송된 추석 특집 드라마이다.

이 드라마는 베트남으로 의료봉사를 떠난 청년의사 은우와 베트남의 동시통역 여대생 리티브의 사랑을 통해 신라이따이한[1]의 문제를 다뤘으며, 또한 농촌 총각과 베트남 처녀의 결혼 등 사회 문제를 다뤘다."
1637,197953,좀비가 되어버린 나의 딸,드라마,KR,,13.0,"""내 딸은 세상에 남은 유일한 좀비다."" 1년 전, 세상을 혼란에 빠트렸던 '좀비사태'에서 정환의 딸 수아는 불의의 사고로 좀비가 되어버린다. 정부에서는 좀비 특별법을 개정 후 계엄령을 선포하고, 정환은 수아를 지키기 위해 시골 산자락 아래 어머니 집에서 몰래 키우게 된다. 과연 정환은 수아를 무사히 지켜내고 평화를 찾을 수 있을까?"
1638,197478,주먹쥐고 뱃고동,예능,KR,,18.0,"바다가 선물해주는 다양한 먹거리의 즐거움, 거기에 아름답고 생동감 넘치는 자연의 풍광과 그 속에 녹아있는 어부들의 인생 이야기까지. 현대판 '新 자산어보' 기록을 위한 신개념 어류(魚類) 추적 버라이어티 프로그램

《주먹쥐고 뱃고동》은 SBS TV의 예능 프로그램이며 2017년 4월 15일부터 2017년 8월 12일까지 방송되었다."
1639,315445,TV유치원: 꾹이랑 부릉부릉 씽씽,드라마,KR,,65.0,"호기심 넘치는 꾹이와 함께 탐험하는 탈것의 세계. 승용차, 트럭, 배 등 다양한 탈것들이 어디로 가는지, 또 어떤 일을 하는지 함께 알아봐요!"
1640,118279,아름다운 그녀,드라마,KR,60.0,16.0,"상처안은 남녀의 애절한 사랑. 쌍둥이 남매를 둔 미망인 유선영, 고아출신 복서 황준호. 나름대로 삶의 상처를 안고 살아가는 두 남녀의 애절한 사랑만들기.."
1641,278497,백종원의 레미제라블,예능,KR,80.0,12.0,100일 간의 인생 역전 프로젝트가 시작된다!짧지만 강렬한 서사를 담은 ‘20명의 도전자'들이 처음이자 마지막으로 찾아온 인생 역전의 기회를 잡기 위해 혹독한 스파르타식 미션과 백종원이 사람에게 진심을 다하는 모습을 보여주는 진정성이 담긴 성장 예능
1642,154930,쫑알쫑알 똘똘이,드라마,KR,14.0,40.0,한 순간도 가만히 있지 못하는 선머슴같은 삼남매 가족 중 5세 아이의 리얼한 일상을 그려내는 이야기로 동물과 교감할 수 있는 똘똘이의 특별한 능력 덕분에 코믹한 상황이 연출되기도 하고 뜻하지 않게 긴장되는 상황이 벌어지기도 한다.
1643,310353,셰프와 사냥꾼,예능,KR,,10.0,"'미식'과 '생존' 가장 원초적인 본능이 야생의 땅에서 만났다. 최고급 미식을 쫓는 집념의 셰프와 생존 본능으로 사냥하는 헌터들! 사냥에 성공한 날에는 세상에 단 하나뿐인 ‘야생 레시피’가 탄생하고 실패한 날은 허기와 함께 긴 밤을 버텨야 한다! 먹고 싶다면 잡아라! 가파른 산길에서 쓰러지고, 파도 앞에 무너질지언정 식재료를 향한 여정은 멈추지 않는다. 몸 속 깊이 각인된 사냥 본능과 미식에 대한 판타지를 동시에 사로잡을 자급자족 생존 미식 탐험기 <셰프와 사냥꾼>"
1644,135094,더 리슨,예능,KR,,20.0,"발이 닿는 곳 어디든 무대가 된다!

매력적인 음색 여신 5인의 음악 여행 리얼 버라이어티.

대한민국 음색 여신 솔지, 김나영, 케이시, 승희, HYNN(박혜원)이 프로젝트 그룹 ‘더 리슨’을 결성했다.

아름다운 항구 도시 목포에 도착한 다섯 명의 보컬리스트!

목포 어디든 발길이 닿는 곳마다 이들의 무대가 된다.

사랑이 깃든 섬, 수많은 발걸음이 녹아든 옛 골목,  바다 내음 가득한 해변에서 5인 5색의 감성이 고스란히 스며든 개별 신곡과 다섯 명이 함께한 단체 신곡까지 들을 수 있다.

음악이라는 공통점 하나로 모인 그들의 진솔한 이야기와 어디서도 터놓지 못했던  보컬리스트로서의 고민을 공유하는 다섯 멤버.

닮은 듯 다른 서로를 알아가고 이해하며 음악으로 하나 되는 프로젝트 그룹 ‘더 리슨’을 만나보자!"
1645,283646,동미새: 동호회에 미친 새내기,예능,KR,,20.0,"새내기의 시선으로 직접 체험하는 K-동호회의 세계! 매회 색다른 동호회를 찾아가는 데프콘, 열정 넘치는 회원들과 부딪히고 어울리며 그들만의 특별한 일상을 들여다본다."
1646,261329,태어난 김에 음악일주,예능,KR,,8.0,"태어난 김에 아마존에서부터 우유니 소금 사막,

인도 화장터에서부터 아프리카 마다가스카르까지!

자신의 버킷리스트를 하나씩 이루어 간 기안84!

웹툰작가에서 연예대상으로.. 어느덧 정상의 자리에 섰지만,

여전히 그의 가슴 속엔 이루지 못한 작은 꿈이 있는데...

어린 시절부터 꿈꿔왔던 장래희망 ‘가수’

타인의 시선을 의식하지 않는

자유로운 영혼들이 모여 있는 ‘미국’에서

음악적 영감을 찾아 야심차게 첫발을 내디딘다!

날 것의 여행에 ‘음악’이 더해지는

기안84의 새로운 도전, <음악일주>

꿈을 위해 다시 여행길에 오른 기안84.

자유를 찾아서! 영감을 찾아서!"
1647,129649,그 여자 사람잡네,드라마,KR,60.0,1.0,"생활환경과 성격이 다른 두 여자가 한 남자를 놓고 벌이는 사랑과 배신을 그린 드라마.

멜로를 가미한 홈드라마로, 주변환경과 성격이 다른 두 여자가 한 남자를 놓고 벌이는 사랑과 배신에 대한 스토리가 주된 이야기이고 드라마의 기본 세팅은 홈이며, 그 홈의 배경은 서민적이다. 그 서민들이 일상 속에서 벌이는 자잘한 재미들이 드라마를 풍성하게 할 것이다."
1648,303981,입 터지는 실험실,예능,KR,,4.0,"“왜 맛있을 과학?” 입 터진 과학자들이 맛의 비밀을 실험한다! 입맛도, 수다도, 웃음도 터지는 신개념 과학 먹방 토크쇼!"
1649,321522,인기가요 ON THE GO,예능,KR,,1.0,"K-팝 아티스트들이 선사하는 역대급 라인업. 새로워진 무대를 통해, 방송 스튜디오를 넘어 팬들에게 더 가까이 다가간다."
1650,129544,사랑과 야망,드라마,KR,,1.0,"사랑과 야망은 2006년 2월4일부터 2006년 11월 12일까지 방영되었던 SBS특별기획드라마이다.

1987년 MBC에서 방영된 사랑과 야망을 리메이크하였다."
1651,219254,그 여자,드라마,KR,,1.0,"지금까지 수많은 소설, 영화, 드라마에서 반복해서 다루고 있는  불륜에 주목한 드라마"
1652,216893,브레드와 윌크의 세계여행,드라마,KR,,39.0,브레드이발소 주인공들과 함께 재미있고 유익한 여행을 떠나자! 브레드와 윌크가 세계 도시를 여행하며 유명 랜드마크를 관광하고 역사적 위인들도 만나는 여행 콘텐츠!
1653,36946,그 여름의 태풍,드라마,KR,60.0,30.0,"과거, 상당한 인기를 누린 영화배우였으며, 한 영화감독을 사이에 두고 적대 관계에 놓였던 두 여인이 인생의 중년기에 필연적으로 재회하여 아물지 않은 상처를 되돌아보는 드라마틱한 이야기로 시청자들과 함께 사랑과 인생에 대해 생각해 본다.

그들의 2세, 가정이 깨지면서 버림받은 자식들의 행보와 비극적 사랑을 통해 가정 파탄의 폐해를 그리고, 그들에게 닥친 위기를 인간애로 극복하고 영화인으로 성공하는 드라마를 통해 가족의 소중함을 되새긴다. 아울러 엄마의 피를 물려받은 두 라이벌 여배우의 연기 집념과 대결, 스타의 자리에 오르고 인기를 유지해가는 파란만장한 뒷이야기를 흥미롭게 그려가면서 '최고'가 되기 위한 피나는 노력과 프로정신을 그려본다.

그 여름의 태풍을 나는 기억하지 못한다.

그 여름, 난 엄마 자궁에서 태어나기만 기다리고 있었으니까..

그 여름의 태풍은 많은 사람들이 기억한다.

혹독한 시련으로 다가와 깊은 상처를 남겼으니까..  어쩜 나는 그 태풍을 누구보다 잘 아는지 모른다.

뱃속에서는 격렬한 심장 고동, 가슴 찢는 엄마의 울부짖음을 누구보다 크게 들었을 테니까..."
1654,293817,NEW 엉뚱발랄 콩순이와 친구들,드라마,KR,8.0,26.0,콩콩 마을로 이사온 콩순이! 티미와 단짝이 되어 여러 콩콩 마을 친구들을 사귀게 된다. 콩순이와 독특한 콩콩 마을 친구들은 매일매일 흥미진진한 경험들을 하게 된다. 내일은 또 어떤 신나는 일이 기다리고 있을까?!
1655,239813,고래와 나,드라마,KR,,4.0,"당신의 눈앞에 펼쳐지는 경이로운 고래의 세계 그리고, 고래의 삶과 죽음으로 드러나는 지구의 위기"
1656,233161,무장해제,예능,KR,,2.0,"“하루 일과를 마친 이들과 퇴근길에서 나누는 아주 사적이고도 솔직한 대화” 크게 한 번 심호흡하고 집으로 돌아가는 퇴근길 차 안에서 오늘 하루를, 그리고 오늘의 나를 돌아보는 힐링 토크 타임을 가져보자!"
1657,29451,정,드라마,KR,60.0,24.0,"

사람과 사람 사이에 가장 진실되게 오래 남는 것은 바로 정이다. 정 때문에 웃고 정 때문에 울며 분노하고 절망하고 희망을 꿈꾼다. 모두가 함께 울고 웃으며 볼 수 있는 드라마, 따뜻한 정을 느끼는 그런 이야기를 하고자 한다.

 "
1658,227054,강심장 리그,예능,,,12.0,"실검이 사라진 시대, 요즘 이슈는 뭐고 누가 핫해?! 지금 가장 핫한 인물들이 들려주는 힙한 이야기가 시작된다. '세상 돌아가는 이야기'를 알려주는 2023 NEW 토크쇼 <강심장리그>"
1659,286923,TV유치원: 쏙쏙 속담편지,드라마,KR,,26.0,친절한 진행자와 클레이 애니메이션 동물들이 함께하는 시리즈. 유명 속담을 활용해 아이들에게 풍부한 표현력과 어휘력은 물론 지혜까지 길러준다
1660,308082,내 방 안내서,예능,KR,,10.0,"한국의 톱스타가 지구 반대편에 있는 해외 셀럽과 방을 바꾸어 5일간 생활하면서, 그 나라가 가진 테마를 온 몸으로 느끼고 자신의 공간에서 5일동안 머무는 타인을 통해 그들의 철학과 생활 모습을 엿보는 SWAP 리얼리티 인물 다큐 시리즈."
1661,135302,워맨스가 필요해,예능,KR,,12.0,여자들이 혼자가 아닌 둘 이상 팀으로 뭉쳤을 때 어떤 시너지가 생기는지 관찰하는 '여자 관계 리얼리티'
1662,233881,반찬의 나라,드라마,KR,55.0,2.0,"눈을 즐겁게 하는 한국의 상차림. 밥부터 반찬까지 상에 오르는 모든 것을 골고루 살펴보고, 다채로우면서 입맛을 사로잡는 한식이 어떻게 만들어지는지 알아보자."
1663,309778,마루는 강쥐,드라마,KR,,8.0,"어느 날 우리 집 강아지가 사람이 된다면 어떨까? 그런 말도 안되는 일이 현실이 됐다! 오늘도 동생같은 강아지 마루의 사료값을 벌기 위해 열심히 살아가는 1인 1견 가구의 가장, '우리'. 별똥별이 떨어지던 날 밤, 다음날 '우리'에게 만화 같은 상황이 벌어진다! 5살 어린이가 된 강아지 '마루'와 리얼 육아는 처음인 '우리'. '무지개 빌라'사람들과 함께하는 좌충우돌 일상 코미디 시트콤!"
1664,121394,뷰티 앤 더 비스트,예능,KR,,2.0,언택트 시대에 시청자에게 공감 얻을 관찰 예능 프로그램
1665,259250,TV유치원: 삐뽀삐뽀 안전경찰,드라마,,,26.0,마법을 사용해 경찰로 변신하는 인어. 크고 작은 위험이 가득한 세상에서 모든 나이의 어린이가 안전하게 생활하는 법을 배울 수 있도록 도와요.
1666,153631,한우 랩소디,드라마,KR,,2.0,"머리부터 꼬리까지 버릴 게 없다. 한국 음식 문화에서 절대 빼놓을 수 없는 최고의 식재료, 한우. 그 풍성한 역사와 고유한 전통 속으로 들어가 본다."
1667,240149,푸바오와 할부지,예능,KR,,6.0,전국민의 사랑을 받은 판다 푸바오와 강철원 사육사의 만남과 이별을 관찰하는 토크프로그램
1668,132615,시크릿 쥬쥬 별의 여신,드라마,,15.0,1.0,"선샤인빌에서 베이커리를 운영하는 파티시에 셀레나와 바리스트 루카스 부부의 딸로 환생한 쥬쥬. 자신도 엄마처럼 멋진 파티시에가 되겠다며 부모님 일을 도우며 꿈을 이루기 위해 노력하고, 즐거운 일상을 살아간다. 그리고 오랜만에 다시 만나게 된 어릴적 베프 신디! 유학을 마치고 돌아온 신디는 쥬쥬의 일상을 더욱 즐겁게 해준다. 그런데 어느 날 귀여운 고양이(타로)가 쥬쥬를 따라오더니 이상한 말을 하기 시작한다.

쥬쥬가 원래는 천상계의 여신이었는데 이제 인간세상에서 11명의 별의 여신을 모두 찾아서 카드앨범을 채워야 한다고….

사실 쥬쥬는 12번째 별의 여신이 되기 위한 천상계의 여신 수련생 이었고, 수련을 하던 도중 호기심으로 인해 천상계의 법칙을 어겨 그 벌로 여신들을 찾아내야만 하는 미션을 받아 인간세상으로 환생하게 된 것. 이 미션 속에는 엄청난 비밀이 숨겨져 있는데….

천상계에서의 기억을 모두 잃어버린 쥬쥬는 마녀 데비 일당에 의해 계속해서 위험에 빠지며, 이때 다시 나타난 타로의 도움을 받아 초현실적 사건을 접하면서 타로의 말을 믿게 된다. 어느 날 갑자기 자신에게 생긴 엄청난 비밀과 받아들이기 힘든 운명, 그리고 친구 신디, 타로와 힘을 모아 여신을 찾고 자신의 소중한 일상을 지키기 위해 데비 일당과 맞선다."
1669,320581,최강로드 식포일러,예능,KR,,8.0,"당신이 몰랐던 맛의 비밀, 알면 알수록 더 맛있는 셰프들의 ‘식(食)포일러’ 전격 공개!

대체 불가한 ‘맛의 블루칩’ 최강록, 김도윤 셰프와 연예계 대표 미식가 데프콘이 전국 방방곡곡을 돌아다니며 ‘맛의 스포일러’를 자처해, 감춰왔던 맛의 비밀을 폭로하는 신개념 하이엔드 미식 로드 토크쇼."
1670,251903,TV생물도감,드라마,KR,,26.0,자연에 사는 신기한 생물들에 관해 배워 보세요. 야생과 야외에서 찍은 영상과 흥미로운 주제의 실험이 가득하답니다.
1671,222565,남자가 사랑할 때,드라마,KR,70.0,16.0,젊은이들의 꿈의 무대인 호텔과 테마 파크를 배경으로 감수성 빛나는 청춘들의 멜로가 화려하고 역동적으로 펼쳐지는 드라마.
1672,92669,야인시대,드라마,KR,60.0,2.0,"암울한 시대를 살아가야만 했던 풍운아들의 이야기를 김두한을 중심으로 그들의 인생과 사랑, 아픔을 그려낸 드라마"
1673,212307,반짝반짝 달님이,드라마,KR,13.0,47.0,"밝고 사랑스러운 6살 여자아이 달님이가 가족, 친구들과 겪는 즐거운 일상에 대한 본격 뮤지컬 애니메이션"
1674,325859,내가 만난 사이코패스,예능,KR,,1.0,"사이코패스, 소시오패스, 나르시시스트 등 우리 주변에 숨어있는 반사회적 인격들과 마주한 실제 경험담을 다루는 실화 기반 스릴러 토크 프로그램"
1675,309113,피지컬: 웰컴 투 몽골,예능,KR,,4.0,《피지컬: 아시아》 결승에서 대한민국과 뜨겁게 맞붙었던 몽골팀. 이번엔 몽골의 광활한 자연에서 펼쳐질 각종 도전과 문화 체험 여행으로 한국팀을 안내한다.
1676,129545,내사랑 못난이,드라마,KR,,20.0,서른이 넘도록 행복의 그림자도 밟아보지 못한 지지리 복 없는 사람들의 이야기를 그렸다.
1677,129585,장길산,드라마,KR,,1.0,2004년 5월 17일부터 2004년 11월 16일까지 방송된 SBS 대하드라마이다.
1678,212738,그리스 로마 신화 - 올림포스의 별,드라마,,13.0,1.0,그리스 로마 신화 - 올림포스의 별
1679,274544,와! 진짜? 세상에 이런 일이,예능,KR,,36.0,"짜여진 각본도, 그 어떤 공식도 없다! 쌩.리얼.현실을 담은 일반인들의 무궁무진한 이야기들. 그리고 맘껏 '떠들어 재끼는' MC들의 토크까지! 남녀노소 모두가 즐길 수 있는 新가족 예능"
1680,281794,소주 랩소디,드라마,KR,,2.0,"한식의 기원과 역사, 진화 과정을 살펴보는 다큐시리즈. 이번에는 국민 주류를 대표하는 소주를 주인공으로 맛있는 여정을 이어간다."
1681,197630,시월의 어느 멋진 날에,드라마,KR,,2.0,"설날 특집 드라마.

아내의 시한부선고로 40년을 함께한 부부가 인생정리와 함께 아내의 버킷리스트를 남편이 실천해가면서 느끼고 깨달아가는 과정을 그렸다."
1682,297367,"지구를 위한 작은 발걸음, 우리가 간다",드라마,KR,,1.0,"기후 위기로 삶의 터전을 잃고 도시에 갇힌 사람들. 넘쳐나는 오폐수로 병들어가는 도시를 구원할 희망은?

배우 남보라, 가수 EB, 한국환경공단이 우간다에서 분뇨 자원화 시스템과 환경 교육으로 지속 가능한 미래를 그린다. 기후 재앙, 끝나지 않는 악순환을 끊을 작은 발걸음이 시작된다."
1683,158463,써클 하우스,예능,KR,80.0,10.0,신년특집 10부작 '대국민 상담 프로젝트' 위로가 필요한 이 시대의 청춘들을 위한 특별한 써클!
1684,239427,명탐정 피트,드라마,KR,8.0,104.0,숲 속의 미스터리한 사건과 맞닥뜨린 '숲 속 수사대'가 좌충우돌 수사 속에서 동식물의 진기한 생태와 자연을 체험하는 이야기
1685,313846,더 코리안 셰프,드라마,KR,,2.0,파인 다이닝 최고의 영예인 미슐랭 스타를 획득한 레스토랑과 셰프들이 감당해야 하는 압박감을 조명하는 다큐멘터리 시리즈.
1686,134574,정답누설 퀴즈쇼: 오늘 배송,예능,KR,,2.0,생활밀착형 퀴즈와 토크가 결합된 예능 프로그램
1687,232714,빅픽처패밀리,예능,KR,,8.0,"살며, 찍고, 나누는, 인생샷'을 콘셉트로, 4명의 사랑꾼들이 경상남도 통영에서 사진관을 열고, 일주일간 동거하며 인생샷을 남기는 모습을 담아낼 리얼리티 예능 프로그램."
1688,238049,옆집 남편들 - 녹색 아버지회,예능,,,6.0,지구 안전은 녹색 아버지가 책임진다! 내 아이가 살아갈 지구를 위해 국내외 환경 이슈를 직접 찾아가 솔선수범하는 친환경 버라이어티
1689,277908,유니버스 리그,예능,KR,,10.0,"‘유니버스 티켓’의 새로운 세계관, 소년들의 〈유니버스 리그〉가 시작된다! 데뷔의 꿈을 이뤄줄 프리즘 컵을 차지하기 위한 드림 매치! 〈유니버스 리그〉"
1690,309285,피닉스맨,드라마,KR,,26.0,"주변의 사물을 자신의 슈트와 로봇으로 만들어

세상의 평화를 깨려는 악당 <베마에> 와 싸운다!

지금까지 없던 새로운 슈퍼 히어로! ""피닉스맨"""
1691,301241,나도야 간다,드라마,KR,,21.0,"웃겨주고 울려주고, 편안하면서도 삶에 용기를 주고 꿈과 희망을 주는 생활감 있는 가족극.

행숙은 20세에 미혼모가 되어 어린 두 동생과 딸을 어엿한 성인으로 키워내고 끝내 자신의 꿈도 포기하지않고 치열한 삶을 살아가는 주인공이다. 남편의 외도를 용서하지 못하고 이혼한 후, 다른 사랑을 만나 결혼해서도 또 다시 갈등을 겪는 둘째 경숙에게 어차피 인생에는 정답이 없고 두 번 이혼해도 세 번 이혼해도 상관없지만 좀 더 치열하게 사랑하고 헤어져야 후회가 없을 것 아니냐며 우선 스스로의 인간적 가치를 깨닫고 당당해지라고 충고한다.

눈에 반한 남자와 결혼했지만, 자신을 여자로 생각하지 않으며 이혼을 요구하는 남편에 괴로워 하는 막내 효숙에게는 지금은 모든 것이 끝난것 같지만 인생은 그렇게 쉽게 끝나는 것이 아니라고 목숨이 붙어있는 한 내일은 있고 넌 누구보다 행복해질 자격이 있는 아이라고 용기를 북돋아 준다.

이 시대를 살고 있는 여성시청자들이 결혼을 해서 살든 혼자 살든 자신의 인간적 가치를 인식하고 자기 앞에 놓여진 생에 치열함을 다하는 것이 행복으로 가는 지름길임을 깨달을 수 있기를 바란다."
1692,230392,곽준빈의 세계 기사식당,예능,,,35.0,인기 여행 유튜버 '곽튜브'로 활동 중인 곽준빈이 해외의 기사식당을 방문하는 리얼리티 여행 프로그램
1693,154886,공생의 법칙,예능,KR,,7.0,산전·수전·공중전! 대한민국 육해공을 누비며 '생태계 교란 야생생물'을 산전·수전·공중전! 대한민국 육해공을 누비며 '생태계 교란 야생생물'을 퇴치하는 생태계 수호 버라이어티.퇴치하는 생태계 수호 버라이어티.
1694,236212,토닥토닥 꼬모,드라마,KR,8.0,18.0,"바깥세상이 궁금한 아기 병아리 꼬모. 워미, 또또, 우바와 함께 푸른 자연 속에서 꿈과 호기심을 키워가지요. 친구들과 함께라면 매일매일이 즐거운 모험이랍니다. 그럼 오늘은 또 어떤 신나는 일이 벌어질까요?"
1695,313905,공양간의 셰프들,드라마,KR,50.0,4.0,명장 스님 6인의 음식에 담긴 철학과 그 안에 스며든 수행의 의미를 보여주는 푸드 리얼리티
1696,288805,터닝메카드 갓,드라마,KR,,21.0,"'내 목소리가 들리면 대답해줘.'

어느 날 갑자기 나찬에게 들려오는 목소리.

그 소리에 이끌려 도착한 숲에서 만나게 된 미니카 에반!

갑작스러운 배틀로 크게 다친 에반.

그런 에반을 구해준 다른 세계에서 왔다고 하는 소녀 이소벨!

이소벨은 악의 조직 다크섀도우가 악행을 일삼는다는 사실을 알려주며, 찬에게 도움을 달라고 부탁하는데...

온 우주를 지배하려는 수수께끼의 집단 다크섀도우!

그들에게서 도망쳐 지구로 넘어온 메카니멀들.

다크섀도우의 음모를 막기 위해 함께 싸우자!

우리 다 함께 외쳐볼까?

메카니멀 고 파이트!"
1697,258977,현무카세,예능,,,9.0,퇴근길에 문득 생각나는 게스트를 전현무와 김지석의 개인 아지트인 '현무카세'에 초대해 ‘게스트 맞춤형’ 풀코스 요리를 대접하면서 마음까지 요리해 주는 ‘리얼 토크쇼’
1698,272192,극한투어,예능,KR,,8.0,"'익스트림 투어'는 SNS에서만 보던 세계 곳곳에 숨겨진 극한의 여행지를 '극한 지옥'과 '극한 천국'을 오가며 여행의 재미를 보여주는 프로그램입니다. 개그맨 박명수, 조세호, 이은지, JTBC 강지영이 메인 MC를 맡아 여행 메이트들과 함께 직접 여행지를 선택해 '고자극 실험' 여행을 즐긴다."
1699,128334,완전한 사랑,드라마,KR,,24.0,"나이와 배경 차이 때문에 주위의 반대에 시달리던 커플. 아내가 불치병에 걸린 이후, 서로에 대한 진실한 사랑의 힘을 깨닫게 된다."
1700,313968,돌아와요 아저씨,드라마,,,1.0,
1701,325249,차박로드,예능,KR,,1.0,"대한민국 축구의 두 전설, 차범근과 박지성. 이름만으로도 심장이 뛰는 조합, ‘차박’이 드디어 뭉쳤다! 2026 북중미 월드컵을 향해 한국과 멕시코를 넘나드는 초대형 로드트립, <차박로드> 여기에 믿고 듣는 베테랑 캐스터 배성재까지 합류! 세 사람은 한국 축구사의 뜨거운 순간들이 깃든 역사적 장소들을 누비고, 다가올 월드컵을 향한 새로운 로드맵을 완성해 나갈 예정. 축구팬들의 피를 다시 끓게 할 위대한 여정이 지금 시작된다."
1702,315404,처음 만나는 삼국유사,예능,KR,,26.0,역사 전문가 '큰별쌤' 최태성이 《삼국유사》 속 설화와 전설적 인물들의 이야기를 애니메이션으로 생생하게 재구성한다.
1703,275908,핑크퐁 공룡 유치원,드라마,KR,,12.0,"무지갯빛 매력을 가진 꼬마 공룡들이 모여있는 곳! “공룡 유치원에 온 것을 환영해요!” 잡기 놀이를 좋아하는 렉스, 언제나 배고픈 식욕 왕성 브리, 똑똑한 머리를 가진 벨라, 모자 수집가 재간둥이 피트까지! 꼬마 공룡들은 숫자, 알파벳, 색깔 등에 대해 배우기도 하고, 나와는 다른 친구에 대한 이해를 넓히기도 하며 오늘도 한 뼘 성장하지요! 내일은 또 어떤 재밌는 일이 꼬마 공룡들을 기다리고 있을까요?"
1704,283790,꾸러기 탐구생활,예능,KR,,233.0,"과학, 사회, 역사, 수학 등 교과서 속 내용들을 아이들 스스로 직접 보고, 듣고, 느낄 수 있도록 발로 뛰는 현장체험을 통해 알아보고 한 발짝 더 나아가 꼬리에 꼬리를 무는 궁금증까지 해결해 보는 프로그램"
1705,322724,법륜로드: 스님과 손님,예능,KR,,5.0,"비움과 채움의 경계 속 '진정한 나'를 찾아 떠나는 즉문즉설 로드 여행기 ""어떻게 살아야 행복한가요?"""
1706,207385,연애는 직진,예능,KR,,4.0,같은 취미를 가진 싱글 남녀들의 밀당 없는 로맨스! 취미와 사랑을 동시에 잡는 직진 연애 리얼리티
1707,263293,핑크퐁과 호기: 새 친구 니니모,드라마,KR,,13.0,"신비한 마법의 힘을 가진 핑크퐁은 세상 모든 게 궁금한 호기에게 최고의 단짝! 어느 날, 핑크퐁의 마법이 사라지고 고양이가 나타났다냥!? 기억도 마법도 잃고, 냥줍!했지만 친구들이 있어 핑크퐁은 즐거워! “친구들과 함께라는 건 마법같은 일이야!”"
1708,312366,1997 세계최강 아키라키드,드라마,KR,,2.0,"1997년 '버추어 파이터 3' 세계 대회에서 우승한 한국 중학생. 이후 게임계에서 홀연히 자취를 감췄다. 그를 찾아 나선 다큐멘터리.

1997년 일본 도쿄에서 열린 첫 대전격투게임 세계대회인 ‘버추어 파이터3: 맥시멈 배틀’. 수 만 명이 참가한 지역예선을 거쳐 최종 선발된 일본 대표 3인과 총 7개국에서 모인 각국의 대표 플레이어들이 맞붙는 초유의 이벤트였다. 모두들 일본의 유명 플레이어들이 우승할 것이라 점치는 가운데, 한 한국인 중학생이 등장하자 압도적인 플레이에 모두들 경악하고야 말았다. 처음 보는 기술들과 화려한 궁극기들, 그리고 절정에 다른 게임운영까지 모두를 충격에 빠뜨린 채 우승 트로피를 거머쥔 소년의 이름은 ‘아키라키드’. 게이머들 사이 전설로 남은 ‘아키라키드’는 이후 게임계에서 사라졌는데… 그는 어디로 간 걸까? 남겨진 그의 흔적을 추적해본다."
1709,307439,골 때리는 녀석들 - 레전드 한일전,예능,,,2.0,‘레전드 한일전’이기에 가능한 뜨거운 경쟁과 우정의 감동 드라마! 국경과 세대를 초월한 레전드들이 한 치의 양보도 없는 숙명의 대결을 펼친다
1710,247107,국민 참견 재판,드라마,KR,,2.0,"모든 판결엔 이유가 있다! 하지만 모든 판결에 동의할 순 없다? 답답하기만 했던 뉴스 속 그 사건, ‘국참재’에서 속 시원히 판결해 드립니다. 국민 대표 배심원들의 사이다 참견 프로젝트!"
1711,300161,땡큐,예능,KR,,22.0,"전혀 다른 길을 걸어온 출연자들이 소박한 기행을 함께 하면서 서로의 이야기를 나누고 소통하며, 그 속에서 또 다른 나를 발견하고, 인생의 지혜와 용기를 시청자와 나누는 리얼 기행 토크 프로그램"
1712,300296,18초,예능,KR,,2.0,최다 조회 수의 영상을 만들기 위한 TV스타들과 SNS 스타들의 도전을 담은 프로그램
1713,252047,괴물,드라마,,67.0,1.0,국회의원 창훈의 하들 태석이 20대 여성과 실랑이하다 살인을 벌이게 되고 아버지 창훈은 변호사 현수에게 사건 해결을 의뢰하게 된다. 한편 법조계에서는 청개구리로 통하는 현수의 사법동기 진욱이 이 사건을 맞게되면서 둘의 갈등으로 전개되는 이야기
1714,240515,현역가왕,예능,KR,,37.0,"2024년 치러질 ‘한일 트롯 가왕전’에 나갈, 대한민국 대표 ‘최정상급 여성 현역 트롯 가수’ TOP7을 뽑는 서바이벌 음악 예능 프로그램"
1715,279392,너에게 닿기를,예능,KR,,2.0,"추천자의 음성이 담긴 오디오가 여행자에게 전달되고, 추천자의 오디오를 따라 여행하는 한일 공동 제작 아날로그 감성 여행 프로그램"
1716,66042,생활의 달인,드라마,KR,55.0,164.0,수십년간 한 분야에 종사하며 부단한 열정과 노력으로 달인의 경지에 이르게 된 사람들.  삶의 스토리와 리얼리티가 담겨 있는 생활 달인은 그 자체가 다큐멘터리.  비록 소박한 일이지만 평생을 통해 최고가 된 '생활 달인'의 놀라운 득도의 경지를 만나는 시간.
1717,305617,뜻밖의 미스터리 클럽,예능,KR,,2.0,"미스터리한 사건이나 잘 설명되지 않는 기묘한 이야기를 소개하고, 대중의 참여를 통해 진실을 파헤쳐보는 새로운 형식의 '집단 지성 X 미스터리 추리 토크쇼'"
1718,233794,과몰입 인생사,예능,KR,,8.0,우리는 늘 선택의 기로에 놓입니다. 어떤 선택은 인생을 넘어 역사를 바꿔놓기도 하죠. 오늘 당신은 누군가의 인생을 살아봅니다. 당신이라면... 어떤 선택을 하겠습니까? 세상을 뒤흔들 선택형 역사 토크쇼 <과몰입 인생사>
1719,279286,레소피,예능,,,5.0,다섯 명의 셰프들이 자신만의 내밀한 이야기와 더불어 시대의 화두를 담아낸 특별한 요리들을 공개한다. 각자의 철학이 담긴 레시피로 새로운 요리의 지평을 열어가는 그들의 여정을 들여다본다.
1720,288558,서장훈의 이웃집 백만장자,예능,KR,,39.0,"""우리는 얼만큼의 돈을 가져야 행복한걸까?""

""돈이란 우리에게 어떤 의미일까?""

이 거대한 질문의 해답을 얻기 위해, 2조 거인 서장훈과 콩고 왕자 조나단이 전국을 누비며 숨은 '진짜 부자'를 찾아나선다!

부자의 은밀한 사생활을 관찰하며 이들을 성공으로 이끈 일상 속 비범함을 발견하고, 깊이 있는 토크를 통해 부자의 사고방식, 가치와 철학을 들어보며 진정한 부의 의미를 조명한다."
1721,215007,썸남썸녀,예능,KR,,14.0,솔로 남녀스타들이 모여 사랑에 대해 고민하고 공감하며 진정한 사랑을 찾아가는 프로그램
1722,204091,반짝반짝,드라마,,,1.0,
1723,243654,한 번쯤 이혼할 결심,예능,,,17.0,스타 부부들이 '가상 이혼'을 준비하고 실행하는 모습을 생생하게 담아내는 파격적인 콘셉트의 '가상 이혼 관찰 리얼리티' 프로그램
1724,208260,독신천하,드라마,KR,,1.0,독신으로 살아가는 여섯 남녀의 일과 사랑을 코믹하게 그린 드라마
1725,315408,처음 만나는 인물 한국사,예능,KR,,26.0,"한국의 위인들을 다룬 교육 시리즈. 흥미진진한 스토리텔링, 생생한 애니메이션, 실감 나는 재연을 통해 역사를 되살린다."
1726,221986,꼬미마녀 라라,드라마,,11.0,26.0,대마법사를 꿈꾸는 학생들이 다니는 포르르 마법 학교에서 친화력 좋은 라라가 마법 소동을 해결하고 점차 꼬미마녀로 성장해 가는 이야기
1727,207083,다시 만난 세계 : 쩌미문,드라마,KR,10.0,16.0,우연히 애착키링의 비밀 주문을 읽었다가 자신의 상상 속 가상세계 ‘쩌미문’에 갇혀버린 24살 민쩌미가 12년 전으로 돌아가 12살 자신의 비밀 언니가 되어주면서 함께 성장하는 타임슬립 판타지 드라마
1728,204118,매직아이,예능,KR,,20.0,"재미있는 이야기와 생생한 실용 체험 정보. 우리의 삶을 더욱 즐겁고, 살맛 나게 만든다. 유쾌하게 배우고 재미있게 느끼는 새털처럼 가벼운 쇼!"
1729,283784,핑크퐁 슈퍼구조대,드라마,KR,,18.0,"핑크퐁 슈퍼구조대는 도시에서 일어나는 모든 사건을 해결한다. 욕심 많은 도둑을 잡고, 용감하게 불을 끄기도 하는 슈퍼구조대는 사람들의 도움이 필요한 곳 어디든지 출동한다!"
1730,134516,전설의 빅피쉬,예능,KR,,4.0,"세계 곳곳의 대표 물고기를 소개하며 잡고, 그 나라의 낚시 고수와 대결을 펼치는 낚시 예능 프로그램"
1731,111399,텔레비전에 그게 나왔으면,예능,KR,,5.0,대한민국에서 가장 친근한 스타! 2020 호감도 상위권 랭크! 시청자들을 가장 크게 웃게 할 스타 6인방이 기발하고 유쾌한 PPL로 시청자에게 즐거움을 선사하고 PPL 물건을 시청자들에게 선물도 하는 일석이조 신개념 PPL 방송
1732,300453,사장님이 보고있다,예능,KR,,1.0,"아이돌과 해당 소속사 사장이 함께 출연하여 아이돌은 소속사 사장님이 지켜보는 앞에서 그동안 갈고닦은 실력과 예능감을 쏟아내는 한편, 사장단은 회사의 운명과 소속 아이돌의 명예를 걸고 '내 자식'을 생존시키기 위한 실시간 코치에 나서는 프로그램"
1733,318424,영재발굴단: 인피니티,예능,KR,,1.0,"잠재적인 영재성이 돋보이는 아이들을 발굴하고 육성하는 리얼리티 프로그램 <영재발굴단>. 재능 발굴을 넘어, 영재들의 성장과 변화를 따라가는 세대 확장 프로젝트로 다시 돌아왔다. 놀라운 모습으로 성장한 영재들의 근황, 그리고 2026 NEW 영재들의 경이로운 일상 전격 공개. 영재들은 어떻게 탄생하고, 그들의 발전 가능성은 어디까지일까? 7년간 멈췄던 질문이 다시 시작된다."
1734,134481,식재료 중심 - 격조식당,예능,KR,,2.0,한국의 좋은 식재료를 알리고 보급하는 데 앞장서는 신개념 요리 예능 프로그램
1735,135107,영재 발굴단,예능,KR,,2.0,대한민국 곳곳에 숨어있는 영재들을 찾아 어디에서도 본 적 없고 조금은 특별한 영재들의 이야기를 리얼하게 담은 프로그램
1736,290758,최후의 권력,드라마,KR,,5.0,"내레이션 이병헌, '최후의 제국'에 이어 다시 한 번 만나는 따뜻하고 무게 있는 목소리! 다큐멘터리 '최후의 제국' 제작진이 제시하는 또 하나의 시대정신!

2013년, 세계의 권력지도가 바뀌었다. 권력과 리더십에 대한 새로운 패러다임은 이제 시대정신이 되었다. 현대를 살아가는 우리에게 권력이란 무엇일까? 권력은 왜 줄곧 불공정하고 불평등한 것으로 받아 들여지는 것일까? 경제적, 사회적 양극화의 시대에서 언제부턴가 권력은 모두가 아닌 소수를 위한 것이라는 불만이 나오고, 소외되는 사람들이 늘어 가고 있다. 오늘날 직면한 문제를 극복하기 위해, 우리 시대의 권력은 어떤 모습이어야 할까? 다큐멘터리 최후의 권력은 그 대안을 찾는 고민에서부터 출발한다.

최후의 권력은 권력의 탄생에서부터 21세기 현대권력에 이르는 인류 권력의 역사 속에서 바람직한 권력에 대한 해답을 찾아보려는 새로운 시도이며, 권력의 끝이 아닌 권력이 궁극적으로 추구해야 할 목적을 찾아 떠나는 권력 대탐사프로젝트이다. 권력의 목적을 성찰하고, 진정성을 회복할 방법을 찾아서 제작진은 조지아의 험준한 대 코카서스 산맥에서 출발해, 세계 권력의 양대 축, 미국과 중국. 그리고 아시아, 아프리카, 유럽까지... 총 11개국, 80,088Km의 대장정을 감행했다."
1737,146197,크롱크롱 우주대소동,드라마,KR,21.0,3.0,크롱이랑 똑같이 생긴 외계인들이 나타났다!? 우주로 떠난 크롱과 외계인들을 찾으러 가자!
1738,318336,티시태시와 춤추고 노래해요!,드라마,KR,,20.0,티시 태시와 함께 춤추고 노래해요! 상상력 폭발! 7살 티시와 상상 친구 태시가 노래하고 춤추며 일상의 소소한 고민들을 씩씩하게 해결해요!
1739,307057,갱단과의 전쟁,드라마,KR,,6.0,"마약, 피싱, 로맨스 스캠, 인신매매 등 갱단의 범죄는 국경을 넘나들며 초국가범죄로 자리 잡았다. 이러한 초국가범죄조직을 추적하기 위해서는 수사도 국경을 넘어야 한다. <갱단과의 전쟁>은 한국을 노리는 갱단과 맞서는 국내외 수사기관을 밀착 취재하며 글로벌 범죄 네트워크를 추적한다."
1740,146341,타요의 공룡 어드벤처,드라마,KR,21.0,1.0,사라진 공룡들이 잠들어있는 다이노킹덤. 그 전설을 찾기 위해 타요가 떠난다!
1741,313031,일병 김원훈: 보직의 세계,예능,KR,,7.0,일병으로 재입대한 코미디언 김원훈. 동료 병사들과 함께 다종다양한 특수 보직의 세계를 직접 몸으로 체험하며 소개한다.
1742,299657,글로벌 붕어빵,예능,KR,,2.0,"지금 대한민국은 외국인 전성시대! 그러나 정작 글로벌 가족에 대한 이해와 관심은 턱없이 부족한 상황! <글로벌 붕어빵>은 글로벌 가족에 대한 편견을 해소하고 이해의 폭을 넓히고자 기획되었으며, 더 많은 시청자들과 함께하기 위해 온 가족이 편안하게 시청할 수 있는 일요일 오전 시간대를 선택했습니다. 글로벌 가족의 다채로운 이야기와 함께 흥미진진한 퀴즈를 풀며 세계인과 소통하는 법을 나누고, 글로벌 가족에 대한 이해를 한층 높이고자 합니다."
1743,155020,똘똘이 그림일기 동요,드라마,,36.0,15.0,하루도 조용할 날 없는 똘똘이. 오늘은 또 무슨 일이 있었을까? 똘똘이의 그림일기를 보며 오늘 하루 무슨 일이 일어났는지 노래와 이야기로 확인 해보자!
1744,315402,유명가수에겐 히트곡이 필요해,예능,KR,,20.0,"JTBC에서 방영한 싱어게인 4 - 무명가수전의 스핀오프 프로그램.

《싱어게인》 시즌 4에서 최후의 6인에 오른 가수들이 정상에 오르기 위해 대결을 펼친다. 이들에게 주어진 미션은? 프로듀서들과 손잡고 차트를 장악할 최고의 히트곡을 만들어라."
1745,303741,별의별토크: 보고보고보고서,예능,KR,,4.0,"외계인의 시선으로 지구인들을 보고, 보고, 작성한 보고서

별의별 토크가 쏟아지는 범우주적 토크쇼"
1746,129541,워킹맘,드라마,KR,,1.0,"잘 나가던 캐리어 우먼, 육아휴직 후 직장에 컴백할려는데 애 맡길 데가 없다. 육아와 직장일 사이에서 고군분투하는 워킹맘 가영의 이야기를 그린 드라마."
1747,258014,궁금한 건 못참는 주니토니 이야기,드라마,,,60.0,"쌍둥이 꼬마 마법사 주니, 토니와 함께 동물과 곤충, 직업, 몸 등에 관한 다양한 지식을 배워보는 시간. 공부가 신나는 음악 모험으로 바뀐답니다!"
1748,215400,남겨진 미래 남극,드라마,KR,,4.0,"● 지구환경의 바로미터, 얼음대륙 남극이 던지는 경고

지구환경의 지표이자 자원의 보고, 남극이 지구온난화로 녹아내리고 있다. 연평균 기온 -55도, 얼음두께 2000m, 남극 얼음이 모두 녹아내리면 해수면은 60cm 상승한다. 재앙은 저지대 사람들에게만 국한되지 않는다. 기후변화와 생태계 교란으로 이어져 인류의 미래를 위협한다. 녹아내리는 남극은 먼 나라 이야기가 아니다.

남극은 인류의 남겨진 미래다.

● 새로 쓰는 남극 탐험사, 인류 최초로 시도하는 친환경 탐험

아문젠 남극점 도달 100년, 박영석대장이 이끄는 한국의 그린원정대가 단 1%의 CO2도 배출하지 않고 태양에너지로 청정대륙 남극횡단에 도전한다. 앞으로 50년 후면 석유와 석탄 같은 화석연료는 고갈된다. 화석연료 없이 인류의 생존은 가능할 것인가?

그린원정대의 도전은 단순한 탐험을 뛰어넘어 인류의 미래를 위한 실험이다."
1749,305538,넥스트 샘 올트먼,드라마,KR,,1.0,"챗GPT 다음에 올 AI는 무엇일까. 한국 미디어 최초로 오픈AI의 CEO 샘 올트먼을 단독 인터뷰했다. 메타의 얀 르쿤 과학자, 퍼플렉시티 CEO 등 AI 석학들과 업계 거물들도 인터뷰해 ‘넥스트 올트먼’이 무엇이 될지에 대해 물어봤다. 이에 도전하는 실리콘밸리의 신예들까지. 누가 답을 갖고 있을까.

샘 올트먼이 AI의 잠재력을 증명해 보인 지금, 한국의 미래는 어디로 향하게 될까? 스스로를 '넥스트 샘 올트먼'이라 부르는 혁신가들을 만나 보자."
1750,201276,골 때리는 외박,예능,KR,,11.0,"휴식이 간절한 스타들을 위한

오감만족 ‘골 때리게’ 웃긴 힐링 여행 프로젝트!"
1751,208761,꼬모는 궁금해,드라마,KR,,3.0,"꼬모와 친구들이 작아졌어요. 신기한 것들이 가득한 세상으로 떠나는 마법 같은 여행. 이것저것 먹어보고 만져보며 신나게 놀아보아요. 매일 새로운 재미를 발견하고 배울 수 있답니다. 호기심 가득한 꼬모가 펼치는 짜릿한 탐험, 지금 출발!"
1752,305606,사운드 오브 뮤직: 음악의 탄생,드라마,KR,,2.0,"2019년, SBS가 선보이는 국내최초 자연 음원 메이킹 프로그램 - 사운드 오브 뮤직! 대자연의 소리를 채집해 음악으로 승화시켜 세상 단 하나뿐인 노래가 탄생한다! 자연은 보고 느끼는 것만으로도 인간에게 힐링을 선사한다. 음악 역시 무기력한 일상에 설렘과 열정을 불러일으키고 감정의 카타르시스를 느끼게 해주는 마음의 치유제이다. 사운드 오브 뮤직에서는 대한민국 대표 뮤지션들이 도시의 소음에 둘러싸인 삶에서 벗어나 대자연의 품으로 들어가 그들의 음악인생에 신선한 자극을 줄, 새로운 영감을 찾아 떠난다. 자연의 소리를 효과음 삼아, 자연을 존중하는 원주민들의 노래를 멜로디 삼아 새로운 음악을 탄생시키는 역발상 레어템 음원제작기! 컴퓨터로 찍어서 만들어내는 비트와 멜로디가 전혀 없는 곳에서 오직 대자연이 들려주는 태초의 소리와 원시부족들의 입을 통해 나오는 노래만을 채집해 최고의 힐링 음원을 만들어 내야 하는, 사상 유래 없는 첫 도전! 과연 뮤지션들은 오직 자연, 단 하나의 재료만을 가지고도 우리의 오감을 전율하게 만들 음악을 만들어 낼 수 있을까?"
1753,294937,전설의 리그,예능,KR,,2.0,"세계 최정상의 금메달리스트들이 맞붙는 별들의 전쟁이 시작된다!

전설 중의 전설을 가리는, 그 첫 번째 리그는?!

세계무대 10연패!

36년 동안 최고의 자리를 지켜 온 대한민국 여자 양궁!

활 하나로 전 세계를 압도했던 전설의 양궁 금메달리스트들이 드디어 한자리에 모인다!

시대를 초월한 명승부 속 최강자의 명예를 차지할 전설은 과연 누가 될 것인가!

어디서도 볼 수 없었던 치열하고 짜릿한 양궁전쟁!

다시 뜨겁게 펼쳐지는 <전설의 리그>"
1754,232322,슈퍼트론,드라마,KR,11.0,13.0,우정의 힘과 티라노사우루스 소환 능력으로 무장한 강찬. 지구의 에너지를 훔치려는 악당 타라칸에 맞서 싸운다.
1755,300200,주먹쥐고 주방장,예능,KR,,2.0,"군대보다 더 엄격하고, 소림무술보다 더 긴장감 넘치는 중국 초대형 식당 주방에서의 생고생 리얼 24시. 지지고 볶고 울고 웃는 주방의 세계에서 쓴맛, 단맛 다 보게 될 이들의 도전기"
1756,218754,"설날 특집, 낭만 여행 떠나보면 알 거야",예능,,,3.0,"‘나’보다는 ‘가족’을 위해 살아온 중년 남성들의 로망이 현실이 되는 순간! 대한민국 대표 사랑꾼 최수종, 도경완이 남편, 아빠, 가장의 무게를 잠시 내려놓고 낭만을 벗 삼아 떠나는 2박3일 둘만의 여행! 보물 같은 숨은 명소를 찾아가는 여행지의 재발견! 여행자들의 마음을 훔칠 특별한 그곳에서 두 남자는 어떤 순간을 마주하게 될까? 빠르게 흘러가던 시간도 한참을 머물게 할 ‘두 남자의 여정’시작된다."
1757,197638,주먹쥐고 소림사,예능,KR,,13.0,김병만을 주축으로 출연자들이 소림사로 함께 떠나 무술 훈련을 받는 과정을 그린 리얼 버라이어티
1758,304581,잔망루피,드라마,KR,,4.0,네 맘을 뤂팡할 핑크비버 잔망루피의 익살스런 일상 공감 이야기!
1759,291435,룸메이트,드라마,KR,,8.0,
1760,297973,요즘 가족: 조카면 족하다?,예능,KR,,2.0,각양각색 다양한 형태로 변화되는 ‘요즘 가족들의 삶’을 들여다보는 프로그램
1761,306569,AI 챔피언: 미래를 코딩하다,드라마,KR,,2.0,"AI 혁명 시대, 대한민국도 그 흐름을 따라 혁신적인 AI 기술과 창의적이고 도전적인 인재를 발굴하고자 AI 경진대회 ‘2025 AI 챔피언 대회’를 개최했다. 과학기술정보통신부의 주최로 지난 7월에 시작, 약 5개월 동안 펼쳐진 이번 대회는 이제껏 국내 어느 대회에서도 보지 못했던 총 60억 원의 연구비가 지원되어 관심을 모았다. 국내 최대 규모, 국내 최장기간 진행되는 AI 챔피언 대회에는 총 630개 팀, 3,410명의 지원자가 몰릴 만큼 열기가 대단했다. 이들 중 30억 원의 후속 연구비를 받을 수 있는 영예의 1위 팀이 어떤 과정을 거쳐 탄생하게 되는지 그 치열한 경쟁의 순간을 따라가 본다."
1762,69849,씬스틸러-드라마 전쟁,예능,KR,,8.0,대한민국 대중문화계를 이끄는 최고의 스타들이 펼치는 연기대결 프로그램
1763,311757,이상한 동물원,드라마,KR,,2.0,"동물병원 개업 대신 보호자가 없는 야생동물들을 치료하기로 선택한 ‘이상한 수의사’ 김정호.국내 최고 야생 동물수의사인 그의 손끝에서 펼쳐지는 긴박한 수술실의 사투, 맹수들의 목숨을 건 합사, 그리고 눈물겨운 구조의 순간들. 우리가 몰랐던 동물원 이면의 생생한 풍경을 담은 18개월간의 뜨거운 기록이 시작된다."
1764,283788,핑크퐁 뮤지컬 동물 동화,드라마,KR,,10.0,"우당탕탕 즐거운 숲속 동물 친구들 만나러 떠나 볼까요?

꼬불꼬불 귀여운 꼬리가 사라진 돼지, 도토리를 찾아 헤매는 탐정 다람쥐, 폴짝폴짝 발레하는 코뿔소까지 재미있는 동물 친구들이 우리를 기다리고 있어요! 자, 다 함께 출발~!"
1765,308791,옐언니TV,예능,KR,,1.0,"먹방, 재밌는 챌린지, 그리고 일상 속 꿀팁까지. 인기 크리에이터 옐언니의 톡톡 튀는 콘텐츠가 펼쳐진다."
1766,306489,사파리 버스 타요,드라마,KR,,8.0,"사파리 버스로 변신한 타요와 꼬마 탐험가 두리가 아프리카 사파리로 모험을 떠났어요. 위험에 빠진 아기 사자도 구해주고, 아기 기린이 태어나는 멋진 순간도 함께하고, 멋진 여왕이 이끄는 하이에나 무리도 만났죠! 사파리의 다양한 동물들을 만나 펼치는 흥미진진한 타요와 두리의 모험을 함께해요!"
1767,313498,2025 SBS 가요대전 Summer,드라마,,,2.0,"2025 SBS 가요대전 SUMMER

7/21 (일) 인스파이어 아레나"
1768,46325,고쇼,예능,KR,,2.0,공개 시추에이션 토크쇼 '고쇼'는 매주 영화 주인공 오디션 상황이라는 설정아래 스타의 매력과 캐릭터를 재발굴하는 신개념 토크쇼
1769,279864,기안이쎄오,예능,KR,,8.0,동병상련 CEO들을 위한 해결사가 된 기안84의 CEO 구출일지를 그리는 오피스 예능 프로그램이다.
1770,275909,베베핀 댄스타임,드라마,KR,,2.0,"베베핀과 함께 즐겁게 춤추고 노래해봐요! 엄마 아빠와 함께, 형 누나와 함께 신나는 댄스타임!"
1771,204179,다이아몬드의 눈물,드라마,KR,,21.0,자신과 가족들을 망친 옛 남자에 대한 한 여자의 집요한 복수를 다룬 드라마.
1772,233438,카비온,드라마,,14.0,52.0,"카드에서 몬스터로 변신하는 신비한 생명체인 카비온과 인간이 함께 공존하며 살고 있는 세상에서 벌어지는 이야기이다.

평화로운 공존의 시기가 지나가고 카비온을 흑화 시켜 세상을 정복하려는 블랙단이 나타나면서 세상은 위험에 처하게 된다.

하지만, 카비온과 교감하여 컨트롤할 수 있는 마스터들이 나타나 블랙단과 맞서 싸우게 되고, 인류는 카비온 마스터를 양성하는 아카데미를 창설하기에 이른다.

아카데미에 입학한 주인공 우주와 쿠리, 그리고 카비온 마스터를 꿈꾸는 친구들의 흥미진진한 성장 이야기!"
1773,130866,세기의 대결 AI vs 인간,드라마,,,5.0,SBS 신년특집 세기의 대결 AI vs 인간
1774,305445,베일드 뮤지션,예능,KR,,8.0,"보컬리스트들이 왕관을 두고 펼치는 반전 가득한 음악 경연. 심사 위원들은 참가자들의 목소리만 들을 수 있을 뿐, 그들의 모습을 볼 수는 없다."
1775,308790,인싸가족,드라마,KR,,27.0,슈퍼 인싸 인플루언서 가족의 코미디 시리즈. 일상 속의 각종 챌린지를 수행하고 상상을 초월한 상황을 헤쳐나간다.
1776,294939,SBS 아트멘터리 당신과 예술 사이: 예술가의 대화법,드라마,KR,,1.0,"예술가와 관객의 관계를 탐구하며, 작품과 삶. 그리고 영감에 대한 다양한 대화를 나누는 다큐멘터리 시리즈."
1777,298542,프로젝트 K - 독립투사 발굴기,드라마,KR,,1.0,"최초공개! 100년 만에 발굴된 세 가지 독립운동 이야기. 이이경, 한승연, 궤도 3인의 독립투사 발굴단과 역사학자 최태성은 미공개 자료와 다양한 증언을 통해 우리가 알지 못했던 영웅의 실체를 복원한다. 독립을 이뤄낼 때까지, 서로 다른 시공간에서 독립을 위해 싸운 세 명의 K. 독립운동의 가장 결정적 장면에는 언제나 ‘K’가 있었다. 그리고 마지막에 밝혀지는 엄청난 비밀! 알려지지 않았던 독립운동가, K는 과연 누구인가!"
1778,260691,핑크퐁과 체조해요,드라마,KR,,16.0,"핑크퐁 친구들과 함께라면 운동이 어렵지 않아요. 노래하고 춤추며 몸을 이리저리 흔들다 보면, 몸과 마음이 저절로 튼튼해지죠. 귀여운 친구들과 신나는 율동을 시작해 볼까요? 응가 체조, 점핑 체조 등 재밌는 체조가 기다려요."
1779,295579,자연으로 돌아간 반달가슴곰,드라마,KR,,13.0,멸종 위기에 처한 반달가슴곰을 야생으로 돌려보내는 10년에 걸친 야심 찬 프로젝트. 반달가슴곰이 자연에 적응하며 겪는 시련과 성취의 여정을 카메라에 생생하게 담았다.
1780,68047,웃찾사,드라마,KR,,82.0,"대한민국의 남녀노소를 막론하고, 세대와 계층을 뛰어넘는 다양한 웃음 코드를 골고루 충족시킬 것이다. 최근 유행하는 트렌드는 물론이고, 대한민국 국민만이 갖고 있는 정서를 깊숙이 파고들어 국민 공감대를 일으키는 코미디를 추구한다."
1781,130997,최후의 제국,드라마,KR,,4.0,"격변의 시대에 던지는 최후의 경고

이제 인류는 어디로 가야 하는가? 세계는 1%와 99%의 양극화된 사회 속에서 곪을 대로 곪아 있다. ""미국의 사회적 불평등이 약 100년 만에 최고조에 달했다"" 노벨 경제학상 수상자인 조지프 스티글리츠의 말이다. 미국에서 빈곤에 처한 어린이는 전체의 22%, 그러니까 5명 중에 1명은 굶고 있다. 그리고, 어린이 45명 중 한 명은 집이 없어 여기 저기를 떠돌고 있다. 다른 어느 곳도 아닌, 세상에서 가장 부자 나라에서 일어나고 있는 일이다. 반면, 미국의 1%는 전체 42%의 부를 가지고 있다. 이러한 불평등의 문제는 비단 미국만의 상황은 아니다. G2인 중국 또한 상위 소득 계층 1%가 전체 부의 41.4%를 갖고 있다.

고장난 자본주의

""최적의 시스템이라 불렸던 자본주의는 왜 이렇게도 많은 부작용을 야기하고 있는 것일까?"" 이 질문에서 시작됐다. 모두가 행복해지는 경제. 과연, 불평등과 부작용으로 고장난 지금의 시스템을 어떻게 바꿔야만 행복해질 수 있는 걸까. 그 해답을 찾아 떠난 한편의 여행기다.

경제 전문가의 원론적인 의견을 듣는 게 아니라, 인류 생존의비밀 속에서 그 해법을 찾아보려는 새로운 시도를 한다.  미국, 중국에서 히말라야 산자락, 태평양 오지 끝까지 65,000Km의 대장정. 인류가 잃어버린 '공존'의 가치를 찾아 떠나는 여정. 자본주의의 무한 경쟁과 탐욕 속에서 우리가 추구해야 할 가치는 무엇인지, 이 사회는 어디로 나아가야 할지를 제시하고자 한다."
1782,132597,꼬마히어로 슈퍼잭,드라마,,12.0,1.0,"영양만점 슈퍼냠냠요리를 먹고 다양한 능력을 발휘하는 꼬마히어로, 슈퍼잭! 새롭게 슈퍼히어로가 된 플래시론, 원더비키와 함께 동화마을 스토리아를 지키는 슈퍼냠냠히어로팀 슈퍼제트!

못된 여우 레오박사는 새로운 악당인 타이탄과 머리를 맞대 기상천외한 방법으로 마을에 사건을 일으키지만, 업그레이드된 슈퍼냠냠친구들이 있으니, 그 어떤 악당들이 몰려와도 슈퍼제트팀은 끄떡없다고!!

세 명의 꼬마히어로들이 새롭게 선보이는 더욱 강력해진 슈퍼냠냠파워 이야기!"
1783,308788,버섯도리TV 버섯벤저스,드라마,KR,,3.0,엄청난 모험에 나서는 버섯도리와 가족들. 함께 힘을 모아 초능력으로 악당 발론에 맞서 싸운다.
1784,230114,사랑은 기적이 필요해,드라마,KR,,20.0,척박한 환경의 차봉심이 남자한테 인생을 기대지 않고 내가 되고 싶은 나를 찾아 당당하게 선택해 가는 모습을 그린 드라마
1785,296272,핑크퐁 오싹오싹 명작동화,드라마,KR,,6.0,"'핑크퐁 오싹오싹 명작 동화'는 핑크퐁과 니니모가 함께 명작 동화 속으로 떠나, 동화 속에서 일어나는 오싹한 사건들을 해결하는 이야기입니다. '헨젤과 그레텔', '늑대와 일곱 마리 아기 염소', '빨간 모자', '아기 돼지 삼형제', '잭과 콩나무' 등 친숙한 명작 동화들을 핑크퐁만의 유쾌하고 때로는 오싹한 방식으로 각색하여 아이들에게 새로운 재미와 교훈을 선사합니다. 무서운 존재로부터 친구들을 구하고, 지혜를 발휘하여 문제를 해결하는 과정을 통해 아이들은 용기와 문제 해결 능력을 기를 수 있습니다."
1786,260254,방과 후 초능력: 친한 친구 민쩌미,드라마,KR,,130.0,"유튜브 코미디 스타 민쩌미가 아이들에게 우정, 전화 예절 등을 가르치는 콩트에서 다양한 캐릭터를 연기한다."
1787,272672,딩동댕 유치원 - 볼록 탐정과 댕슨,드라마,KR,,21.0,알쏭달쏭 알 수 없는 일이 생기면? 딩동샘과 댕구가 탐정으로 변신해 사건을 해결해요! 우리 다 같이 단서를 찾아 수수께끼를 풀어 보아요.
1788,304942,강치 아일랜드,드라마,KR,,26.0,흥미로운  모험  속에  해양환경의  소중함과  생명의  존중을  담아낸  따뜻하고  유쾌한  해양  판타지  애니메이션
1789,316081,내 마음이 몽글몽글 - 몽글상담소,드라마,KR,,3.0,"연애를 하고 싶었지만 기회가 없었던 성인 발달장애인 청년, 몽글몽글한 마음을 느끼고 싶은 청년 '몽글 씨'들이 특별한 연애상담소를 찾았다. 이들은 이곳에서 첫 소개팅, 첫 데이트, 첫 연애를 준비한다. 규칙은 하나, “마음껏 도전하고, 마음껏 실패하고, 마음껏 사랑하라” 때로는 설렘 가득, 때로는 좌충우돌 시행착오가 가득한 몽글몽글 데이트 프로젝트! ‘몽글상담소’는 성인 발달장애인 청년들이 자신만의 방식으로 사랑과 짝을 찾아가는 여정을 기록한다. 몽글 씨는 서로 기댈 수 있는 누군가를 맞이하기 위해, 혹은 혼자여도 충분히 괜찮을 나를 알아보기 위해 스스로를 내던진다. 만남과 갈등, 관계 맺기라는 새로운 과정 속에 몽글 씨의 마음도 분주한데..."
1790,154934,총몇명,드라마,,23.0,1.0,"공부는 뒷전이고, 게임에 빠져 있는 고3 수험생 민모리. 그러나 수능 전날 꿈에 나타난 악마와의 계약 이후로 모든 것이 달라지기 시작한다! 주인공 민모리와 개성 가득한 가족들의 일상 속에서 벌어지는 예측불허, 기상천외한 사건들을 만나 보세요!"
1791,111716,지식채널e,드라마,KR,,1.0,"지식채널e는 한국교육방송공사(EBS)에서 방송하는 30분 정도 길이의 단편 시사·교양 프로그램이다. 방송명의 e는 education people science 등 여러 주제어를 함축하고 있으며, 각 에피소드의 처음에는 '지식채널e'라는 프로그램명과 연이어 이 주제어 중 하나가 보이게 된다.

주제의 출처는 그림동화에서부터, 논문까지 다양하며 시청자의 의견을 반영하여 주제를 선택하기도 한다. 때로는 논란이 되는 사회 문제를 깊이 있는 시각과 감각적인 표현을 통하여 어느 한 쪽에 치우치지 않고 객관성을 유지하여 제기하기도 한다.

지식채널e는 일반 다큐멘터리와 다르게 나레이션이 삽입되지 않고 대신 배경음악이 삽입되는데, 이 배경음악은 주제와 일치하여 전달하고자 하는 메시지를 직접적으로 드러내기도 하고 때론 반대의 방법으로 주제를 강조하기도 한다.

방송 프로그램으로서는 이례적으로 각 에피소드 끝에 자료의 출처를 명시하며, 논술·구술 수업에 대한 안내도 하고 있다. 일정 기간 동안 방영한 에피소드의 내용을 모아 ‘지식 e’라는 이름의 책도 내는데, 2014년 11월 현재까지 어린이들을 위한 서적 다섯 권과 일반인들을 대상으로 한 서적 아홉 권이 출간되었다. 이외에도 현재까지 방영했던 경제 시리즈를 모아 ‘경제 e’라는 이름의 책도 2015년 11월 16일 출간되었다. 또 방영되었던 프로그램의 배경 음악을 간추려 음반을 출시하기도 하였다. 홈페이지에 가면 그 동안의 방송을 주제별, 연도별로 검색하여 다시보기 할 수 있다."
1792,304600,괴물의 시간,드라마,KR,,4.0,"SBS '그것이 알고 싶다' 제작진이 만든 고품격 크라임 다큐 4부작! 시대를 대표하는 악인들의 탄생과 진화, 그 이면의 이야기를 최초 공개한다!"
1793,229850,어른 김장하,드라마,KR,,2.0,진주에서 한약방을 운영하며 지역사회에 헌신해온 김장하 선생을 조명한 휴먼 다큐멘터리다.
1794,299230,섬총각 영웅,예능,,,4.0,문명 OUT 본능 ON 망망대해 위 섬에 떨어진 도시남들! 무공해 섬총각이 된 영웅이와 찐친들의 무계획 섬마을 라이프
1795,308792,슈뻘맨TV,예능,KR,,1.0,텐션 넘치는 두 SNS 인플루언서의 유쾌한 도전과 실험. 젤리곰 세우기부터 고데기로 라면 면발 펴기까지 갖가지 기상천외한 슈퍼 뻘짓을 실행에 옮긴다.
1796,260200,출동! 중장비 사우루스,드라마,,,10.0,"우연히 공룡 세계에 들어간 타요와 중장비 친구들. 그곳에서 다양한 공사도 하고, 새로운 친구들도 만난답니다!"
1797,98712,타요의 씽씽극장,드라마,KR,20.0,28.0,꼬마버스 타요가 다양한 자동차 친구들과 함께 신나는 노래와 율동으로 꾸미는 새로운 형식의 작품으로 어린이들의 감성을 풍부하게 하고 호기심을 채워줄 총 15곡의 창작 동요로 구성되었습니다.
1798,254728,TV유치원: 꼬야랑 할거야,드라마,,,1.0,"매일매일 심부름하기부터 좋은 습관 들이기까지, 혼자 하긴 너무 어려워요! 하지만 지니가 있으니까 걱정 없어요. 꼬야가 잘 할 수 있게 지니가 도와줄 거예요."
1799,307997,꽃보다 여자,드라마,KR,,2.0,"직장 내 여성의 삶과 고민을 세 여자를 통해 보여주는 드라마.

엄격한 사회적 기대에 얽매여 살아온 서로 다른 배경의 세 여성. 사랑과 가족, 그리고 일 앞에서 온전히 자기 삶의 주인공이 되고자 노력한다."
1800,313662,뚜식이,드라마,KR,,57.0,"뚜식이네 가족의 코믹한 세상살이, 병맛 애니메이션 [뚜식이]"
1801,154384,에그박사,드라마,KR,,1.0,"살아있는 신비한 생물을 소개하고,

재미있고 유익한 자연이야기를 들려줄거에요!"
1802,287928,핑크퐁 생활습관동요,드라마,KR,,4.0,"감정을 표현하는 방법부터 예절까지, 노래를 따라 부르며 신나게 배워요. 올바른 생활 습관을 알려주는 핑크퐁과 친구들의 동요 시리즈."
1803,321605,슈뻘맨의 무한도전,예능,KR,,2.0,"도전에 진심인 슈뻘맨이 나타났다?! 게임부터 챌린지까지, 슈뻘맨에게 불가능한 도전은 없다!"
1804,295586,나를 향한 빅퀘스천,드라마,KR,,4.0,"나는 행복한가?', '어떻게 살아야 하는가?' 등 인생의 궁극적인 질문에 대한 가치를 찾고자 하는 다큐멘터리"
1805,129837,뽀로로 공룡월드,드라마,,,2.0,"나쁜 악당을 물리치고 위험에 빠진 친구들을 구해주는 너무나도 멋진 슈퍼영웅 뽀로로! 뽀롱뽀롱 마을에 어느 날 갑자기 나타난 악당 공룡, 과연 슈퍼영웅 뽀로로와 슈퍼 히어로 친구들은 악당 공룡으로부터 우리 친구들을 지켜낼 수 있을까요?"
1806,196029,최후의 툰드라,드라마,,,4.0,"국내 최초!

장대한 시베리아 툰드라 7,000km 대장정을 위한 전주곡. 겨울이면 영하 50-60도는 기본이요. 여름에는 세계에서 모기가 가장 많은 곳이 툰드라다.

툰드라 사람들이 수천 년 동안 이 척박한 땅에서 살아남을 수 있었던 힘은 과연 무엇일까?

1년 중 7개월이 겨울인 툰드라의 혹독한 환경 속에서 살아남은 대표적인 동물이 바로 순록이다. 순록의 이끼를 찾아 겨울에는 남쪽으로, 여름에는 북쪽으로 이동하는 순록유목민 또한 순록의 강인한 생명을 그대로 빼닮았다. 하지만, 예측불능인 대자연의 위협 속에서 인간의 삶은 극히 자연의 일부분일 수밖에 없다. 모든 살아 있는 것들의 영혼을 존중하고, 대자연을 경외하는 툰드라 사람들, 그들에게 툰드라는 더 이상 척박한 땅이 아니라, 풍요의 땅이다.

툰드라 최후의 순록 유목민 네네츠 족에서부터 지구 유일의 곰의례가 남아 있는 한티족, 그리고, 자연과 인간의 매개자로서의 샤먼까지...

얼어붙은 땅을 지키는 툰드라 사람들의 이야기가 펼쳐진다!"
1807,259553,TV유치원: 지니와 한글놀이,드라마,,,1.0,하루에 단어 하나씩! 지니와 함께 노래하고 춤추다보면 어느새 글자공부 끝!
1808,219250,무확행,예능,KR,,6.0,"시작은 무모하나 그 끝은 행복하리라!잃어버린 인생의 반쪽을 ‘무확행’으로 채우겠다는 싱글남들의 生처절리얼 로드쇼!

“나도 이젠... 행복해지고 싶다!!!” 바쁘고 정신없는 현실 속에서, 그림의 떡 보듯 그저 꿈만 꾸던 행복! 그 잃어버린 행복이 미치도록 절실한 싱글남들이 무작정 떠난다. 비록 남들에게는 무모해 보일지 몰라도, 나에게만큼은 ‘확실한 행복’을 찾아서! 각자의 ‘무확행’을 찾기 위해 모인 행복요정들! 취미, 취향, 식성, 습관... 너무 많은 것이 다른 그들! 함께 행복을 찾는 동안 때로는 예상치 못한 봉변을 당하고, 갑작스러운 위기에 멘붕에 빠지기도 하면서, 불협케미를 자랑하는 환장의 브라더스! 과연 그들이 꿈꾸는 행복은 무엇일까? 그들은 함께 행복해질 수 있을까?"
1809,218902,내일은 미스터트롯 2023 설특집,드라마,,,1.0,"차세대 트로트 킹은 누구? 트로트계의 남자 스타를 발굴하기 위한 프로젝트가 시작된다. 현직 가수부터 수학 강사, 초등학생까지. 트로트에 살고 트로트에 죽는 100여 팀의 참가자들. 1등이 되려면 연예인 심사 위원의 마음을 사로잡아라."
1810,128981,맨 인 블랙박스,예능,KR,,4.0,천만 개의 블랙박스로 포착한 연출 불가능한 세상에 단 하나밖에 없는 날것 그대로의 영상을 활용해 정보가 가득한 리얼리티쇼
1811,260726,안전초코 핫초코,드라마,KR,,15.0,"""어디에도 이런 핫초코 가게는 없었다! 인간의 안전을 지키라는 특명을 받은 곰인형 “곰철수”! 핫초코 가게 주인이 되어 각종 안전사고를 막게 되는데... 과연 곰돌이 콤비 “곰철수”와 “곰초이”는 무사히 임무를 수행할 것인가?! 곰돌이들이 궁금해? 그럼 안전초코 핫초코로 모여라! """
1812,294382,B:MY BOYZ,예능,,,11.0,"현존하는 TOP 아이돌 그룹이 뽑은 NEXT 아이돌

2025년, 당신을 찾아올 글로벌 보이 그룹 오디션

‘당신이 가지고 싶은 소년은 누구입니까?’

세계를 무대로 꿈을 펼치며 나아갈 소년들! 지구상 가장 아이코닉한 소년들의 탄생

2025 글로벌 NO.1 보이 그룹 오디션"
1813,258835,이제 혼자다,예능,KR,,12.0,"다시 혼자가 된 사람들의 세상 적응기! 달라진 삶을 돌아보고, 새로운 출발선에 선 사람들의 이야기를 담은 리얼 관찰 프로그램"
1814,258320,딩동댕 유치원 - 에그박사와 지구별 자연 탐험대,드라마,KR,,14.0,"친절한 에그박사와 함께, 우리가 사는 멋진 지구별을 탐험하는 시간. 박사님이 흥미로운 여러 곤충과 동물에 관해 친구들에게 많은 걸 알려주신답니다."
1815,295183,콩순이의 율동교실,드라마,KR,,1.0,귀여운 콩순이와 친구들의 신나는 율동 체조 메들리 일곱번째 시즌!
1816,315073,무명전설,예능,KR,,4.0,"전설이 될 단 하나의 이름은? 트롯 사내들의 뜨거운 서열전쟁, 무명전설!"
1817,265169,아름다웠던 나의 우리에게,드라마,,,1.0,
1818,283786,요리조리 맛있는 수업,예능,KR,,1.0,"맛있는 요리도 먹고, 재밌는 문화도 배우는 어린이를 위한 특별한 미식 프로그램"
1819,146193,뽀로로와 루피의 모험,드라마,,25.0,1.0,뽀로로와 루피는 거인에게 잡혀간 친구들을 구하기 위해 모험을 떠난다. 하지만 성격이 너무 다른 뽀로로와 루피는 계속 티격태격 싸우게 되는데…
1820,304586,키즈 펫 도감,드라마,KR,,10.0,"펫 주니어 다온과 AI친구 아시와 함께 펫 도감을 채워보자!

우리 주변 반려동물들이 어떤 습관을 가지고 있는지 어떤 것을 조심해야 하는지 알고 있니?

귀엽지만 소중한 반려동물을 제재로 공부해보자!

어린이 집사를 위한 키즈 펫 도감!"
1821,308780,소맥거핀 일상만화,드라마,KR,,1.0,"소맥이네 가족들의 매우 유쾌하고 평범한 일상! 공감되는 일상의 이야기와 흥미진진한 반전 재미, 슬랩스틱 코믹 애니메이션이 시작됩니다."
1822,257225,베베핀 플레이 타임,드라마,KR,,24.0,"친구, 가족과 함께 주변 세상을 탐험하는 아기 핀. 함께 나누기, 자전거 타기 등 다양한 것들을 배워요!"
1823,154771,꽃놀이패,예능,KR,,2.0,"꽃길과 흙길, 반전에 반전을 거듭하는 극과극 여행이 시작된다!"
1824,310023,미쳤대도 여자야구,드라마,KR,,2.0,"“여자가 야구한다고 하면 미쳤다고 하죠.”

여자 메이저리그와 아시아 정상에 도전하는 여자 야구 선수들!

세상의 편견을 날려버릴 꿈의 여정을 함께 한다."
1825,301659,"잘 먹고 잘 사는 법, 식사하셨어요?",예능,KR,,3.0,방랑 식객이 차려주는 이 세상 단 하나뿐인 소중한 밥상 방랑식객과 함께하는 전국 힐링여행 프로그램
1826,286023,최화정 김호영의 보고싶었어,예능,,,1.0,"밥 잘 먹이는 누나 최화정과 맛잘알 미식가 김호영이 스타들의 인생단골집에 초대받아 음식과 철학, 그리고 응원을 나누는 단골 맛집 토크쇼"
1827,259661,엉뚱 남매 공작소,드라마,,,52.0,"4차 산업혁명 시대를 맞아 메이커 쇼가 떠오르고 있다. 자신이 필요한 것을 스스로 만들어보며 실패를 포함한 모든 과정을 세상 사람들과 공유하고 아이디어를 발전시키는 것. 그런데 여기 엉뚱 남매의 생활 속에서 엉뚱하고 기발한 아이디어로 만들기 에피소드가 쏟아진다. 소소한 물건부터 이게 될까? 싶은 아이템까지! 세상 아래 새로운 건 없다 하니 인터넷, 서적, 주변의 메이커스(Makers) 등 활용 가능한 모든 도움과 힌트를 찾아본다. 그리고 함께 참여하는 학생, 영메이커들이 같은 아이템을 다른 아이디어로 만든 것을 비교해 보는 것도 소소한 즐거움을 준다. 이들의 활약상을 지켜보며 '다음에 나도 같이 만들어 볼까?'라고 생각한다면 나도 절반은 메이커!! 엉뚱 남매의 엉뚱한 활약상을 통해 누구나 재미있게 만들 수 있는 즐거움을 느껴보자."
1828,309405,세이브 더 게임,드라마,KR,,3.0,"게임 불모지였던 20세기부터 세계적인 영향력을 뽐내는 오늘날까지, 한국 비디오 게임 산업의 발자취를 추적한 다큐멘터리 시리즈."
1829,294422,뽀로로 병원놀이 동화,드라마,KR,,2.0,"의사, 간호사, 구급대원으로 변신한 뽀로로와 친구들. 콧물감기부터 피부 가려움증, 상처까지. 병원에 가면 아픈 곳을 모두 치료해 줘요!"
1830,201997,멍키 시티,드라마,KR,,2.0,야생에서의 생존 방식을 잃은 채 ‘도시 정글’에서 인간에 기생하며 살아가는 도시 원숭이들의 생존과 나아가 코로나 여파로 발생한 근원적인 인간과 원숭이의 공존 문제를 짚어보는 프로그램
1831,309036,뽀로로 레인저스 메들리,드라마,KR,,1.0,뽀로로와 친구들이 한 팀이 되어 강력한 로봇을 타고 날아올라요. 수상한 외계 악당을 물리치고 우리 지구를 지켜야 하거든요.
1832,139261,뽀롱뽀롱 상어 비밀작전,드라마,,22.0,1.0,"안녕, 난 뽀로로야! 친구들과 나는 에디가 만든 잠수함을 타고 바닷속으로 여행을 떠나기로 했어. 바닷속에는 다양한 물고기 친구들과 예쁜 산호, 해초로 가득해! 게다가 물고기 친구들이 사는 ′해초 숲 마을′ 근처에는 ′산호초 놀이터′도 있대! 산호초 놀이터라니.. 정말 재미있을 것 같지 않아?"
1833,134418,샘 해밍턴의 페이스北,예능,KR,,2.0,외국인의 눈으로 본 좌충우돌 북한 방문기를 담은 특집 다큐멘터리
1834,302236,뽀로로와 몬스터 놀이공원,드라마,KR,,1.0,"뽀로로, 크롱, 루피는 놀이공원에서 즐거운 하루를 보냈어요. 그런데 밤이 되자 놀이공원이 무서운 괴물들로 가득 차고, 세 친구는 빠져나갈 길을 찾아야 해요!"
1835,261641,끝사랑,예능,,,12.0,"한국인 평균 기대 수명 [82.7세] 우리는 나이와 상관없이 계속 사랑하고, 또 사랑받고 싶다. 사랑의 섬, 제주에서 펼쳐지는 50세 이상 시니어들의 ‘끝사랑’ 찾기. 진정한 사랑은 인생을 이해할 때쯤 찾아온다."
1836,236513,일지매,드라마,,,1.0,"《일지매》는 초록뱀 미디어, OHW(한진애니메이션, 화이트라인, 오렌지애니메이션), SBS가 공동 제작한 애니메이션이며, 2009년 5월 5일부터 2009년 11월 2일까지 SBS에서 방영되었다."
1837,259534,아기상어 인기 동요,드라마,KR,,12.0,"아기 상어와 상어 가족, 그리고 온갖 바다 친구들과 함께 음악이 흐르는 모험을 떠나요. 어린이에게 유익한 노래와 알록달록한 애니메이션을 잔뜩 만나볼 수 있답니다."
1838,256389,비트윈,드라마,,,1.0,
1839,259012,무지무지 차차차,드라마,,,16.0,무지와 함께 노래부르며 춤춰요! 여러 가지 감정을 표현하는 가사와 신나는 멜로디. 마음이 쑥쑥 자라는 '내 마음은 무지' 율동동요 들으며 즐거운 시간 보내요.
1840,146125,내가 알던 내가 아냐,드라마,KR,,1.0,"대한민국에서 가장 바쁜 사람이 자신의 죽은 모습을 보고, 1주일간 잠깐 멈춰 인생을 되돌아본다."
1841,234728,청춘의국,드라마,,,4.0,"고난의 레지던트 1년 차  매해 3월, 약 3,100명의 전공의(레지던트)가 히포크라테스 선서를  가슴에 품고 진정한 의사로서의 삶을 시작한다.  하지만, 매해 전공의를 이탈하는 비율은 무려 10%!  주 80시간이 넘는 고강도 근무뿐 아니라,  층층시하 교수님과 선배들의 눈치까지 봐야 하기 때문이다.

레지던트들의 의국 생활은 고난의 연속!  과연, 전공의들은 고난을 극복하고 굿닥터로 성장할 수 있을까?  누구에게나 처음은 있다.  처음으로 담당 환자가 생기고, 처방을 내리고 수술방에 입성한다.  실수는 치명적이다.  생명을 다루기에 24시간 긴장의 연속!  어떤 땀의 순간들이 모여 진짜 의사가 탄생하는 걸까.

청춘의국은  치열한 의국 생활을 통해 진짜 의사로 성장해가는 의사들의 이야기다."
1842,307694,뽀로로 슈퍼슈퍼 쇼,드라마,KR,,10.0,뽀로로가 진행하는 새로운 코믹 토크쇼! 뽀로로의 초대를 받은 친구들이 슈퍼슈퍼 쇼를 찾아왔어요.
1843,314036,영민씨와 대단한 친구들,드라마,KR,,12.0,"한국의 씨름 선수들이 세계로 뻗어 나간다. 새로운 문화를 경험하고, 현지 선수들과 실력을 겨루며 다양한 훈련 방식을 경험하는 시간."
1844,258138,꼬모의 감정나라,드라마,,,1.0,"꼬모와 함께 감정나라로 여행을 떠나요.

기쁨 슬픔 놀라움 짜릿함 등 내 마음 속 다양한 감정들을 익히고 올바르게 표현해요."
1845,251640,Liteul Poleseuteu,예능,KR,,1.0,
1846,155520,신비아파트:고스트무서워,드라마,,7.0,1.0,신비아파트 고스트들이 들려주는 공포 괴담
1847,294559,오은영 스테이,예능,KR,,8.0,"살아가면서 누구에게나 찾아올 수 있는 아픔을 경험한 사람들이 지친 마음을 달래기 위해 템플스테이에 입소, 1박 2일을 보내며 위로와 공감 그리고 다양한 해결책을 찾아가는 내용을 담는다."
1848,294421,뽀로로 병원놀이 동요,드라마,KR,,5.0,"뽀로로와 친구들이 의사,간호사,약사가 되었어요! 아픈 친구들을 치료해주고 약을 처방해 줄거예요. 병원에서 쓰이는 진료 도구와 건강하게 지내기 위한 생활 습관도 배울 수 있어요! 친구들도 병원 놀이 동요 들으며 뽀로로와 함께 아픈 환자 진료해볼까요?"
1849,286201,아기상어 요리 놀이,드라마,KR,,5.0,아기상어와 상어가족이 함께 가게를 운영하며 음식을 만들고 판매하는 놀이 콘텐츠입니다.
1850,259467,시크릿 쥬쥬 별의 여신,드라마,,,5.0,"주인공 쥬쥬가 어릴 적 친구 신디, 신비한 고양이 타로와 함께 선샤인빌에 숨겨진 11명의 별의 여신을 찾아 나서며 자신의 소중한 꿈과 일상을 지키기 위한 성장 이야기"
1851,312367,정브르 호주 스페셜,드라마,KR,,2.0,"정브르와 호주로 떠나는 흥미진진 호주 야생의 탐험 어드벤처! 정브르와 호주에서 다양한 동물, 생물을 만나기 위한 탐험 대장정! 호주 곳곳의 자연 및 야생 탐사까지!정브르가 쉽고 재미있게 설명해주는 호주 동물들의 재미난 영상이 함께 합니다."
1852,302106,빨간내복야코,드라마,KR,,1.0,귀여운 야코 세계관 캐릭터들이 들려주는 재미있는 병맛 노래. 신박한 애니메이션 채널 <빨간내복야코>!
1853,328893,지니키즈: 직업 프린세스,드라마,KR,,16.0,"우리 친구들은 커서 무엇이 되고 싶을까? 직업 프린세스가 호기심 많은 친구들과 함께 다양한 직업의 세계를 살펴보고, 새롭고 재미있는 일들을 알려준다."
1854,131006,최후의 툰드라,드라마,KR,,4.0,"SBS에서는 국내 최초로 시베리아 툰드라 지역(야말, 한티, 타이미르, 캄차카)의 사계와 다양한 민족의 삶을 본격적으로 밀착 취재했다.

장대한 시베리아 툰드라 7,000km 대장정을 위한 전주곡. 겨울이면 영하 50-60도는 기본이요. 여름에는 세계에서 모기가 가장 많은 곳이 툰드라다.

툰드라 사람들이 수천 년 동안 이 척박한 땅에서 살아남을 수 있었던 힘은 과연 무엇일까?

1년 중 7개월이 겨울인 툰드라의 혹독한 환경 속에서 살아남은 대표적인 동물이 바로 순록이다. 순록의 이끼를 찾아 겨울에는 남쪽으로, 여름에는 북쪽으로 이동하는 순록유목민 또한 순록의 강인한 생명을 그대로 빼닮았다. 하지만, 예측불능인 대자연의 위협 속에서 인간의 삶은 극히 자연의 일부분일 수밖에 없다. 모든 살아 있는 것들의 영혼을 존중하고, 대자연을 경외하는 툰드라 사람들, 그들에게 툰드라는 더 이상 척박한 땅이 아니라, 풍요의 땅이다.

툰드라 최후의 순록 유목민 네네츠 족에서부터 지구 유일의 곰의례가 남아 있는 한티족, 그리고, 자연과 인간의 매개자로서의 샤먼까지...

얼어붙은 땅을 지키는 툰드라 사람들의 이야기가 펼쳐진다!"
1855,236566,오빠시대,드라마,,,1.0,8090 시절의 감동과 설렘을 전해줄 오빠 발굴 타임슬립 오디션 프로그램
1856,122321,된다! 뭐든!,드라마,,10.0,25.0,'하면 된다'라는 좌우명을 가지고 별스타그램과 너튜버를 누비는 만년 유망 크리에이터인 된다에게 어느 날 소속사가 생긴다. 과연 뜰 수 있을까?
1857,318288,소맥거핀: 찰칵! 세계여행,드라마,KR,,13.0,"우연히 세계여행 경품에 당첨된 소맥이네 가족은 즐거운 마음으로 스페인으로 여행을 떠난다. 파밀리아 성당, 츄러스, 토마토 축제 등 관광을 즐기던 것도 잠시, 갑자기 나타난 ‘리듬 게임 노트’ 에 맞은 관광객들이 춤을 추는 이상현상이 발생하는데!!! 그 이상현상의 주범은 바로, 저 너머 디지털 세상에서 온 게임 몬스터인 ‘랜디온’!! 위기에 처한 소맥이와 가족들을 도우려는 NPC ‘트래미’ 와 함께 소동을 일으키는 랜디온들을 ‘캡처’ 하여 친구로 만들고, 세계에 발생하는 이상현상을 되돌리는 소맥이네 가족의 좌충우돌 세계여행 어드벤처!"
1858,129833,뽀로로 마법사,드라마,,2.0,8.0,"뽀로로의 마법이 시작된다! 전설의 마법봉을 노리는 악당에 잡혀간 마법 선생님 통통이! 통통이와 위험에 빠진 마법세계를 구하기 위해 뽀로로 마법사가 나가신다! 강력한 마법으로 무장한 마법학교 수제자 뽀로로, 크롱, 루피, 에디의 마법 활약을 지켜봐 줘~"
1859,294821,아기상어 오늘 기분이 어때?,드라마,KR,,5.0,목욕장난감으로 변신한 아기상어와 친구들이 그날의 감정과 기분을 나누며 펼쳐지는 이야기
1860,272585,다이노 뽀로로,드라마,,,18.0,"크롱이 뽀로로와 함께 공룡 책 속으로 빨려 들어가고 말았어요. 그곳에서 신나는 모험을 시작한 두 친구는 브라키오사우루스, 무시무시한 티라노사우루스 등 여러 공룡도 만난답니다!"
1861,295587,"최후의 바다, 태평양",드라마,,,4.0,SBS 창사특집 4부작 다큐멘터리로 태평양에대해 다루었다.
1862,312165,스브스뉴스,드라마,,,1.0,"트렌디하고 똑똑해지는 10분! 지금 알아야 하는 지식, 트렌드, 사건을 더 쉽게! 더 깊이있게! 국내 최고의 뉴미디어 뉴스 채널

뉴스에는 위아래가 없다, 스브스뉴스!"
1863,252415,"학전, 그리고 뒷것 김민기",드라마,,,3.0,"대학로의 상징이자 대한민국 문화예술의 못자리인 소극장 ‘학전’.

그리고 ‘학전’을 설립한 대표이자, 천재 작곡가 ‘아침이슬’ 김민기.

베일에 가려진 채 스스로를 ‘뒷것’이라 불렀던 김민기와, 33년만에 폐관하는 ‘학전’에 관한 최초의 다큐멘터리"
1864,286949,일지매,드라마,,,1.0,
1865,259011,몸바의 바디벤처,드라마,,,13.0,"우리 몸속 구석구석을 알아보는 신비한 탐험부터 신나는 율동까지. 모미의 몸과 마음을 튼튼하게 해줄 여행, 몸바 로봇들과 함께 떠나볼까요?"
1866,258137,꼬모와 감정표현,드라마,KR,,22.0,"무서운 느낌부터 신나고, 화나고, 행복한 기분까지! 꼬모와 친구들이 다양한 감정에 대해 배워요."
1867,206791,베이비 주,드라마,,30.0,1.0,"아기 치와와들의 성장 일기와 다양한 아기 동물들을 소개한다. 고양이 카페와 강아지 대여점의 인기 동물까지, 귀여운 동물들이 잔뜩 모인 아기 동물원의 이야기가 시작된다."
1868,271396,"딩동댕 유치원 - 와우, 이렇게 반짝일 수가!",드라마,KR,,26.0,큰 꿈을 꾸며 주변 세상을 조금씩 알아가는 딩동댕유치원 친구들. 사람은 누구나 반짝반짝 빛나는 자기만의 특별함이 있다는 걸 배운답니다.
1869,298497,아따맘마 리마스터,드라마,,,1.0,"아따맘마가 HD 화질로 다시 돌아왔다?  아따맘마 연재 30주년 기념!  HD 리마스터로 첫 화부터 다시 보는 아따맘마!  엄마, 아빠, 아리, 동동이 함께하는

유쾌하고 재미있는 레전드 가족 일상 애니!  웃음 가득! 해피 바이러스 시트콤!  <아따맘마>를 리마스터로 함께 해 주세요!"
1870,309034,뮤지컬 레스큐 타요,드라마,KR,,3.0,꼬마버스 타요와 유쾌한 친구들의 신나는 뮤지컬 모험. 우리 함께 레스큐 타운 곳곳을 달려 보아요!
1871,254730,바다 탐험대 옥토넛 캐릭터 그리기,드라마,,,1.0,"디자이너 '에이미'가 직접 알려주는 옥토넛 캐릭터 그리기옥토넛과 너무 잘 어울리는 파란색 크레파스로 옥토넛 캐릭터 그리는 법을 아주 쉽고 간단하게 배워봐요! 총 8명의 옥토넛 대원과 옥토포드를 그려보고 보너스로 준비된 캐릭터 보고를 통해 캐릭터별로 재미있는 특징도 함께 알아봐요! 그럼, 지금 바로 크레파스와 종이를 가지고 옥토넛 캐릭터 그리러 출동!"
1872,300189,스타 애정촌,예능,KR,,5.0,연예인 솔로 남녀가 서로의 마음을 알아가는 과정을 그린 프로그램
1873,259371,뽀로로 특별판: 공룡 뼈가 살아났다!,드라마,,,1.0,"크리에이터: (주)아이코닉스

출연: 통통이, 해골 티라노사우루스, 해골 스피노사우루스, 해골 벨로키랍토르, 브라키오사우루스, 트리케라톱스, 매머드, 큰뿔사슴, 검치호랑이, 고릴라, 코끼리, 아나콘다, 호랑이, 우기

통통이가 거대한 드래곤의 몸으로 박물관에 쿵 부딪치는 바람에 전시물들이 쓰러지고 말았어요! 게다가, 원래대로 되돌리려던 통통이의 마법주문이 잘못되면서, 전시물들이 모두 살아나 제멋대로 돌아다니기 시작하는데! 과연 뽀로로와 친구들은 박물관을 원래대로 되돌릴 수 있을까요?"
1874,255812,시크릿 쥬쥬 별의 보석,드라마,,,2.0,"★ 시크릿쥬쥬 별의 보석 세계관

인간들의 눈에 보이지 않아도 우리 곁에 존재하는 신비한 마법 세계!

아스트리아님으로 대표되는 여신들의 천상계가 인간세계인 선샤인빌을 지켜왔고,

11개 별자리 여신이 12번째 여신 쥬쥬와 함께 대마왕의 위협을 물리치고 선샤인빌을 구한 바 있다.

임무를 완수한 11개 별자리 여신과 천상계 사제 타로는 아리시엘로 돌아갔는데….

또 다른 문제가 생겼다!

인간 세상의 선과 악, 그 균형을 맞춰온 수호천사와 같은 별의 보석 ‘쥬비쥬’들이 사라진 것이다!

쥬비쥬는 몸이 별의 보석으로 이루어져 있는데, 대마녀의 계략으로 보물사냥꾼 루시가 그들을 훔쳐 달아난 것.

쥬비쥬가 없으면 이 세상 모든 생명들의 보석처럼 아름다운 마음이 사라져 세상이 어두워질 것이다.

위기를 느낀 아스트리아님은 다시 한번 쥬쥬와 친구들에게 도움을 청한다.

“쥬쥬! 쥬비쥬를 되찾고 인간과 마법 세계를 구해야 해!“"
