content_id,person_id,role_type
1,1,배우
1,2,배우
1,3,배우
1,4,배우
1,5,배우
1,6,감독
2,7,배우
2,8,배우
2,3,배우
2,9,배우
2,10,배우
2,11,감독
3,12,배우
3,13,배우
3,14,배우
3,15,배우
3,16,배우
3,17,감독
4,18,배우
4,19,배우
4,20,배우
4,21,배우
4,22,배우
4,17,감독
5,1,배우
5,23,배우
5,24,배우
5,25,배우
5,26,배우
5,6,감독
6,27,배우
6,28,배우
6,29,배우
6,30,배우
6,31,배우
6,17,감독
7,32,배우
7,33,배우
7,34,배우
7,35,배우
7,36,배우
7,37,감독
8,38,배우
8,39,배우
8,40,배우
8,41,배우
8,42,배우
8,43,감독
9,44,배우
9,45,배우
9,46,배우
9,47,배우
9,48,배우
9,49,감독
10,50,배우
10,1,배우
10,51,배우
10,52,배우
10,53,배우
10,6,감독
11,54,배우
11,55,배우
11,56,배우
11,57,배우
11,58,배우
11,59,감독
12,60,배우
12,61,배우
12,62,배우
12,63,배우
12,64,배우
12,65,감독
13,27,배우
13,12,배우
13,66,배우
13,67,배우
13,68,배우
13,69,감독
14,70,배우
14,71,배우
14,72,배우
14,73,배우
14,74,배우
14,75,감독
15,76,배우
15,77,배우
15,8,배우
15,78,배우
15,67,배우
15,79,감독
16,80,배우
16,81,배우
16,82,배우
16,83,배우
16,22,배우
16,84,감독
17,85,배우
17,86,배우
17,87,배우
17,88,배우
17,89,배우
17,17,감독
18,90,배우
18,91,배우
18,92,배우
18,93,배우
18,94,배우
18,95,감독
19,96,배우
19,3,배우
19,97,배우
19,98,배우
19,99,배우
19,11,감독
20,12,배우
20,100,배우
20,10,배우
20,101,배우
20,102,배우
20,103,감독
21,104,배우
21,87,배우
21,82,배우
21,105,배우
21,106,배우
21,107,감독
22,108,배우
22,32,배우
22,109,배우
22,110,배우
22,111,배우
22,112,감독
23,1,배우
23,26,배우
23,86,배우
23,113,배우
23,114,배우
23,6,감독
24,3,배우
24,115,배우
24,116,배우
24,117,배우
24,118,배우
24,119,감독
25,120,배우
25,121,배우
25,122,배우
25,123,배우
25,124,배우
25,125,감독
26,126,배우
26,127,배우
26,128,배우
26,129,배우
26,130,배우
26,65,감독
27,20,배우
27,131,배우
27,76,배우
27,132,배우
27,133,배우
27,134,감독
28,135,배우
28,136,배우
28,137,배우
28,138,배우
28,139,배우
28,140,감독
29,141,배우
29,142,배우
29,143,배우
29,144,배우
29,145,배우
29,146,감독
30,120,배우
30,147,배우
30,148,배우
30,149,배우
30,150,배우
30,151,감독
31,152,배우
31,153,배우
31,154,배우
31,155,배우
31,156,배우
31,157,감독
32,104,배우
32,158,배우
32,55,배우
32,159,배우
32,160,배우
32,161,감독
33,162,배우
33,136,배우
33,163,배우
33,164,배우
33,165,배우
33,166,감독
34,122,배우
34,167,배우
34,168,배우
34,169,배우
34,170,배우
34,171,감독
35,38,배우
35,172,배우
35,173,배우
35,174,배우
35,175,배우
35,176,감독
36,1,배우
36,177,배우
36,10,배우
36,178,배우
36,179,배우
36,180,감독
37,181,배우
37,182,배우
37,183,배우
37,184,배우
37,185,배우
37,186,감독
38,187,배우
38,20,배우
38,188,배우
38,90,배우
38,189,배우
38,190,감독
39,20,배우
39,76,배우
39,132,배우
39,141,배우
39,115,배우
39,134,감독
40,141,배우
40,191,배우
40,192,배우
40,193,배우
40,194,배우
40,195,감독
41,178,배우
41,196,배우
41,19,배우
41,197,배우
41,198,배우
41,199,감독
42,200,배우
42,12,배우
42,201,배우
42,202,배우
42,203,배우
42,17,감독
43,204,배우
43,205,배우
43,206,배우
43,47,배우
43,207,배우
43,208,감독
44,209,배우
44,204,배우
44,35,배우
44,210,배우
44,211,배우
44,6,감독
45,212,배우
45,213,배우
45,214,배우
45,215,배우
45,216,배우
45,217,감독
46,1,배우
46,160,배우
46,113,배우
46,218,배우
46,219,배우
46,17,감독
47,220,배우
47,221,배우
47,222,배우
47,223,배우
47,224,배우
47,225,감독
48,38,배우
48,67,배우
48,226,배우
48,227,배우
48,35,배우
48,176,감독
49,27,배우
49,20,배우
49,141,배우
49,63,배우
49,228,배우
49,229,감독
49,230,감독
50,231,배우
50,19,배우
50,10,배우
50,162,배우
50,232,배우
50,233,감독
51,114,배우
51,234,배우
51,235,배우
51,236,배우
51,237,배우
51,238,감독
52,239,배우
52,197,배우
52,231,배우
52,87,배우
52,240,배우
52,43,감독
53,239,배우
53,44,배우
53,30,배우
53,40,배우
53,241,배우
53,242,감독
54,243,배우
54,244,배우
54,245,배우
54,246,배우
54,247,배우
54,248,감독
55,86,배우
55,249,배우
55,182,배우
55,250,배우
55,251,배우
55,252,감독
56,196,배우
56,241,배우
56,253,배우
56,254,배우
56,255,배우
56,256,감독
57,200,배우
57,27,배우
57,1,배우
57,257,배우
57,160,배우
57,17,감독
58,2,배우
58,76,배우
58,47,배우
58,183,배우
58,258,배우
58,259,감독
59,86,배우
59,182,배우
59,100,배우
59,260,배우
59,261,배우
59,262,감독
60,263,배우
60,12,배우
60,172,배우
60,264,배우
60,265,배우
60,262,감독
61,1,배우
61,104,배우
61,113,배우
61,266,배우
61,267,배우
61,268,감독
62,269,배우
62,270,배우
62,271,배우
62,10,배우
62,141,배우
62,242,감독
63,80,배우
63,272,배우
63,97,배우
63,273,배우
63,274,배우
63,275,감독
64,133,배우
64,12,배우
64,239,배우
64,221,배우
64,173,배우
64,37,감독
65,147,배우
65,122,배우
65,276,배우
65,277,배우
65,72,배우
65,171,감독
66,278,배우
66,279,배우
66,280,배우
66,281,배우
66,282,배우
66,283,감독
67,27,배우
67,284,배우
67,285,배우
67,286,배우
67,287,배우
67,288,감독
68,284,배우
68,266,배우
68,289,배우
68,74,배우
68,290,배우
68,291,감독
69,20,배우
69,187,배우
69,292,배우
69,293,배우
69,294,배우
69,190,감독
70,295,배우
70,296,배우
70,297,배우
70,298,배우
70,299,배우
70,300,감독
71,269,배우
71,301,배우
71,302,배우
71,303,배우
71,304,배우
71,305,감독
72,306,배우
72,307,배우
72,308,배우
72,309,배우
72,310,배우
72,311,감독
73,12,배우
73,250,배우
73,21,배우
73,35,배우
73,87,배우
73,252,감독
74,86,배우
74,270,배우
74,210,배우
74,312,배우
74,313,배우
74,314,감독
75,263,배우
75,133,배우
75,315,배우
75,316,배우
75,117,배우
75,317,감독
76,133,배우
76,44,배우
76,63,배우
76,318,배우
76,319,배우
76,133,감독
77,320,배우
77,321,배우
77,322,배우
77,323,배우
77,324,배우
77,325,감독
78,181,배우
78,326,배우
78,327,배우
78,328,배우
78,128,배우
78,329,감독
79,330,배우
79,173,배우
79,331,배우
79,332,배우
79,333,배우
79,334,감독
80,250,배우
80,335,배우
80,162,배우
80,336,배우
80,136,배우
80,291,감독
81,337,배우
81,338,배우
81,339,배우
81,340,배우
81,341,배우
81,342,감독
82,80,배우
82,343,배우
82,344,배우
82,345,배우
82,220,배우
82,346,감독
83,55,배우
83,347,배우
83,348,배우
83,349,배우
83,350,배우
83,351,감독
84,352,배우
84,64,배우
84,353,배우
84,24,배우
84,354,배우
84,355,감독
85,356,배우
85,152,배우
85,47,배우
85,72,배우
85,357,배우
85,358,감독
86,359,배우
86,360,배우
86,361,배우
86,362,배우
86,2,배우
86,363,감독
87,239,배우
87,30,배우
87,21,배우
87,76,배우
87,280,배우
87,364,감독
88,191,배우
88,142,배우
88,277,배우
88,365,배우
88,366,배우
88,367,감독
89,181,배우
89,10,배우
89,40,배우
89,309,배우
89,368,배우
89,369,감독
90,263,배우
90,80,배우
90,353,배우
90,45,배우
90,354,배우
90,275,감독
91,187,배우
91,38,배우
91,370,배우
91,371,배우
91,260,배우
91,43,감독
92,352,배우
92,131,배우
92,372,배우
92,373,배우
92,374,배우
92,375,감독
93,141,배우
93,173,배우
93,207,배우
93,106,배우
93,376,배우
93,377,감독
94,378,배우
94,192,배우
94,379,배우
94,380,배우
94,381,배우
94,125,감독
95,382,배우
95,160,배우
95,295,배우
95,383,배우
95,118,배우
95,283,감독
96,80,배우
96,61,배우
96,384,배우
96,385,배우
96,277,배우
96,386,감독
97,80,배우
97,152,배우
97,47,배우
97,63,배우
97,387,배우
97,275,감독
98,272,배우
98,93,배우
98,388,배우
98,389,배우
98,390,배우
98,391,감독
99,392,배우
99,393,배우
99,394,배우
99,395,배우
99,396,배우
99,397,감독
100,1,배우
100,382,배우
100,22,배우
100,160,배우
100,398,배우
100,17,감독
101,3,배우
101,399,배우
101,257,배우
101,400,배우
101,312,배우
101,59,감독
102,401,배우
102,41,배우
102,294,배우
102,335,배우
102,10,배우
102,402,감독
103,19,배우
103,272,배우
103,403,배우
103,404,배우
103,405,배우
103,406,감독
104,178,배우
104,407,배우
104,408,배우
104,409,배우
104,281,배우
104,107,감독
105,38,배우
105,410,배우
105,221,배우
105,411,배우
105,158,배우
105,412,감독
106,197,배우
106,326,배우
106,413,배우
106,414,배우
106,415,배우
106,416,감독
107,417,배우
107,207,배우
107,210,배우
107,362,배우
107,418,배우
107,419,감독
108,392,배우
108,393,배우
108,394,배우
108,395,배우
108,396,배우
108,420,감독
108,421,감독
109,422,배우
109,241,배우
109,327,배우
109,423,배우
109,424,배우
109,425,감독
110,28,배우
110,426,배우
110,83,배우
110,427,배우
110,428,배우
110,351,감독
111,429,배우
111,430,배우
111,431,배우
111,432,배우
111,433,감독
112,28,배우
112,434,배우
112,435,배우
112,414,배우
112,10,배우
112,436,감독
113,158,배우
113,437,배우
113,422,배우
113,438,배우
113,72,배우
113,37,감독
114,178,배우
114,19,배우
114,196,배우
114,335,배우
114,198,배우
114,199,감독
115,104,배우
115,39,배우
115,422,배우
115,439,배우
115,162,배우
115,440,감독
116,187,배우
116,441,배우
116,442,배우
116,370,배우
116,443,배우
116,252,감독
117,1,배우
117,27,배우
117,44,배우
117,210,배우
117,444,배우
117,69,감독
118,120,배우
118,88,배우
118,445,배우
118,446,배우
118,447,배우
118,448,감독
119,239,배우
119,133,배우
119,39,배우
119,449,배우
119,450,배우
119,451,감독
120,452,배우
120,453,배우
120,77,배우
120,454,배우
120,455,배우
120,37,감독
121,352,배우
121,20,배우
121,133,배우
121,435,배우
121,21,배우
121,199,감독
122,212,배우
122,221,배우
122,312,배우
122,456,배우
122,457,배우
122,458,감독
123,459,배우
123,460,배우
123,434,배우
123,461,배우
123,462,배우
123,463,감독
124,80,배우
124,44,배우
124,326,배우
124,15,배우
124,464,배우
124,229,감독
124,465,감독
125,187,배우
125,466,배우
125,133,배우
125,352,배우
125,467,배우
125,199,감독
126,21,배우
126,178,배우
126,96,배우
126,422,배우
126,276,배우
126,468,감독
127,469,배우
127,470,배우
127,309,배우
127,81,배우
127,471,배우
127,107,감독
128,472,배우
128,354,배우
128,473,배우
128,365,배우
128,474,배우
128,238,감독
129,475,배우
129,22,배우
129,476,배우
129,15,배우
129,477,배우
129,478,감독
130,133,배우
130,479,배우
130,480,배우
130,481,배우
130,482,배우
130,483,감독
131,100,배우
131,484,배우
131,40,배우
131,485,배우
131,486,배우
131,262,감독
132,231,배우
132,285,배우
132,487,배우
132,488,배우
132,427,배우
132,233,감독
133,104,배우
133,489,배우
133,370,배우
133,45,배우
133,336,배우
133,490,감독
134,5,배우
134,491,배우
134,99,배우
134,31,배우
134,492,배우
134,493,감독
135,494,배우
135,417,배우
135,159,배우
135,495,배우
135,83,배우
135,496,감독
136,239,배우
136,120,배우
136,10,배우
136,435,배우
136,497,배우
136,43,감독
137,498,배우
137,499,배우
137,500,배우
137,398,배우
137,501,배우
137,502,감독
138,466,배우
138,198,배우
138,38,배우
138,39,배우
138,289,배우
138,43,감독
139,80,배우
139,503,배우
139,504,배우
139,64,배우
139,111,배우
139,134,감독
140,3,배우
140,505,배우
140,506,배우
140,507,배우
140,508,배우
140,509,감독
141,197,배우
141,28,배우
141,510,배우
141,74,배우
141,511,배우
141,512,감독
142,231,배우
142,513,배우
142,514,배우
142,111,배우
142,276,배우
142,515,감독
143,80,배우
143,434,배우
143,516,배우
143,435,배우
143,517,배우
143,518,감독
144,284,배우
144,181,배우
144,348,배우
144,519,배우
144,520,배우
144,256,감독
145,239,배우
145,484,배우
145,435,배우
145,450,배우
145,497,배우
145,43,감독
146,521,배우
146,2,배우
146,485,배우
146,522,배우
146,164,배우
146,523,감독
147,133,배우
147,39,배우
147,524,배우
147,13,배우
147,525,배우
147,103,감독
148,326,배우
148,526,배우
148,141,배우
148,207,배우
148,527,배우
148,528,감독
149,529,배우
149,466,배우
149,441,배우
149,10,배우
149,530,배우
149,199,감독
150,21,배우
150,422,배우
150,326,배우
150,531,배우
150,532,배우
150,533,감독
151,348,배우
151,534,배우
151,47,배우
151,343,배우
151,535,배우
151,536,감독
152,141,배우
152,537,배우
152,538,배우
152,539,배우
152,540,배우
152,541,감독
153,542,배우
153,306,배우
153,450,배우
153,543,배우
153,544,배우
153,545,감독
154,12,배우
154,260,배우
154,83,배우
154,36,배우
154,546,배우
154,37,감독
155,4,배우
155,547,배우
155,548,배우
155,549,배우
155,550,배우
155,551,감독
156,39,배우
156,97,배우
156,552,배우
156,553,배우
156,210,배우
156,554,감독
157,434,배우
157,555,배우
157,556,배우
157,387,배우
157,557,배우
157,558,감독
158,559,배우
158,18,배우
158,560,배우
158,106,배우
158,561,배우
158,208,감독
159,10,배우
159,562,배우
159,563,배우
159,8,배우
159,520,배우
159,564,감독
160,250,배우
160,147,배우
160,565,배우
160,525,배우
160,435,배우
160,566,감독
161,127,배우
161,475,배우
161,525,배우
161,567,배우
161,516,배우
161,176,감독
162,568,배우
162,569,배우
162,435,배우
162,570,배우
162,571,배우
162,17,감독
163,30,배우
163,410,배우
163,572,배우
163,260,배우
163,210,배우
163,573,감독
164,401,배우
164,574,배우
164,210,배우
164,292,배우
164,90,배우
164,575,감독
165,426,배우
165,10,배우
165,499,배우
165,576,배우
165,162,배우
165,436,감독
166,577,배우
166,122,배우
166,439,배우
166,578,배우
166,579,배우
166,580,감독
167,581,배우
167,415,배우
167,582,배우
167,286,배우
167,583,배우
167,584,감독
168,181,배우
168,31,배우
168,365,배우
168,585,배우
168,586,배우
168,358,감독
169,44,배우
169,239,배우
169,76,배우
169,294,배우
169,260,배우
169,242,감독
170,44,배우
170,28,배우
170,587,배우
170,588,배우
170,589,배우
170,483,감독
171,60,배우
171,590,배우
171,91,배우
171,547,배우
171,591,배우
171,592,감독
172,593,배우
172,475,배우
172,594,배우
172,595,배우
172,596,배우
172,386,감독
173,100,배우
173,597,배우
173,598,배우
173,599,배우
173,547,배우
173,600,감독
174,601,배우
174,348,배우
174,30,배우
174,602,배우
174,603,배우
174,604,감독
175,231,배우
175,143,배우
175,105,배우
175,605,배우
175,376,배우
175,606,감독
176,539,배우
176,128,배우
176,607,배우
176,608,배우
176,414,배우
176,564,감독
177,30,배우
177,609,배우
177,40,배우
177,90,배우
177,610,배우
177,611,감독
178,326,배우
178,612,배우
178,613,배우
178,411,배우
178,147,배우
178,533,감독
179,442,배우
179,614,배우
179,615,배우
179,616,배우
179,617,배우
179,230,감독
180,352,배우
180,133,배우
180,618,배우
180,619,배우
180,620,배우
180,621,감독
181,312,배우
181,622,배우
181,623,배우
181,624,배우
181,31,배우
181,625,감독
182,27,배우
182,187,배우
182,86,배우
182,526,배우
182,29,배우
182,626,감독
183,495,배우
183,627,배우
183,628,배우
183,207,배우
183,437,배우
183,161,감독
184,629,배우
184,630,배우
184,631,배우
184,632,배우
184,633,배우
184,325,감독
185,411,배우
185,348,배우
185,427,배우
185,424,배우
185,634,배우
185,75,감독
186,19,배우
186,635,배우
186,178,배우
186,636,배우
186,637,배우
186,638,감독
187,639,배우
187,77,배우
187,640,배우
187,641,배우
187,642,배우
187,643,감독
188,12,배우
188,20,배우
188,294,배우
188,141,배우
188,241,배우
188,364,감독
189,263,배우
189,1,배우
189,644,배우
189,645,배우
189,646,배우
189,125,감독
190,2,배우
190,21,배우
190,260,배우
190,647,배우
190,648,배우
190,355,감독
191,198,배우
191,179,배우
191,649,배우
191,650,배우
191,511,배우
191,651,감독
192,652,배우
192,326,배우
192,187,배우
192,504,배우
192,35,배우
192,653,감독
193,239,배우
193,535,배우
193,435,배우
193,525,배우
193,427,배우
193,346,감독
194,39,배우
194,105,배우
194,409,배우
194,654,배우
194,407,배우
194,107,감독
195,88,배우
195,655,배우
195,656,배우
195,657,배우
195,658,배우
195,166,감독
196,197,배우
196,659,배우
196,294,배우
196,660,배우
196,66,배우
196,661,감독
197,80,배우
197,635,배우
197,662,배우
197,630,배우
197,663,배우
197,125,감독
198,239,배우
198,426,배우
198,664,배우
198,665,배우
198,666,배우
198,638,감독
199,160,배우
199,441,배우
199,667,배우
199,668,배우
199,669,배우
199,670,감독
200,671,배우
200,173,배우
200,672,배우
200,673,배우
200,674,배우
200,675,감독
201,285,배우
201,542,배우
201,664,배우
201,676,배우
201,677,배우
201,678,감독
202,187,배우
202,20,배우
202,10,배우
202,19,배우
202,29,배우
202,670,감독
203,80,배우
203,97,배우
203,679,배우
203,680,배우
203,641,배우
203,681,감독
204,682,배우
204,683,배우
204,684,배우
204,685,배우
204,686,배우
204,687,감독
204,688,감독
205,250,배우
205,417,배우
205,562,배우
205,689,배우
205,690,배우
205,107,감독
206,21,배우
206,30,배우
206,182,배우
206,691,배우
206,106,배우
206,692,감독
207,442,배우
207,360,배우
207,693,배우
207,694,배우
207,695,배우
207,696,감독
208,20,배우
208,593,배우
208,97,배우
208,352,배우
208,387,배우
208,43,감독
209,269,배우
209,165,배우
209,160,배우
209,181,배우
209,360,배우
209,697,감독
210,593,배우
210,12,배우
210,535,배우
210,1,배우
210,698,배우
210,699,감독
211,601,배우
211,251,배우
211,700,배우
211,701,배우
211,702,배우
211,703,감독
212,704,배우
212,241,배우
212,705,배우
212,532,배우
212,706,배우
212,707,감독
213,194,배우
213,708,배우
213,709,배우
213,710,배우
213,711,감독
214,20,배우
214,113,배우
214,435,배우
214,647,배우
214,712,배우
214,355,감독
215,27,배우
215,120,배우
215,74,배우
215,713,배우
215,714,배우
215,715,감독
216,239,배우
216,198,배우
216,63,배우
216,260,배우
216,716,배우
216,717,감독
217,472,배우
217,495,배우
217,4,배우
217,39,배우
217,61,배우
217,718,감독
218,603,배우
218,524,배우
218,494,배우
218,464,배우
218,719,배우
218,720,감독
219,426,배우
219,39,배우
219,603,배우
219,437,배우
219,721,배우
219,722,감독
220,1,배우
220,568,배우
220,159,배우
220,437,배우
220,607,배우
220,69,감독
221,28,배우
221,529,배우
221,38,배우
221,723,배우
221,188,배우
221,375,감독
222,724,배우
222,29,배우
222,292,배우
222,725,배우
222,241,배우
222,518,감독
223,328,배우
223,482,배우
223,726,배우
223,655,배우
223,727,배우
223,728,감독
224,521,배우
224,724,배우
224,729,배우
224,730,배우
224,731,배우
224,732,감독
225,442,배우
225,18,배우
225,316,배우
225,733,배우
225,734,배우
225,735,감독
226,28,배우
226,593,배우
226,526,배우
226,736,배우
226,221,배우
226,737,감독
227,635,배우
227,738,배우
227,12,배우
227,414,배우
227,739,배우
227,740,감독
228,141,배우
228,205,배우
228,428,배우
228,741,배우
228,169,배우
228,742,감독
229,85,배우
229,228,배우
229,743,배우
229,521,배우
229,4,배우
229,744,감독
230,303,배우
230,29,배우
230,745,배우
230,746,배우
230,747,배우
230,748,감독
231,160,배우
231,526,배우
231,472,배우
231,444,배우
231,74,배우
231,180,감독
232,279,배우
232,113,배우
232,749,배우
232,26,배우
232,750,배우
232,6,감독
233,104,배우
233,187,배우
233,568,배우
233,10,배우
233,751,배우
233,199,감독
234,80,배우
234,28,배우
234,23,배우
234,752,배우
234,613,배우
234,425,감독
235,426,배우
235,559,배우
235,603,배우
235,260,배우
235,306,배우
235,753,감독
236,499,배우
236,754,배우
236,348,배우
236,243,배우
236,755,배우
236,502,감독
237,18,배우
237,442,배우
237,756,배우
237,105,배우
237,757,배우
237,735,감독
238,285,배우
238,758,배우
238,759,배우
238,542,배우
238,105,배우
238,760,감독
239,297,배우
239,761,배우
239,762,배우
239,763,배우
239,764,배우
239,765,감독
240,27,배우
240,30,배우
240,294,배우
240,143,배우
240,371,배우
240,722,감독
241,766,배우
241,122,배우
241,730,배우
241,767,배우
241,642,배우
241,768,감독
242,769,배우
242,770,배우
242,771,배우
242,143,배우
242,733,배우
242,551,감독
243,772,배우
243,220,배우
243,82,배우
243,773,배우
243,774,배우
243,775,감독
244,81,배우
244,194,배우
244,776,배우
244,746,배우
244,676,배우
244,777,감독
245,172,배우
245,538,배우
245,348,배우
245,778,배우
245,779,배우
245,134,감독
246,239,배우
246,679,배우
246,203,배우
246,294,배우
246,260,배우
246,780,감독
247,781,배우
247,172,배우
247,196,배우
247,427,배우
247,782,배우
247,783,감독
248,498,배우
248,784,배우
248,785,배우
248,129,배우
248,786,배우
248,787,감독
249,20,배우
249,434,배우
249,725,배우
249,260,배우
249,654,배우
249,788,감독
250,1,배우
250,498,배우
250,113,배우
250,371,배우
250,612,배우
250,722,감독
251,789,배우
251,480,배우
251,790,배우
251,791,배우
251,792,배우
251,793,감독
252,794,배우
252,795,배우
252,472,배우
252,228,배우
252,498,배우
252,796,감독
253,27,배우
253,250,배우
253,326,배우
253,746,배우
253,428,배우
253,797,감독
254,39,배우
254,499,배우
254,30,배우
254,798,배우
254,776,배우
254,512,감독
255,269,배우
255,799,배우
255,800,배우
255,736,배우
255,726,배우
255,801,감독
256,20,배우
256,434,배우
256,802,배우
256,353,배우
256,407,배우
256,803,감독
257,1,배우
257,133,배우
257,441,배우
257,498,배우
257,758,배우
257,804,감독
258,284,배우
258,805,배우
258,806,배우
258,4,배우
258,55,배우
258,256,감독
259,807,배우
259,808,배우
259,809,배우
259,810,감독
260,20,배우
260,76,배우
260,811,배우
260,530,배우
260,289,배우
260,355,감독
261,80,배우
261,335,배우
261,5,배우
261,61,배우
261,365,배우
261,468,감독
262,812,배우
262,813,배우
262,814,배우
262,815,배우
262,816,배우
262,817,감독
263,113,배우
263,205,배우
263,99,배우
263,818,배우
263,819,배우
263,820,감독
264,44,배우
264,294,배우
264,821,배우
264,491,배우
264,387,배우
264,822,감독
265,593,배우
265,823,배우
265,824,배우
265,81,배우
265,825,배우
265,314,감독
266,826,배우
266,827,배우
266,828,배우
266,829,배우
266,830,배우
266,831,감독
267,97,배우
267,832,배우
267,805,배우
267,833,배우
267,698,배우
267,43,감독
268,834,배우
268,835,배우
268,836,감독
268,837,감독
269,80,배우
269,805,배우
269,370,배우
269,442,배우
269,838,배우
269,839,감독
270,263,배우
270,44,배우
270,411,배우
270,316,배우
270,260,배우
270,840,감독
271,556,배우
271,746,배우
271,841,배우
271,4,배우
271,387,배우
271,842,감독
272,6,배우
272,843,배우
272,844,배우
272,845,배우
272,209,배우
272,844,감독
273,27,배우
273,263,배우
273,100,배우
273,846,배우
273,36,배우
273,847,감독
274,328,배우
274,482,배우
274,655,배우
274,726,배우
274,727,배우
274,728,감독
275,187,배우
275,848,배우
275,21,배우
275,849,배우
275,241,배우
275,670,감독
276,472,배우
276,603,배우
276,704,배우
276,838,배우
276,751,배우
276,850,감독
277,187,배우
277,104,배우
277,5,배우
277,491,배우
277,819,배우
277,103,감독
278,446,배우
278,851,배우
278,852,배우
278,853,배우
278,854,배우
278,855,감독
279,345,배우
279,89,배우
279,856,배우
279,857,배우
279,858,배우
279,859,감독
280,141,배우
280,860,배우
280,861,배우
280,544,배우
280,862,배우
280,742,감독
281,863,배우
281,864,배우
281,865,배우
281,866,배우
281,867,배우
281,59,감독
282,141,배우
282,39,배우
282,484,배우
282,198,배우
282,513,배우
282,868,감독
283,178,배우
283,10,배우
283,603,배우
283,869,배우
283,870,배우
283,518,감독
284,27,배우
284,529,배우
284,441,배우
284,387,배우
284,296,배우
284,722,감독
285,30,배우
285,383,배우
285,871,배우
285,160,배우
285,565,배우
285,872,감독
286,873,배우
286,178,배우
286,498,배우
286,198,배우
286,63,배우
286,874,감독
287,704,배우
287,875,배우
287,370,배우
287,272,배우
287,876,배우
287,877,감독
288,328,배우
288,159,배우
288,736,배우
288,534,배우
288,878,배우
288,879,감독
289,556,배우
289,714,배우
289,880,배우
289,335,배우
289,881,배우
289,558,감독
290,20,배우
290,873,배우
290,335,배우
290,115,배우
290,882,배우
290,20,감독
291,466,배우
291,100,배우
291,158,배우
291,743,배우
291,88,배우
291,874,감독
292,873,배우
292,357,배우
292,207,배우
292,883,배우
292,884,배우
292,885,감독
293,30,배우
293,886,배우
293,63,배우
293,887,배우
293,749,배우
293,888,감독
294,442,배우
294,434,배우
294,81,배우
294,798,배우
294,889,배우
294,890,감독
295,441,배우
295,348,배우
295,875,배우
295,819,배우
295,891,배우
295,75,감독
296,892,배우
296,893,감독
297,131,배우
297,894,배우
297,895,배우
297,74,배우
297,427,배우
297,896,감독
298,269,배우
298,781,배우
298,785,배우
298,897,배우
298,898,배우
298,899,감독
299,182,배우
299,173,배우
299,258,배우
299,900,배우
299,901,배우
299,902,감독
300,903,배우
300,904,배우
300,905,배우
300,906,배우
300,907,배우
300,908,감독
301,909,배우
301,547,배우
301,910,배우
301,911,배우
301,912,배우
301,913,감독
302,328,배우
302,249,배우
302,914,배우
302,376,배우
302,866,배우
302,728,감독
303,538,배우
303,915,배우
303,762,배우
303,916,배우
303,207,배우
303,275,감독
304,593,배우
304,917,배우
304,183,배우
304,918,배우
304,919,배우
304,125,감독
305,1,배우
305,557,배우
305,435,배우
305,152,배우
305,294,배우
305,822,감독
306,920,배우
306,417,배우
306,921,배우
306,627,배우
306,750,배우
306,402,감독
307,269,배우
307,922,배우
307,77,배우
307,923,배우
307,875,배우
307,924,감독
307,925,감독
307,79,감독
307,314,감독
307,926,감독
308,38,배우
308,44,배우
308,411,배우
308,538,배우
308,178,배우
308,804,감독
309,23,배우
309,77,배우
309,504,배우
309,927,배우
309,365,배우
309,928,감독
310,929,배우
310,18,배우
310,930,배우
310,525,배우
310,931,배우
310,735,감독
311,235,배우
311,704,배우
311,277,배우
311,932,배우
311,933,배우
311,934,감독
312,187,배우
312,935,배우
312,574,배우
312,143,배우
312,183,배우
312,936,감독
313,44,배우
313,294,배우
313,487,배우
313,937,배우
313,647,배우
313,822,감독
314,182,배우
314,35,배우
314,700,배우
314,938,배우
314,25,배우
314,939,감독
315,635,배우
315,940,배우
315,361,배우
315,941,배우
315,942,배우
315,943,감독
316,194,배우
316,944,배우
316,594,배우
316,464,배우
316,945,배우
316,509,감독
317,239,배우
317,104,배우
317,30,배우
317,221,배우
317,530,배우
317,573,감독
318,250,배우
318,417,배우
318,39,배우
318,106,배우
318,521,배우
318,107,감독
319,503,배우
319,946,배우
319,947,배우
319,159,배우
319,948,배우
319,402,감독
320,359,배우
320,949,배우
320,525,배우
320,950,배우
320,10,배우
320,84,감독
321,80,배우
321,635,배우
321,380,배우
321,43,배우
321,360,배우
321,125,감독
322,28,배우
322,96,배우
322,552,배우
322,106,배우
322,951,배우
322,952,감독
323,104,배우
323,135,배우
323,953,배우
323,47,배우
323,105,배우
323,288,감독
324,848,배우
324,634,배우
324,954,배우
324,955,배우
324,956,배우
324,957,감독
325,20,배우
325,2,배우
325,958,배우
325,959,배우
325,960,배우
325,65,감독
326,961,배우
326,962,배우
326,963,배우
326,964,배우
326,965,감독
327,178,배우
327,10,배우
327,966,배우
327,292,배우
327,967,배우
327,968,감독
328,328,배우
328,47,배우
328,241,배우
328,318,배우
328,806,배우
328,969,감독
329,864,배우
329,970,배우
329,971,배우
329,580,배우
329,972,배우
329,580,감독
330,121,배우
330,973,배우
330,974,배우
330,975,배우
330,976,배우
330,977,감독
331,978,배우
331,249,배우
331,979,배우
331,980,배우
331,981,배우
331,982,감독
332,120,배우
332,1,배우
332,983,배우
332,63,배우
332,22,배우
332,84,감독
333,44,배우
333,132,배우
333,445,배우
333,427,배우
333,31,배우
333,984,감독
334,569,배우
334,985,배우
334,41,배우
334,986,배우
334,987,배우
334,988,감독
335,989,배우
335,426,배우
335,175,배우
335,990,배우
335,991,배우
335,992,감독
336,173,배우
336,993,배우
336,994,배우
336,995,배우
336,996,배우
336,997,감독
337,442,배우
337,998,배우
337,418,배우
337,557,배우
337,999,배우
337,283,감독
338,345,배우
338,23,배우
338,751,배우
338,792,배우
338,418,배우
338,1000,감독
339,335,배우
339,2,배우
339,136,배우
339,642,배우
339,1001,배우
339,1002,감독
340,316,배우
340,10,배우
340,535,배우
340,1003,배우
340,383,배우
340,1004,감독
341,781,배우
341,559,배우
341,1005,배우
341,1006,배우
341,1007,배우
341,783,감독
342,328,배우
342,1008,배우
342,795,배우
342,1009,배우
342,540,배우
342,176,감독
343,181,배우
343,356,배우
343,627,배우
343,1010,배우
343,175,배우
343,1011,감독
344,475,배우
344,873,배우
344,664,배우
344,594,배우
344,617,배우
344,787,감독
345,504,배우
345,1012,배우
345,1013,배우
345,36,배우
345,1014,배우
345,1015,감독
346,44,배우
346,434,배우
346,1016,배우
346,1017,배우
346,1018,배우
346,44,감독
347,77,배우
347,1019,배우
347,487,배우
347,989,배우
347,336,배우
347,1020,감독
348,28,배우
348,220,배우
348,414,배우
348,778,배우
348,1021,배우
348,1022,감독
349,426,배우
349,13,배우
349,411,배우
349,221,배우
349,130,배우
349,1023,감독
350,249,배우
350,487,배우
350,595,배우
350,767,배우
350,1024,배우
350,1025,감독
351,20,배우
351,612,배우
351,387,배우
351,63,배우
351,192,배우
351,65,감독
352,708,배우
352,1026,배우
352,549,배우
352,1027,배우
352,1028,배우
352,1029,감독
353,880,배우
353,1030,배우
353,15,배우
353,1031,배우
353,1032,배우
353,1033,감독
354,239,배우
354,97,배우
354,10,배우
354,67,배우
354,141,배우
354,43,감독
355,823,배우
355,183,배우
355,1034,배우
355,1035,배우
355,1036,배우
355,735,감독
356,442,배우
356,160,배우
356,14,배우
356,1037,배우
356,1038,배우
356,1039,감독
357,721,배우
357,568,배우
357,45,배우
357,849,배우
357,501,배우
357,1040,감독
358,701,배우
358,81,배우
358,411,배우
358,144,배우
358,1041,배우
358,1042,감독
359,1043,배우
359,113,배우
359,1044,배우
359,1045,배우
359,1046,배우
359,820,감독
360,535,배우
360,1047,배우
360,1048,배우
360,1049,배우
360,1050,배우
360,1051,감독
361,1052,배우
361,1053,배우
361,1054,배우
361,683,배우
361,1055,배우
361,1056,감독
362,187,배우
362,76,배우
362,714,배우
362,162,배우
362,1057,배우
362,1058,감독
363,269,배우
363,1059,배우
363,1060,배우
363,26,배우
363,370,배우
363,992,감독
364,345,배우
364,7,배우
364,83,배우
364,312,배우
364,1061,배우
364,458,감독
365,44,배우
365,480,배우
365,805,배우
365,746,배우
365,1062,배우
365,1063,감독
366,701,배우
366,141,배우
366,284,배우
366,887,배우
366,1064,배우
366,1065,감독
367,498,배우
367,503,배우
367,147,배우
367,1066,배우
367,16,배우
367,1067,감독
368,97,배우
368,771,배우
368,1068,배우
368,1069,배우
368,1070,배우
368,325,감독
369,312,배우
369,136,배우
369,31,배우
369,64,배우
369,497,배우
369,1071,감독
370,473,배우
370,231,배우
370,1072,배우
370,1073,배우
370,1074,배우
370,1075,감독
371,104,배우
371,526,배우
371,1076,배우
371,1077,배우
371,1078,배우
371,1079,감독
372,1059,배우
372,498,배우
372,1080,배우
372,1081,배우
372,411,배우
372,1082,감독
373,152,배우
373,35,배우
373,64,배우
373,336,배우
373,286,배우
373,1083,감독
374,20,배우
374,104,배우
374,387,배우
374,30,배우
374,21,배우
374,364,감독
375,1,배우
375,104,배우
375,66,배우
375,179,배우
375,1084,배우
375,180,감독
376,1085,배우
376,1086,배우
376,1087,배우
376,189,배우
376,1088,배우
376,1089,감독
377,316,배우
377,100,배우
377,47,배우
377,1090,배우
377,1091,배우
377,1092,감독
378,1093,배우
378,482,배우
378,1094,배우
378,858,배우
378,1095,배우
378,859,감독
379,210,배우
379,73,배우
379,1096,배우
379,693,배우
379,1021,배우
379,1097,감독
380,12,배우
380,593,배우
380,693,배우
380,370,배우
380,257,배우
380,924,감독
381,82,배우
381,1098,배우
381,1099,배우
381,1100,배우
381,766,배우
381,112,감독
382,239,배우
382,1101,배우
382,864,배우
382,309,배우
382,1102,배우
382,1103,감독
383,67,배우
383,1104,배우
383,1105,배우
383,1106,배우
383,1107,배우
383,363,감독
384,187,배우
384,235,배우
384,1108,배우
384,83,배우
384,1109,배우
384,1020,감독
385,652,배우
385,821,배우
385,966,배우
385,1110,배우
385,1111,배우
385,1112,감독
386,1113,배우
386,1114,배우
386,1115,배우
386,1116,배우
386,683,배우
386,1117,감독
387,526,배우
387,80,배우
387,935,배우
387,14,배우
387,398,배우
387,1118,감독
388,1119,배우
388,353,배우
388,143,배우
388,423,배우
388,1120,배우
388,1121,감독
389,28,배우
389,556,배우
389,22,배우
389,897,배우
389,221,배우
389,1122,감독
390,2,배우
390,1078,배우
390,1123,배우
390,1124,배우
390,491,배우
390,735,감독
391,160,배우
391,327,배우
391,45,배우
391,414,배우
391,105,배우
391,1125,감독
392,652,배우
392,435,배우
392,47,배우
392,671,배우
392,1126,배우
392,566,감독
393,13,배우
393,200,배우
393,1127,배우
393,398,배우
393,1128,배우
393,924,감독
394,769,배우
394,1129,배우
394,250,배우
394,427,배우
394,413,배우
394,1130,감독
395,287,배우
395,1131,배우
395,1132,배우
395,1133,배우
395,456,배우
395,1134,감독
396,495,배우
396,1135,배우
396,1136,배우
396,1137,배우
396,1138,배우
396,186,감독
397,114,배우
397,45,배우
397,947,배우
397,605,배우
397,289,배우
397,238,감독
398,221,배우
398,1139,배우
398,1140,배우
398,1141,배우
398,1142,배우
398,1143,감독
399,1144,배우
399,73,배우
399,1069,배우
399,1124,배우
399,136,배우
399,1145,감독
400,181,배우
400,1146,배우
400,1147,배우
400,1148,배우
400,1149,배우
400,1150,감독
401,141,배우
401,1068,배우
401,655,배우
401,1151,배우
401,1152,배우
401,325,감독
402,2,배우
402,568,배우
402,250,배우
402,327,배우
402,477,배우
402,79,감독
403,833,배우
403,43,배우
403,480,배우
403,1153,배우
403,1154,배우
403,43,감독
404,13,배우
404,824,배우
404,257,배우
404,1155,배우
404,1156,배우
404,735,감독
405,1157,배우
405,472,배우
405,36,배우
405,31,배우
405,1158,배우
405,653,감독
406,131,배우
406,285,배우
406,1159,배우
406,726,배우
406,1160,배우
406,402,감독
407,30,배우
407,83,배우
407,464,배우
407,852,배우
407,1161,배우
407,1025,감독
408,23,배우
408,805,배우
408,1162,배우
408,949,배우
408,414,배우
408,425,감독
409,27,배우
409,316,배우
409,39,배우
409,1119,배우
409,276,배우
409,1163,감독
410,535,배우
410,1157,배우
410,894,배우
410,1164,배우
410,427,배우
410,536,감독
411,263,배우
411,526,배우
411,1165,배우
411,1166,배우
411,336,배우
411,1167,감독
412,612,배우
412,1168,배우
412,798,배우
412,473,배우
412,114,배우
412,238,감독
412,913,감독
412,1169,감독
413,4,배우
413,21,배우
413,148,배우
413,29,배우
413,1170,배우
413,1171,감독
414,1172,배우
414,1173,배우
414,1174,배우
414,1175,감독
415,198,배우
415,714,배우
415,557,배우
415,77,배우
415,667,배우
415,1176,감독
416,104,배우
416,491,배우
416,886,배우
416,326,배우
416,241,배우
416,1177,감독
417,954,배우
417,179,배우
417,1178,배우
417,1179,배우
417,1180,배우
417,1181,감독
418,77,배우
418,1182,배우
418,989,배우
418,76,배우
418,1183,배우
418,1020,감독
419,1114,배우
419,1184,배우
419,1185,배우
419,1186,배우
419,1187,감독
419,1188,감독
419,1189,감독
420,221,배우
420,852,배우
420,164,배우
420,1190,배우
420,486,배우
420,1191,감독
421,120,배우
421,886,배우
421,1192,배우
421,1193,배우
421,1194,배우
421,1195,감독
422,1196,배우
422,1197,배우
422,354,배우
422,1198,배우
422,1199,배우
422,233,감독
423,10,배우
423,21,배우
423,979,배우
423,198,배우
423,567,배우
423,1200,감독
424,141,배우
424,336,배우
424,335,배우
424,603,배우
424,751,배우
424,1201,감독
425,1202,배우
425,115,배우
425,1203,배우
425,1204,배우
425,1205,배우
425,1206,감독
426,21,배우
426,693,배우
426,612,배우
426,751,배우
426,938,배우
426,1207,감독
427,356,배우
427,160,배우
427,1208,배우
427,55,배우
427,1209,배우
427,1210,감독
428,196,배우
428,1211,배우
428,74,배우
428,700,배우
428,563,배우
428,75,감독
429,1212,배우
429,738,배우
429,1213,배우
429,1214,배우
429,1215,배우
429,1216,감독
430,1217,배우
430,1218,배우
430,1219,감독
431,158,배우
431,841,배우
431,47,배우
431,1220,배우
431,1010,배우
431,1221,감독
432,326,배우
432,356,배우
432,487,배우
432,221,배우
432,427,배우
432,847,감독
433,556,배우
433,435,배우
433,989,배우
433,966,배우
433,1222,배우
433,1223,감독
434,1224,배우
434,1225,배우
434,1226,배우
434,1227,배우
434,1228,배우
434,1229,감독
435,466,배우
435,120,배우
435,370,배우
435,603,배우
435,1230,배우
435,1231,감독
436,769,배우
436,738,배우
436,792,배우
436,1232,배우
436,729,배우
436,697,감독
437,27,배우
437,823,배우
437,1233,배우
437,1234,배우
437,226,배우
437,119,감독
438,1235,배우
438,646,배우
438,255,배우
438,1236,배우
438,88,배우
438,1237,감독
439,568,배우
439,724,배우
439,67,배우
439,1238,배우
439,444,배우
439,1201,감독
440,80,배우
440,235,배우
440,1239,배우
440,1240,배우
440,1241,배우
440,84,감독
441,572,배우
441,316,배우
441,21,배우
441,1119,배우
441,726,배우
441,699,감독
442,1242,배우
442,963,배우
442,1243,배우
442,1244,감독
443,426,배우
443,85,배우
443,561,배우
443,1245,배우
443,1246,배우
443,744,감독
444,417,배우
444,978,배우
444,23,배우
444,1247,배우
444,1248,배우
444,1249,감독
445,422,배우
445,45,배우
445,159,배우
445,221,배우
445,1154,배우
445,1250,감독
446,593,배우
446,1251,배우
446,693,배우
446,1252,배우
446,1253,배우
446,924,감독
447,278,배우
447,294,배우
447,886,배우
447,78,배우
447,106,배우
447,783,감독
448,766,배우
448,1254,배우
448,578,배우
448,272,배우
448,1255,배우
448,1256,감독
449,80,배우
449,2,배우
449,886,배우
449,603,배우
449,398,배우
449,275,감독
450,1257,배우
450,1258,배우
450,1259,배우
450,135,배우
450,749,배우
450,697,감독
450,1260,감독
450,1261,감독
450,1262,감독
450,1263,감독
451,383,배우
451,1264,배우
451,1265,배우
451,1072,배우
451,1266,배우
451,1267,감독
452,35,배우
452,679,배우
452,1268,배우
452,846,배우
452,387,배우
452,1269,감독
453,529,배우
453,270,배우
453,67,배우
453,1270,배우
453,1271,배우
453,1261,감독
454,152,배우
454,114,배우
454,143,배우
454,511,배우
454,1272,배우
454,984,감독
455,263,배우
455,434,배우
455,221,배우
455,294,배우
455,106,배우
455,1273,감독
456,20,배우
456,343,배우
456,609,배우
456,1274,배우
456,63,배우
456,20,감독
457,1052,배우
457,1053,배우
457,1275,배우
457,1054,배우
457,683,배우
457,1276,감독
458,204,배우
458,160,배우
458,22,배우
458,227,배우
458,782,배우
458,1277,감독
459,239,배우
459,652,배우
459,292,배우
459,746,배우
459,312,배우
459,436,감독
460,20,배우
460,873,배우
460,1019,배우
460,792,배우
460,1278,배우
460,1279,감독
461,422,배우
461,89,배우
461,915,배우
461,1224,배우
461,1280,배우
461,119,감독
462,21,배우
462,335,배우
462,387,배우
462,413,배우
462,1281,배우
462,1282,감독
463,345,배우
463,239,배우
463,1253,배우
463,1003,배우
463,312,배우
463,436,감독
464,529,배우
464,915,배우
464,241,배우
464,441,배우
464,249,배우
464,707,감독
465,1283,배우
465,1284,배우
465,1285,배우
465,1286,배우
465,33,배우
465,1287,감독
466,1052,배우
466,1053,배우
466,1288,배우
466,683,배우
466,1055,배우
466,1289,감독
466,1290,감독
467,18,배우
467,2,배우
467,292,배우
467,1291,배우
467,1281,배우
467,1051,감독
468,250,배우
468,162,배우
468,1292,배우
468,1293,배우
468,1294,배우
468,720,감독
469,1,배우
469,41,배우
469,1295,배우
469,1009,배우
469,116,배우
469,621,감독
470,28,배우
470,821,배우
470,862,배우
470,1296,배우
470,1297,배우
470,1298,감독
471,187,배우
471,10,배우
471,1299,배우
471,751,배우
471,1300,배우
471,783,감독
472,701,배우
472,714,배우
472,211,배우
472,1301,배우
472,1272,배우
472,651,감독
473,197,배우
473,1129,배우
473,1234,배우
473,74,배우
473,1302,배우
473,180,감독
474,1303,배우
474,1068,배우
474,1254,배우
474,1304,배우
474,1305,배우
474,1306,감독
475,1,배우
475,1307,배우
475,635,배우
475,1308,배우
475,444,배우
475,1082,감독
476,487,배우
476,131,배우
476,1309,배우
476,1310,배우
476,1311,배우
476,256,감독
477,1312,배우
477,577,배우
477,1313,배우
477,1314,배우
477,1315,배우
477,1316,감독
478,80,배우
478,635,배우
478,576,배우
478,574,배우
478,312,배우
478,1317,감독
479,187,배우
479,978,배우
479,276,배우
479,165,배우
479,1318,배우
479,822,감독
480,10,배우
480,1319,배우
480,296,배우
480,553,배우
480,206,배우
480,1320,감독
481,2,배우
481,315,배우
481,1094,배우
481,574,배우
481,387,배우
481,1321,감독
482,1322,배우
482,125,배우
482,17,배우
482,6,배우
482,268,배우
482,1322,감독
483,267,배우
483,354,배우
483,635,배우
483,356,배우
483,1323,배우
483,1324,감독
484,769,배우
484,104,배우
484,25,배우
484,1325,배우
484,1326,배우
484,1327,감독
485,23,배우
485,306,배우
485,164,배우
485,188,배우
485,690,배우
485,1328,감독
486,947,배우
486,1043,배우
486,1329,배우
486,1330,배우
486,1331,배우
486,605,감독
487,344,배우
487,1332,배우
487,239,배우
487,873,배우
487,1333,배우
487,1334,감독
488,221,배우
488,655,배우
488,31,배우
488,435,배우
488,1335,배우
488,1336,감독
489,328,배우
489,348,배우
489,304,배우
489,40,배우
489,188,배우
489,329,감독
490,196,배우
490,1144,배우
490,181,배우
490,73,배우
490,1126,배우
490,291,감독
491,81,배우
491,873,배우
491,47,배우
491,40,배우
491,474,배우
491,600,감독
492,1337,배우
492,260,배우
492,477,배우
492,1338,배우
492,1339,배우
492,1340,감독
493,504,배우
493,114,배우
493,90,배우
493,132,배우
493,120,배우
493,984,감독
494,97,배우
494,1162,배우
494,21,배우
494,1341,배우
494,297,배우
494,1167,감독
495,426,배우
495,442,배우
495,498,배우
495,633,배우
495,1119,배우
495,1200,감독
496,250,배우
496,559,배우
496,99,배우
496,88,배우
496,714,배우
496,797,감독
497,250,배우
497,228,배우
497,434,배우
497,1342,배우
497,99,배우
497,238,감독
498,28,배우
498,1343,배우
498,790,배우
498,1344,배우
498,1345,배우
498,925,감독
499,484,배우
499,167,배우
499,1346,배우
499,595,배우
499,1347,배우
499,1348,감독
500,498,배우
500,2,배우
500,886,배우
500,553,배우
500,1346,배우
500,797,감독
501,1114,배우
501,1349,배우
501,1350,배우
501,1351,배우
501,1352,배우
501,1189,감독
501,1353,감독
501,1354,감독
502,12,배우
502,662,배우
502,805,배우
502,920,배우
502,28,배우
502,1355,감독
503,556,배우
503,435,배우
503,1119,배우
503,668,배우
503,553,배우
503,1223,감독
504,23,배우
504,81,배우
504,723,배우
504,1356,배우
504,522,배우
504,735,감독
505,71,배우
505,450,배우
505,1357,배우
505,1069,배우
505,819,배우
505,1191,감독
506,20,배우
506,152,배우
506,411,배우
506,83,배우
506,33,배우
506,699,감독
507,2,배우
507,495,배우
507,47,배우
507,193,배우
507,484,배우
507,448,감독
508,312,배우
508,182,배우
508,1157,배우
508,164,배우
508,751,배우
508,1201,감독
509,239,배우
509,985,배우
509,210,배우
509,1162,배우
509,1358,배우
509,839,감독
510,1359,배우
510,1360,배우
510,1361,배우
510,1362,배우
510,1363,배우
510,1364,감독
511,12,배우
511,147,배우
511,178,배우
511,335,배우
511,798,배우
511,262,감독
512,1365,배우
512,1366,배우
512,676,배우
512,1341,배우
512,1367,배우
512,1368,감독
513,30,배우
513,160,배우
513,173,배우
513,277,배우
513,427,배우
513,291,감독
514,86,배우
514,442,배우
514,985,배우
514,1369,배우
514,897,배우
514,839,감독
515,1370,배우
515,1371,배우
515,961,배우
515,1372,배우
515,1373,감독
516,198,배우
516,371,배우
516,424,배우
516,1374,배우
516,187,배우
516,187,감독
517,738,배우
517,633,배우
517,74,배우
517,312,배우
517,1375,배우
517,493,감독
518,39,배우
518,100,배우
518,1376,배우
518,520,배우
518,407,배우
518,84,감독
519,345,배우
519,99,배우
519,1377,배우
519,1378,배우
519,360,배우
519,1317,감독
520,1379,배우
520,1380,배우
520,1381,배우
520,1382,배우
520,1383,배우
520,1384,감독
521,1385,배우
521,1386,배우
521,1387,배우
521,1388,배우
521,1389,배우
521,1390,감독
522,114,배우
522,1086,배우
522,1391,배우
522,1387,배우
522,309,배우
522,1392,감독
523,1319,배우
523,574,배우
523,64,배우
523,1190,배우
523,1393,배우
523,1394,감독
524,382,배우
524,1395,배우
524,1396,배우
524,383,배우
524,1397,배우
524,1398,감독
525,131,배우
525,90,배우
525,1399,배우
525,175,배우
525,1400,배우
525,1401,감독
526,220,배우
526,18,배우
526,1066,배우
526,312,배우
526,966,배우
526,1402,감독
527,250,배우
527,198,배우
527,657,배우
527,447,배우
527,1403,배우
527,1231,감독
528,86,배우
528,14,배우
528,1404,배우
528,1405,배우
528,1406,배우
528,804,감독
529,1407,배우
529,139,배우
529,1408,배우
529,1409,배우
529,1410,배우
529,1411,감독
530,1,배우
530,86,배우
530,211,배우
530,1281,배우
530,418,배우
530,1412,감독
531,556,배우
531,435,배우
531,1413,배우
531,220,배우
531,1414,배우
531,1223,감독
532,1415,감독
532,1416,감독
533,13,배우
533,1417,배우
533,989,배우
533,1418,배우
533,624,배우
533,1419,감독
534,769,배우
534,328,배우
534,1420,배우
534,724,배우
534,1421,배우
534,1422,감독
535,97,배우
535,239,배우
535,379,배우
535,461,배우
535,1423,배우
535,1424,감독
536,115,배우
536,1425,배우
536,1426,배우
536,491,배우
536,1427,배우
536,1428,감독
536,1429,감독
537,76,배우
537,1430,배우
537,120,배우
537,1431,배우
537,1432,배우
537,79,감독
538,279,배우
538,781,배우
538,1433,배우
538,13,배우
538,628,배우
538,1434,감독
539,1435,배우
539,1436,배우
539,1437,배우
539,1438,배우
539,1439,배우
539,1440,감독
540,659,배우
540,120,배우
540,96,배우
540,863,배우
540,181,배우
540,367,감독
541,1441,배우
541,1442,배우
541,1443,배우
541,864,배우
541,1444,배우
541,580,감독
542,328,배우
542,348,배우
542,327,배우
542,188,배우
542,185,배우
542,600,감독
543,733,배우
543,18,배우
543,757,배우
543,105,배우
543,985,배우
543,735,감독
544,18,배우
544,525,배우
544,733,배우
544,756,배우
544,1086,배우
544,735,감독
545,250,배우
545,313,배우
545,985,배우
545,35,배우
545,3,배우
545,1092,감독
546,1445,배우
546,1446,배우
546,29,배우
546,182,배우
546,561,배우
546,1447,감독
547,178,배우
547,13,배우
547,603,배우
547,1448,배우
547,1449,배우
547,1450,감독
548,2,배우
548,849,배우
548,100,배우
548,838,배우
548,1359,배우
548,842,감독
549,235,배우
549,77,배우
549,1451,배우
549,862,배우
549,1452,배우
549,1453,감독
550,442,배우
550,30,배우
550,1454,배우
550,1455,배우
550,1456,배우
550,888,감독
551,466,배우
551,2,배우
551,143,배우
551,966,배우
551,307,배우
551,1457,감독
552,87,배우
552,1458,배우
552,756,배우
552,918,배우
552,511,배우
552,1256,감독
553,1062,배우
553,1459,배우
553,1460,배우
553,105,배우
553,732,배우
553,1261,감독
554,263,배우
554,593,배우
554,257,배우
554,1461,배우
554,1462,배우
554,1463,감독
555,12,배우
555,294,배우
555,417,배우
555,635,배우
555,312,배우
555,1464,감독
556,593,배우
556,441,배우
556,25,배우
556,530,배우
556,1465,배우
556,317,감독
557,56,배우
557,89,배우
557,1466,배우
557,1467,배우
557,1468,배우
557,1469,감독
558,1470,배우
558,1471,배우
558,1472,배우
558,1473,배우
558,1474,배우
558,1475,감독
559,250,배우
559,861,배우
559,47,배우
559,78,배우
559,36,배우
559,118,감독
560,132,배우
560,1476,배우
560,1477,배우
560,1478,배우
560,1479,배우
560,1480,감독
561,1052,배우
561,1053,배우
561,1054,배우
561,683,배우
561,1055,배우
561,1276,감독
562,1481,배우
562,104,배우
562,938,배우
562,1482,배우
562,1483,배우
562,992,감독
563,459,배우
563,380,배우
563,1484,배우
563,918,배우
563,1485,배우
563,1486,감독
564,20,배우
564,491,배우
564,1487,배우
564,336,배우
564,64,배우
564,20,감독
565,568,배우
565,487,배우
565,387,배우
565,464,배우
565,414,배우
565,1488,감독
566,894,배우
566,1489,배우
566,226,배우
566,595,배우
566,1490,배우
566,1491,감독
567,328,배우
567,13,배우
567,360,배우
567,81,배우
567,1253,배우
567,1306,감독
568,120,배우
568,187,배우
568,1318,배우
568,1492,배우
568,646,배우
568,984,감독
569,343,배우
569,113,배우
569,574,배우
569,414,배우
569,530,배우
569,448,감독
570,442,배우
570,1493,배우
570,370,배우
570,805,배우
570,647,배우
570,1494,감독
571,472,배우
571,241,배우
571,572,배우
571,144,배우
571,454,배우
571,233,감독
572,498,배우
572,987,배우
572,1495,배우
572,612,배우
572,491,배우
572,1402,감독
573,1496,배우
573,104,배우
573,1497,배우
573,1421,배우
573,900,배우
573,1498,감독
574,472,배우
574,593,배우
574,627,배우
574,668,배우
574,464,배우
574,1499,감독
575,1500,배우
575,1501,배우
575,1502,배우
575,1110,배우
575,1503,배우
575,1504,감독
576,1505,배우
576,1506,배우
576,1356,배우
576,1507,배우
576,1180,배우
576,1508,감독
577,221,배우
577,1509,배우
577,309,배우
577,860,배우
577,1510,배우
577,1511,감독
578,80,배우
578,422,배우
578,1512,배우
578,1433,배우
578,413,배우
578,1434,감독
579,1513,배우
579,1514,배우
579,1515,배우
579,1516,배우
579,1517,배우
579,1518,감독
580,45,배우
580,495,배우
580,1519,배우
580,485,배우
580,474,배우
580,1520,감독
581,472,배우
581,449,배우
581,1485,배우
581,1170,배우
581,1521,배우
581,84,감독
582,466,배우
582,141,배우
582,1264,배우
582,1522,배우
582,1399,배우
582,259,감독
583,442,배우
583,482,배우
583,250,배우
583,1523,배우
583,693,배우
583,1250,감독
584,44,배우
584,133,배우
584,480,배우
584,1524,배우
584,1525,배우
584,242,감독
585,652,배우
585,181,배우
585,22,배우
585,336,배우
585,387,배우
585,872,감독
586,294,배우
586,612,배우
586,83,배우
586,47,배우
586,648,배우
586,1526,감독
587,270,배우
587,13,배우
587,141,배우
587,260,배우
587,1527,배우
587,440,감독
588,1218,배우
588,1528,배우
588,1217,배우
588,1529,배우
588,1530,배우
588,1531,감독
589,1,배우
589,1532,배우
589,30,배우
589,647,배우
589,1533,배우
589,176,감독
590,285,배우
590,442,배우
590,411,배우
590,98,배우
590,464,배우
590,528,감독
591,22,배우
591,1059,배우
591,664,배우
591,1426,배우
591,1507,배우
591,1125,감독
592,80,배우
592,263,배우
592,281,배우
592,1534,배우
592,1535,배우
592,1536,감독
593,12,배우
593,1537,배우
593,360,배우
593,1538,배우
593,1539,배우
593,1540,감독
594,279,배우
594,422,배우
594,466,배우
594,1541,배우
594,1346,배우
594,1434,감독
595,635,배우
595,286,배우
595,497,배우
595,111,배우
595,713,배우
595,1542,감독
596,772,배우
596,477,배우
596,81,배우
596,390,배우
596,241,배우
596,793,감독
597,263,배우
597,20,배우
597,1543,배우
597,1544,배우
597,1545,배우
597,1546,감독
598,80,배우
598,21,배우
598,370,배우
598,1547,배우
598,162,배우
598,1548,감독
599,772,배우
599,441,배우
599,198,배우
599,1549,배우
599,67,배우
599,199,감독
600,1116,배우
600,1550,배우
600,1551,배우
600,1552,배우
600,1288,배우
600,1553,감독
601,482,배우
601,594,배우
601,1006,배우
601,537,배우
601,1554,배우
601,988,감독
602,1555,배우
602,1087,배우
602,1556,배우
602,1557,배우
602,1558,배우
602,913,감독
603,61,배우
603,639,배우
603,83,배우
603,530,배우
603,26,배우
603,1559,감독
604,1003,배우
604,100,배우
604,1157,배우
604,595,배우
604,871,배우
604,346,감독
605,1560,배우
605,830,배우
605,1561,배우
605,405,배우
605,1562,배우
605,1563,감독
606,270,배우
606,435,배우
606,1564,배우
606,1565,배우
606,767,배우
606,1566,감독
607,20,배우
607,348,배우
607,163,배우
607,115,배우
607,1031,배우
607,134,감독
608,182,배우
608,29,배우
608,387,배우
608,1567,배우
608,838,배우
608,1568,감독
609,131,배우
609,28,배우
609,823,배우
609,983,배우
609,1569,배우
609,984,감독
610,805,배우
610,21,배우
610,574,배우
610,1170,배우
610,701,배우
610,1368,감독
611,417,배우
611,1247,배우
611,1091,배우
611,1570,배우
611,1571,배우
611,1572,감독
611,1402,감독
611,186,감독
611,1573,감독
612,193,배우
612,676,배우
612,1365,배우
612,1574,배우
612,1575,배우
612,1576,감독
613,20,배우
613,29,배우
613,269,배우
613,348,배우
613,276,배우
613,1577,감독
614,652,배우
614,96,배우
614,525,배우
614,484,배우
614,1301,배우
614,1269,감독
615,569,배우
615,627,배우
615,480,배우
615,74,배우
615,47,배우
615,1578,감독
616,1052,배우
616,1053,배우
616,1288,배우
616,683,배우
616,1055,배우
616,1056,감독
616,1579,감독
617,701,배우
617,269,배우
617,312,배우
617,1501,배우
617,1110,배우
617,1526,감독
618,1,배우
618,117,배우
618,435,배우
618,210,배우
618,1545,배우
618,804,감독
619,87,배우
619,207,배우
619,188,배우
619,385,배우
619,1021,배우
619,1580,감독
620,80,배우
620,1008,배우
620,435,배우
620,323,배우
620,30,배우
620,1581,감독
621,985,배우
621,537,배우
621,757,배우
621,1007,배우
621,491,배우
621,735,감독
622,44,배우
622,1582,배우
622,781,배우
622,330,배우
622,1583,배우
622,242,감독
623,312,배우
623,1584,배우
623,767,배우
623,1585,배우
623,1586,배우
623,1587,감독
624,80,배우
624,985,배우
624,464,배우
624,318,배우
624,31,배우
624,1282,감독
625,593,배우
625,422,배우
625,751,배우
625,1278,배우
625,189,배우
625,1277,감독
625,783,감독
626,562,배우
626,188,배우
626,141,배우
626,385,배우
626,1588,배우
626,1589,감독
627,345,배우
627,239,배우
627,67,배우
627,330,배우
627,188,배우
627,79,감독
628,12,배우
628,97,배우
628,838,배우
628,67,배우
628,1590,배우
628,43,감독
629,1591,배우
629,613,배우
629,1592,배우
629,1593,배우
629,116,배우
629,1594,감독
630,1549,배우
630,1008,배우
630,1595,배우
630,1337,배우
630,1596,배우
630,797,감독
631,1597,배우
631,1598,배우
631,1337,배우
631,1599,배우
631,862,배우
631,765,감독
632,504,배우
632,22,배우
632,258,배우
632,1600,배우
632,1601,배우
632,79,감독
633,312,배우
633,182,배우
633,164,배우
633,365,배우
633,1602,배우
633,1201,감독
634,129,배우
634,1603,배우
634,967,배우
634,1604,배우
634,1074,배우
634,1605,감독
635,120,배우
635,22,배우
635,477,배우
635,207,배우
635,521,배우
635,1277,감독
636,1606,배우
636,445,배우
636,318,배우
636,1607,배우
636,255,배우
636,1067,감독
637,1052,배우
637,1054,배우
637,683,배우
637,1053,배우
637,1055,배우
637,1290,감독
638,383,배우
638,1608,배우
638,1609,배우
638,1610,배우
638,1611,배우
638,1612,감독
639,450,배우
639,1110,배우
639,477,배우
639,1613,배우
639,1614,배우
639,1615,감독
640,239,배우
640,1616,배우
640,81,배우
640,435,배우
640,210,배우
640,493,감독
641,1116,배우
641,1550,배우
641,1551,배우
641,1552,배우
641,1617,배우
641,1553,감독
642,521,배우
642,2,배우
642,537,배우
642,442,배우
642,1618,배우
642,735,감독
643,1619,배우
643,1620,배우
643,1621,배우
643,1622,배우
643,1623,배우
643,1622,감독
644,1624,배우
644,1224,배우
644,188,배우
644,1625,배우
644,1626,배우
644,1627,감독
645,1628,배우
645,1629,배우
645,985,배우
645,1630,감독
646,114,배우
646,221,배우
646,411,배우
646,491,배우
646,98,배우
646,451,감독
647,521,배우
647,2,배우
647,183,배우
647,756,배우
647,1631,배우
647,735,감독
648,239,배우
648,35,배우
648,400,배우
648,83,배우
648,260,배우
648,1464,감독
649,1496,배우
649,13,배우
649,530,배우
649,1632,배우
649,250,배우
649,1463,감독
650,278,배우
650,602,배우
650,1633,배우
650,1634,배우
650,207,배우
650,925,감독
651,1635,배우
651,1636,배우
651,1637,배우
651,1638,배우
651,1639,배우
651,1640,감독
652,1116,배우
652,1550,배우
652,1552,배우
652,1553,감독
653,422,배우
653,26,배우
653,680,배우
653,1307,배우
653,1641,배우
653,1642,감독
654,1129,배우
654,1643,배우
654,708,배우
654,542,배우
654,1644,배우
654,1130,감독
655,1645,배우
655,1646,감독
656,10,배우
656,422,배우
656,26,배우
656,1647,배우
656,1648,배우
656,1642,감독
657,472,배우
657,1454,배우
657,39,배우
657,292,배우
657,1649,배우
657,718,감독
658,1597,배우
658,1337,배우
658,1599,배우
658,862,배우
658,1650,배우
658,1651,감독
659,785,배우
659,1507,배우
659,1489,배우
659,1652,배우
659,1653,배우
659,1654,감독
660,920,배우
660,221,배우
660,159,배우
660,128,배우
660,1655,배우
660,1656,감독
661,86,배우
661,29,배우
661,1059,배우
661,220,배우
661,521,배우
661,1392,감독
662,475,배우
662,22,배우
662,348,배우
662,63,배우
662,427,배우
662,783,감독
663,799,배우
663,1657,배우
663,1625,배우
663,1658,배우
663,1659,배우
663,1660,감독
664,1319,배우
664,20,배우
664,745,배우
664,1661,배우
664,141,배우
664,364,감독
665,1662,배우
665,864,배우
665,1663,배우
665,1664,배우
665,1665,배우
665,1666,감독
666,1667,배우
666,1668,배우
666,1055,배우
666,1052,배우
666,1669,배우
666,1670,감독
666,1671,감독
667,1672,배우
667,1673,감독
668,278,배우
668,10,배우
668,78,배우
668,1674,배우
668,1675,배우
668,1676,감독
669,472,배우
669,21,배우
669,206,배우
669,294,배우
669,635,배우
669,1677,감독
670,1678,배우
670,1679,배우
670,1680,배우
670,1681,배우
670,414,배우
670,1682,감독
671,343,배우
671,330,배우
671,894,배우
671,265,배우
671,833,배우
671,346,감독
672,875,배우
672,821,배우
672,1539,배우
672,188,배우
672,985,배우
672,79,감독
673,1069,배우
673,1683,배우
673,1684,배우
673,1140,배우
673,1685,배우
673,1686,감독
674,30,배우
674,21,배우
674,241,배우
674,289,배우
674,603,배우
674,715,감독
675,1059,배우
675,257,배우
675,76,배우
675,63,배우
675,1167,배우
675,1020,감독
676,1052,배우
676,1053,배우
676,1054,배우
676,683,배우
676,1055,배우
676,1056,감독
676,1687,감독
677,173,배우
677,281,배우
677,1688,배우
677,1689,배우
677,1690,배우
677,1691,감독
678,80,배우
678,442,배우
678,413,배우
678,434,배우
678,183,배우
678,839,감독
679,466,배우
679,593,배우
679,1358,배우
679,1692,배우
679,1601,배우
679,161,감독
680,86,배우
680,873,배우
680,1693,배우
680,210,배우
680,316,배우
680,1540,감독
681,482,배우
681,1694,배우
681,1695,배우
681,680,배우
681,641,배우
681,1696,감독
682,1697,배우
682,1698,배우
682,1699,배우
682,1700,배우
682,1701,배우
682,406,감독
683,526,배우
683,96,배우
683,183,배우
683,221,배우
683,1702,배우
683,1703,감독
683,1704,감독
684,1,배우
684,13,배우
684,29,배우
684,210,배우
684,1281,배우
684,49,감독
685,86,배우
685,387,배우
685,487,배우
685,361,배우
685,98,배우
685,638,감독
686,441,배우
686,321,배우
686,530,배우
686,1705,배우
686,361,배우
686,1340,감독
687,1706,배우
687,1707,배우
687,1708,배우
687,1709,배우
687,1710,배우
687,1711,감독
687,1712,감독
688,131,배우
688,791,배우
688,1713,배우
688,348,배우
688,647,배우
688,1714,감독
689,96,배우
689,1062,배우
689,159,배우
689,1715,배우
689,1538,배우
689,765,감독
690,435,배우
690,296,배우
690,427,배우
690,1716,배우
690,1717,감독
691,556,배우
691,83,배우
691,348,배우
691,557,배우
691,132,배우
691,1718,감독
692,1719,배우
692,1720,배우
692,1721,감독
693,1722,배우
693,1723,배우
693,1724,배우
693,1725,배우
693,1726,배우
693,1727,감독
694,31,배우
694,513,배우
694,1728,배우
694,72,배우
694,1585,배우
694,1729,감독
695,117,배우
695,883,배우
695,1730,배우
695,1731,배우
695,1120,배우
695,1732,감독
696,211,배우
696,1733,배우
696,1734,배우
696,1735,배우
696,1736,배우
696,699,감독
696,1737,감독
697,1738,배우
697,1739,배우
697,1675,배우
697,1740,배우
697,1741,배우
697,1742,감독
698,131,배우
698,1743,배우
698,1744,배우
698,1278,배우
698,1153,배우
698,1745,감독
698,1746,감독
699,330,배우
699,887,배우
699,1747,배우
699,428,배우
699,387,배우
699,1748,감독
700,1749,배우
700,1750,감독
701,769,배우
701,1319,배우
701,596,배우
701,1543,배우
701,1405,배우
701,367,감독
702,1251,배우
702,279,배우
702,757,배우
702,805,배우
702,1751,배우
702,1216,감독
703,344,배우
703,805,배우
703,559,배우
703,863,배우
703,1752,배우
703,1573,감독
704,220,배우
704,848,배우
704,781,배우
704,477,배우
704,693,배우
704,1753,감독
705,330,배우
705,1624,배우
705,779,배우
705,1754,배우
705,1253,배우
705,1755,감독
706,475,배우
706,413,배우
706,1009,배우
706,1756,배우
706,221,배우
706,1757,감독
707,1758,배우
707,1759,배우
707,1760,배우
707,1761,배우
707,1762,배우
707,1763,감독
707,1764,감독
708,105,배우
708,18,배우
708,1086,배우
708,1765,배우
708,733,배우
708,735,감독
709,1052,배우
709,1053,배우
709,683,배우
709,1288,배우
709,1275,배우
709,1276,감독
710,572,배우
710,1766,배우
710,258,배우
710,1767,배우
710,207,배우
710,1768,감독
711,529,배우
711,459,배우
711,1769,배우
711,1770,배우
711,1771,배우
711,1355,감독
712,1114,배우
712,1772,배우
712,1773,배우
712,1774,배우
712,1775,배우
712,1189,감독
712,1776,감독
712,1777,감독
712,1778,감독
713,614,배우
713,330,배우
713,1779,배우
713,387,배우
713,1549,배우
713,1748,감독
714,1780,배우
714,10,배우
714,348,배우
714,1549,배우
714,74,배우
714,1781,감독
715,23,배우
715,985,배우
715,635,배우
715,1124,배우
715,77,배우
715,735,감독
716,1283,배우
716,894,배우
716,472,배우
716,294,배우
716,1359,배우
716,1580,감독
717,482,배우
717,594,배우
717,1006,배우
717,1524,배우
717,537,배우
717,988,감독
718,1332,배우
718,422,배우
718,628,배우
718,1549,배우
718,1782,배우
718,186,감독
719,805,배우
719,361,배우
719,184,배우
719,719,배우
719,183,배우
719,1282,감독
720,635,배우
720,1694,배우
720,794,배우
720,501,배우
720,118,배우
720,638,감독
721,132,배우
721,98,배우
721,31,배우
721,1455,배우
721,1664,배우
721,1783,감독
722,725,배우
722,1248,배우
722,1784,배우
722,1785,배우
722,1786,배우
722,1787,감독
723,97,배우
723,348,배우
723,1788,배우
723,1395,배우
723,1789,배우
723,1011,감독
724,114,배우
724,247,배우
724,1790,배우
724,1791,배우
724,1205,배우
724,1169,감독
725,1184,배우
725,1792,배우
725,1185,배우
725,1793,배우
725,1113,배우
725,1794,감독
726,19,배우
726,1795,배우
726,1796,배우
726,1797,배우
726,1798,배우
726,1799,감독
727,1800,배우
727,1801,배우
727,1802,배우
727,1803,배우
727,1804,배우
727,1805,감독
728,626,배우
728,133,배우
728,27,배우
729,344,배우
729,805,배우
729,1806,배우
729,1807,배우
729,1153,배우
729,84,감독
730,1113,배우
730,1808,배우
730,1550,배우
730,1809,감독
730,1810,감독
731,1073,배우
731,290,배우
731,1811,배우
731,1812,배우
731,1360,배우
731,1813,감독
732,80,배우
732,279,배우
732,413,배우
732,1814,배우
732,1815,배우
732,839,감독
733,1816,배우
733,1817,배우
733,1818,배우
733,1819,배우
733,1820,배우
733,1821,감독
734,345,배우
734,183,배우
734,1822,배우
734,790,배우
734,1522,배우
734,1167,감독
735,1091,배우
735,159,배우
735,105,배우
735,1823,배우
735,517,배우
735,107,감독
736,4,배우
736,1590,배우
736,960,배우
736,1824,배우
736,1825,배우
736,551,감독
737,86,배우
737,466,배우
737,434,배우
737,897,배우
737,646,배우
737,262,감독
738,1826,배우
738,1827,배우
738,1828,배우
738,1829,배우
738,1830,배우
738,1831,감독
739,241,배우
739,1369,배우
739,67,배우
739,1396,배우
739,1832,배우
739,1704,감독
740,466,배우
740,1833,배우
740,250,배우
740,239,배우
740,1539,배우
740,1834,감독
741,652,배우
741,1284,배우
741,1606,배우
741,1835,배우
741,1836,배우
741,1837,감독
742,1772,배우
742,1114,배우
742,1774,배우
742,1698,배우
742,1528,배우
742,1838,감독
742,1839,감독
743,78,배우
743,1840,배우
743,1841,배우
743,1842,배우
743,1843,배우
743,1844,감독
744,336,배우
744,1078,배우
744,1845,배우
744,1846,배우
744,676,배우
744,1847,감독
745,158,배우
745,1674,배우
745,1170,배우
745,897,배우
745,1759,배우
745,288,감독
746,422,배우
746,985,배우
746,712,배우
746,1848,배우
746,746,배우
746,839,감독
747,86,배우
747,1059,배우
747,745,배우
747,206,배우
747,1849,배우
747,1850,감독
748,221,배우
748,99,배우
748,1851,배우
748,1852,배우
748,105,배우
748,1853,감독
749,1854,배우
749,1855,배우
749,1856,배우
749,1857,배우
749,1858,배우
749,1415,감독
749,1416,감독
750,1157,배우
750,1859,배우
750,572,배우
750,444,배우
750,1860,배우
750,1261,감독
751,263,배우
751,86,배우
751,500,배우
751,1861,배우
751,2,배우
751,847,감독
752,80,배우
752,482,배우
752,413,배우
752,572,배우
752,26,배우
752,839,감독
753,1862,배우
753,730,배우
753,1863,배우
753,1864,배우
753,1865,배우
753,1866,감독
754,838,배우
754,873,배우
754,1867,배우
754,1426,배우
754,97,배우
754,43,감독
755,1868,배우
755,1750,감독
756,482,배우
756,1446,배우
756,348,배우
756,1695,배우
756,572,배우
756,765,감독
757,181,배우
757,39,배우
757,1485,배우
757,1869,배우
757,1870,배우
757,84,감독
758,525,배우
758,344,배우
758,1549,배우
758,1346,배우
758,671,배우
758,84,감독
759,1871,배우
759,1872,배우
759,1873,배우
759,1874,배우
759,1875,배우
759,1876,감독
760,1877,배우
760,1878,배우
760,1879,배우
760,1880,배우
760,1881,배우
760,1882,감독
761,1883,배우
761,1132,배우
761,1884,배우
761,517,배우
761,1885,배우
761,1886,감독
762,1331,배우
762,1451,배우
762,1887,배우
762,58,배우
762,1888,배우
762,1889,감독
763,160,배우
763,29,배우
763,1890,배우
763,725,배우
763,1891,배우
763,1892,감독
764,257,배우
764,81,배우
764,1780,배우
764,1538,배우
764,521,배우
764,735,감독
765,1893,배우
765,1894,배우
765,1665,배우
765,1895,배우
765,1896,배우
765,1897,감독
766,86,배우
766,875,배우
766,183,배우
766,188,배우
766,1898,배우
766,1321,감독
767,187,배우
767,860,배우
767,1899,배우
767,1900,배우
767,1901,배우
767,760,감독
768,1902,배우
768,1903,배우
768,1904,배우
768,1905,배우
768,1906,배우
768,1907,감독
769,1908,배우
769,1909,배우
769,1910,배우
769,1911,배우
769,1912,감독
770,519,배우
770,1026,배우
770,1659,배우
770,756,배우
770,1913,배우
770,957,감독
771,263,배우
771,1208,배우
771,442,배우
771,97,배우
771,693,배우
771,43,감독
772,730,배우
772,1914,배우
772,1044,배우
772,1915,배우
772,1916,배우
772,1917,감독
773,21,배우
773,241,배우
773,557,배우
773,1918,배우
773,1458,배우
773,1250,감독
774,80,배우
774,1481,배우
774,1157,배우
774,210,배우
774,250,배우
774,208,감독
775,345,배우
775,96,배우
775,1919,배우
775,733,배우
775,1920,배우
775,478,감독
776,1921,배우
776,1922,배우
776,1923,배우
776,1924,배우
776,1925,배우
776,1926,감독
777,99,배우
777,1369,배우
777,690,배우
777,1927,배우
777,1928,배우
777,1929,감독
778,113,배우
778,1930,배우
778,1931,배우
778,1397,배우
778,1932,배우
778,1933,감독
779,1136,배우
779,1934,배우
779,1935,배우
779,1554,배우
779,1936,배우
779,1937,감독
780,427,배우
780,309,배우
780,1938,배우
780,1688,배우
780,1939,배우
780,1940,감독
781,1066,배우
781,1941,배우
781,1942,배우
781,595,배우
781,428,배우
781,1943,감독
782,519,배우
782,1944,배우
782,1945,배우
782,1946,배우
782,1947,배우
782,1948,감독
783,362,배우
783,1949,배우
783,17,배우
783,635,배우
783,1950,배우
783,1951,감독
784,698,배우
784,1952,배우
784,1953,배우
784,1954,배우
784,1955,배우
784,1181,감독
785,442,배우
785,1369,배우
785,413,배우
785,1956,배우
785,1832,배우
785,839,감독
786,422,배우
786,1512,배우
786,250,배우
786,361,배우
786,159,배우
786,1488,감독
787,1957,배우
787,380,배우
787,1958,배우
787,881,배우
787,1959,배우
787,1960,감독
788,20,배우
788,1961,배우
788,364,배우
788,1962,배우
788,1533,배우
788,364,감독
789,1963,배우
789,1964,배우
789,1965,감독
790,1966,배우
790,1551,배우
790,1967,배우
790,808,배우
790,1116,배우
790,1968,감독
791,513,배우
791,1477,배우
791,1969,배우
791,1585,배우
791,1970,배우
791,140,감독
792,1971,배우
792,1971,감독
793,1377,배우
793,1403,배우
793,1972,배우
793,1973,배우
793,1974,배우
793,1975,감독
794,1976,배우
794,1977,배우
794,1978,배우
794,1979,감독
795,1980,배우
795,1981,배우
795,1982,감독
796,385,배우
796,525,배우
796,857,배우
796,1983,배우
796,733,배우
796,1494,감독
797,71,배우
797,1017,배우
797,1984,배우
797,1985,배우
797,1986,배우
797,1987,감독
798,475,배우
798,345,배우
798,1038,배우
798,1234,배우
798,477,배우
798,707,감독
799,700,배우
799,714,배우
799,1377,배우
799,1988,배우
799,1989,감독
800,1990,배우
800,1991,배우
800,1992,배우
800,1993,배우
800,491,배우
800,893,감독
801,1113,배우
801,1808,배우
801,1809,감독
801,1810,감독
802,330,배우
802,1994,배우
802,1995,배우
802,1996,배우
802,16,배우
802,1997,감독
803,1998,배우
803,1689,배우
803,1068,배우
803,1818,배우
803,1999,배우
803,2000,감독
804,2001,배우
804,2002,배우
804,2001,감독
805,1645,배우
805,2003,배우
805,1645,감독
806,13,배우
806,87,배우
806,192,배우
806,1003,배우
806,105,배우
806,1231,감독
807,2004,배우
807,330,배우
807,188,배우
807,1190,배우
807,2005,배우
807,1033,감독
808,1800,배우
808,1801,배우
808,1802,배우
808,2006,감독
809,1466,배우
809,649,배우
809,2007,배우
809,1026,배우
809,2008,배우
809,2009,감독
810,805,배우
810,2010,배우
810,2011,감독
811,2012,배우
811,2013,배우
811,2014,배우
811,2015,배우
811,2016,배우
811,2017,감독
812,2018,배우
812,21,배우
812,2019,감독
813,2020,배우
813,309,배우
813,2021,배우
813,2022,배우
813,2023,감독
814,2024,배우
814,2025,배우
814,2026,배우
814,2027,배우
814,2028,감독
814,2029,감독
815,2030,배우
815,2031,배우
815,2032,배우
815,2033,배우
815,2034,배우
815,2035,감독
816,252,배우
816,2036,배우
816,1458,배우
816,2037,배우
816,1170,배우
816,252,감독
816,2038,감독
817,2039,배우
817,2040,배우
817,2041,배우
817,2042,배우
817,2043,배우
817,2044,감독
818,2045,감독
819,2046,감독
820,2047,배우
820,1190,배우
820,47,배우
820,2048,배우
820,2049,배우
820,2050,감독
821,2051,배우
821,2052,배우
821,2053,배우
821,2054,배우
821,918,배우
821,2055,감독
822,2056,배우
822,2057,배우
822,2058,배우
822,2059,배우
822,616,배우
822,2060,감독
823,495,배우
823,2061,배우
823,2062,배우
823,2063,배우
823,2064,배우
823,2065,감독
824,1264,배우
824,2066,배우
824,2067,배우
824,185,배우
824,2068,배우
824,2069,감독
825,2070,배우
825,2071,배우
825,2072,배우
825,2073,배우
825,2074,배우
825,2075,감독
826,1010,배우
826,2076,배우
826,2077,배우
826,2078,배우
826,2079,배우
826,2080,감독
827,2081,배우
827,2082,배우
827,2083,배우
827,2084,배우
827,2085,배우
827,2086,감독
828,2087,배우
828,2088,배우
828,2089,배우
828,2090,배우
828,2091,배우
828,2092,감독
829,460,배우
829,738,배우
829,74,배우
829,21,배우
829,2093,배우
829,2094,감독
830,2095,배우
830,1845,배우
830,2096,배우
830,2097,감독
831,2098,배우
831,2099,배우
831,2100,배우
831,2101,배우
831,2102,감독
832,2103,배우
832,1283,배우
832,250,배우
832,427,배우
832,751,배우
832,1250,감독
833,1380,배우
833,1538,배우
833,746,배우
833,1194,배우
833,2104,배우
833,2105,감독
834,2106,배우
834,2041,배우
834,2107,배우
834,2108,배우
834,2109,감독
835,2110,배우
835,808,배우
835,1697,배우
835,428,배우
835,2111,배우
835,2112,감독
836,1113,배우
836,1808,배우
836,1550,배우
836,1217,배우
836,1719,배우
836,1809,감독
836,1810,감독
837,2113,배우
837,1369,배우
837,2114,배우
837,1738,배우
837,2115,배우
837,2116,감독
838,2117,배우
838,2118,감독
839,1028,배우
839,2119,배우
839,2120,배우
839,1367,배우
839,2121,배우
839,2122,감독
840,1719,배우
840,2123,배우
840,1218,배우
840,1217,배우
840,2124,배우
840,2125,감독
841,2126,감독
842,2127,배우
842,2128,배우
842,2129,감독
843,1966,배우
843,1551,배우
843,1967,배우
843,808,배우
843,1550,배우
843,2130,감독
844,2131,배우
844,2132,배우
844,2133,감독
845,2134,배우
845,2135,감독
845,2136,감독
846,2137,감독
847,810,감독
848,1551,배우
848,1966,배우
848,1550,배우
848,1967,배우
848,808,배우
848,2130,감독
849,1456,배우
849,2138,배우
849,2139,배우
849,1194,배우
849,941,배우
849,2140,감독
850,2141,배우
850,1458,배우
850,1210,감독
851,2142,배우
851,2143,감독
852,2144,배우
852,2145,배우
852,2146,배우
852,2145,감독
852,2147,감독
853,2053,배우
853,2148,배우
853,2149,배우
853,2150,배우
853,2151,배우
853,2055,감독
854,1551,배우
854,1967,배우
854,808,배우
854,1966,배우
854,1550,배우
854,2152,감독
855,1719,배우
855,2123,배우
855,1218,배우
855,2153,배우
855,1217,배우
855,2125,감독
856,359,배우
856,2154,배우
856,1661,배우
856,999,배우
856,2155,배우
856,2156,감독
857,2157,배우
857,2158,감독
858,2159,배우
858,2160,감독
859,2161,배우
859,2162,감독
860,87,배우
860,2163,배우
860,2164,배우
860,2165,배우
860,1468,배우
860,87,감독
861,2064,배우
861,2166,배우
861,2167,배우
861,2168,감독
862,2169,감독
863,2159,배우
863,2170,감독
863,2171,감독
864,2172,배우
864,1184,배우
864,1218,배우
864,2173,배우
864,1053,배우
864,2174,감독
865,2175,배우
865,2176,배우
865,2177,배우
865,2178,배우
865,2179,배우
865,2180,감독
866,2181,감독
867,2182,배우
867,2183,감독
868,2137,감독
869,2184,배우
869,2185,배우
869,2186,감독
870,2187,배우
870,2188,배우
870,2189,감독
871,2190,감독
873,2191,감독
875,2192,감독
877,1905,배우
877,2193,배우
877,2194,배우
877,2195,배우
877,2196,감독
878,484,배우
878,2197,배우
878,318,배우
878,1859,배우
878,244,배우
878,2198,감독
878,2198,PD
878,2199,PD
879,2200,배우
879,2201,배우
879,2202,배우
879,2203,배우
879,173,배우
879,2204,감독
879,2205,PD
879,1750,PD
879,2206,PD
879,2207,PD
879,2208,PD
879,2209,PD
879,2210,PD
879,2211,PD
880,2212,배우
880,2213,감독
881,182,배우
881,30,배우
881,636,배우
881,866,배우
881,289,배우
881,2214,감독
881,2215,PD
881,2216,PD
882,33,배우
882,1452,배우
882,447,배우
882,2217,배우
882,2218,배우
882,2219,감독
882,1022,PD
883,682,배우
883,684,배우
883,683,배우
883,685,배우
883,686,배우
883,1794,PD
884,1636,배우
884,154,배우
884,272,배우
884,2220,배우
884,2221,배우
884,2222,감독
884,2223,감독
884,2223,PD
884,874,PD
886,133,배우
886,152,배우
886,54,배우
886,2224,배우
886,27,배우
886,626,PD
887,197,배우
887,2225,배우
887,164,배우
887,2226,배우
887,2227,배우
887,2228,감독
887,2229,감독
887,1145,PD
887,2228,PD
887,2229,PD
888,806,배우
888,2230,배우
888,569,배우
888,2231,배우
888,256,PD
889,2232,배우
889,2233,배우
889,2234,배우
889,2235,배우
889,2236,배우
890,2237,배우
890,2238,배우
890,2239,감독
890,2240,감독
890,2241,감독
890,2242,감독
890,2239,PD
891,472,배우
891,491,배우
891,2243,배우
891,690,배우
891,642,배우
891,2244,감독
891,2245,PD
892,266,배우
892,743,배우
892,635,배우
892,40,배우
892,2246,PD
892,2247,PD
893,915,배우
893,1026,배우
893,635,배우
893,64,배우
893,2248,배우
893,2249,감독
893,2250,PD
895,2251,배우
895,2237,배우
895,2252,배우
895,2253,배우
895,2237,PD
896,724,배우
896,100,배우
896,721,배우
896,1019,배우
896,2254,배우
896,2255,감독
896,2256,감독
896,2257,감독
896,2257,PD
896,2258,PD
897,1085,배우
897,1534,배우
897,634,배우
897,2259,배우
897,1408,배우
897,2260,PD
897,1200,PD
897,2261,PD
898,1164,배우
898,2262,배우
898,2263,배우
898,2264,배우
898,2265,배우
898,2266,PD
898,2267,PD
899,33,배우
899,2268,배우
899,2225,배우
899,654,배우
899,22,배우
899,2269,감독
899,2270,PD
899,2269,PD
899,2271,PD
900,2272,배우
900,2268,배우
900,2273,배우
900,1017,배우
900,2007,배우
900,2274,감독
902,2275,배우
902,313,배우
902,1062,배우
902,212,배우
902,101,배우
902,2257,감독
903,593,배우
903,622,배우
903,126,배우
903,464,배우
903,838,배우
903,2269,감독
903,2270,PD
903,2269,PD
904,484,배우
904,73,배우
904,2276,배우
904,2277,배우
904,117,배우
904,2278,PD
905,1496,배우
905,101,배우
905,8,배우
905,31,배우
905,58,배우
905,2279,감독
905,2258,PD
905,2279,PD
906,410,배우
906,93,배우
906,529,배우
906,427,배우
906,2280,감독
906,2281,PD
906,2282,PD
907,2283,배우
907,319,배우
907,2284,배우
907,489,배우
907,129,배우
907,2285,PD
907,2286,PD
907,2287,PD
908,2288,배우
908,2289,배우
908,2290,배우
908,2291,배우
908,2292,배우
908,2293,감독
908,107,PD
908,2294,PD
909,2295,배우
909,2200,배우
909,2296,배우
909,2205,감독
910,33,배우
910,705,배우
910,1790,배우
910,244,배우
910,2218,배우
910,2297,PD
910,2269,PD
911,2298,배우
911,2299,배우
911,2300,배우
911,2301,배우
911,2302,감독
911,2303,감독
912,1678,배우
912,985,배우
912,2304,배우
912,31,배우
912,2305,배우
912,1287,감독
912,2306,PD
912,1287,PD
912,2307,PD
914,2308,배우
914,2309,배우
914,685,배우
915,498,배우
915,487,배우
915,860,배우
915,612,배우
915,2310,배우
915,2311,PD
915,2312,PD
916,601,배우
916,1413,배우
916,58,배우
916,658,배우
916,2313,배우
916,2314,PD
916,2315,PD
916,2316,PD
917,231,배우
917,437,배우
917,1183,배우
917,662,배우
917,658,배우
917,2316,감독
917,2317,감독
918,12,배우
918,154,배우
918,370,배우
918,535,배우
918,464,배우
918,2318,PD
918,2319,PD
919,284,배우
919,1202,배우
919,2320,배우
919,2243,배우
919,1543,배우
919,2287,감독
919,2321,감독
919,2287,PD
920,426,배우
920,28,배우
920,1395,배우
920,1758,배우
920,2322,배우
920,2316,감독
920,2314,PD
920,2323,PD
921,2220,배우
921,154,배우
921,2324,배우
921,135,배우
921,999,배우
921,2325,감독
921,2326,PD
921,2325,PD
923,2298,배우
923,2327,배우
923,655,배우
923,2328,배우
923,2329,감독
923,2330,감독
924,28,배우
924,484,배우
924,617,배우
924,486,배우
924,2331,배우
924,2332,감독
924,2333,PD
926,90,배우
926,2275,배우
926,2230,배우
926,22,배우
926,2217,배우
926,2334,PD
926,2198,PD
926,2335,PD
927,1052,배우
927,683,배우
927,1053,배우
927,1054,배우
927,809,배우
927,2336,PD
928,147,배우
928,127,배우
928,196,배우
928,1413,배우
928,1248,배우
928,2337,감독
928,2338,감독
928,2258,PD
929,2339,배우
929,2340,배우
929,139,배우
929,2341,배우
929,953,배우
929,2342,감독
929,2343,PD
929,2342,PD
931,841,배우
931,178,배우
931,743,배우
931,88,배우
931,336,배우
931,2312,PD
931,2311,PD
932,1591,배우
932,2344,배우
932,2345,배우
932,72,배우
932,1459,배우
932,2346,감독
932,2347,PD
933,577,배우
933,29,배우
933,754,배우
933,83,배우
933,2348,배우
933,2349,PD
933,2350,PD
934,354,배우
934,319,배우
934,159,배우
934,1902,배우
934,40,배우
934,2351,감독
934,2352,PD
934,2351,PD
935,1144,배우
935,499,배우
935,2353,배우
935,2354,배우
935,1109,배우
935,2260,PD
936,8,배우
936,2355,배우
936,2356,배우
936,307,배우
936,2357,배우
936,2358,감독
936,2359,PD
937,126,배우
937,2304,배우
937,2360,배우
937,2324,배우
937,2361,배우
937,2362,PD
937,2363,PD
937,2364,PD
938,2365,배우
938,434,배우
938,542,배우
938,489,배우
938,2366,배우
938,2367,감독
938,2367,PD
939,484,배우
939,354,배우
939,241,배우
939,766,배우
939,1153,배우
939,874,감독
939,2368,PD
939,874,PD
940,2369,배우
940,127,배우
940,2370,배우
940,1414,배우
940,2371,배우
940,2372,PD
940,2373,PD
941,743,배우
941,2374,배우
941,159,배우
941,2230,배우
941,318,배우
941,2375,PD
941,2376,PD
942,849,배우
942,2377,배우
942,2378,배우
943,4,배우
943,766,배우
943,143,배우
943,549,배우
943,928,감독
943,928,PD
943,2050,PD
944,76,배우
944,250,배우
944,113,배우
944,83,배우
944,443,배우
944,2379,PD
944,355,PD
946,494,배우
946,90,배우
946,2380,배우
946,785,배우
946,2381,배우
946,2382,감독
946,2382,PD
946,2383,PD
947,91,배우
947,954,배우
947,1304,배우
947,2384,배우
947,579,배우
947,2385,감독
947,2255,감독
947,2386,PD
948,2387,배우
948,524,배우
948,2388,배우
948,1235,배우
948,2365,배우
948,1260,감독
948,1260,PD
949,812,배우
949,70,배우
949,730,배우
949,111,배우
949,2389,감독
949,2390,PD
949,2389,PD
950,13,배우
950,61,배우
950,122,배우
950,1346,배우
950,167,배우
950,2294,PD
950,1348,PD
950,2391,PD
950,2392,PD
951,452,배우
951,319,배우
951,2393,배우
951,236,배우
951,2394,배우
951,2395,감독
951,2285,PD
951,2286,PD
951,2395,PD
952,601,배우
952,639,배우
952,159,배우
952,153,배우
952,2396,PD
952,2397,PD
953,198,배우
953,1224,배우
953,1338,배우
953,383,배우
953,861,배우
953,2398,PD
953,2399,PD
954,197,배우
954,370,배우
954,136,배우
954,108,배우
954,1154,배우
954,2400,감독
955,578,배우
955,470,배우
955,439,배우
955,2401,배우
955,107,감독
955,107,PD
955,2402,PD
956,2403,배우
956,90,배우
956,1738,배우
956,1790,배우
956,1369,배우
956,2404,감독
956,2404,PD
956,2405,PD
957,682,배우
957,1719,배우
957,2406,배우
957,2407,배우
958,499,배우
958,2408,배우
958,165,배우
958,1069,배우
958,2409,배우
958,2410,감독
958,2410,PD
959,196,배우
959,228,배우
959,2411,배우
959,597,배우
959,676,배우
959,2279,감독
959,291,감독
959,291,PD
959,2258,PD
960,529,배우
960,113,배우
960,2005,배우
960,63,배우
960,966,배우
960,2412,감독
960,2413,PD
960,2279,PD
960,2278,PD
961,2273,배우
961,2414,배우
961,2415,배우
961,999,배우
961,966,배우
961,2416,감독
961,2416,PD
962,33,배우
962,2417,배우
962,2418,배우
962,2419,배우
962,2420,배우
962,2421,감독
962,2405,PD
963,2422,배우
963,712,배우
963,1016,배우
963,866,배우
963,1110,배우
963,2423,감독
963,2424,PD
963,2423,PD
964,126,배우
964,368,배우
964,1414,배우
964,932,배우
964,500,배우
964,2425,감독
964,2425,PD
964,2426,PD
965,539,배우
965,2411,배우
965,2427,배우
965,2428,배우
965,2429,배우
965,2430,PD
965,2431,PD
965,2432,PD
966,284,배우
966,577,배우
966,2270,PD
967,978,배우
967,228,배우
967,596,배우
967,714,배우
967,441,배우
967,2269,감독
967,2269,PD
967,2433,PD
968,864,배우
968,1694,배우
968,22,배우
968,447,배우
968,91,배우
968,2389,감독
968,2434,감독
968,2435,PD
968,2389,PD
968,2434,PD
969,949,배우
969,41,배우
969,559,배우
969,382,배우
969,2436,배우
969,412,감독
969,2247,감독
969,2247,PD
969,2437,PD
969,2438,PD
970,2439,배우
970,1400,배우
970,628,배우
970,2440,배우
970,1338,배우
970,1033,감독
970,2441,감독
971,701,배우
971,2356,배우
971,1182,배우
971,776,배우
971,1209,배우
971,2442,감독
971,2442,PD
971,1757,PD
972,326,배우
972,2443,배우
972,1790,배우
972,1456,배우
972,603,배우
972,2279,감독
972,2444,PD
973,285,배우
973,2443,배우
973,2445,배우
973,1945,배우
973,917,배우
973,2435,PD
974,220,배우
974,1413,배우
974,766,배우
974,277,배우
974,67,배우
974,1223,감독
974,2352,PD
974,1223,PD
975,127,배우
975,100,배우
975,806,배우
975,2446,배우
975,1078,배우
975,2447,감독
975,2448,감독
975,2278,감독
976,841,배우
976,1099,배우
976,2449,배우
976,1331,배우
976,206,배우
976,2450,감독
976,2451,PD
977,2254,배우
977,2452,배우
977,167,배우
977,1759,배우
977,83,배우
977,2453,감독
977,2454,PD
978,76,배우
978,108,배우
978,2197,배우
978,164,배우
978,1073,배우
978,2455,PD
979,434,배우
979,335,배우
979,241,배우
979,295,배우
979,365,배우
979,2456,감독
979,2457,PD
980,704,배우
980,2005,배우
980,2458,배우
980,2459,배우
980,2460,배우
980,2349,PD
980,2461,PD
981,472,배우
981,2462,배우
981,2463,배우
981,1153,배우
981,579,배우
981,2372,PD
982,1250,배우
982,2464,배우
982,2465,배우
982,2466,배우
982,243,배우
982,2467,감독
982,2468,감독
982,2469,감독
982,2470,감독
982,2471,감독
982,2472,PD
983,2473,배우
983,2474,배우
983,829,배우
983,2475,배우
983,2476,배우
983,2477,감독
983,2478,감독
983,2477,PD
983,2478,PD
984,755,배우
984,2272,배우
984,655,배우
984,1826,배우
984,452,배우
984,2479,감독
984,2480,PD
985,2481,배우
985,2482,배우
985,2483,배우
985,2484,배우
985,2485,배우
985,2486,PD
986,1144,배우
986,424,배우
986,671,배우
986,132,배우
986,165,배우
986,2479,감독
986,2479,PD
986,2487,PD
987,1059,배우
987,452,배우
987,2230,배우
987,730,배우
987,1859,배우
987,2278,PD
987,2488,PD
988,113,배우
988,724,배우
988,562,배우
988,286,배우
988,2489,배우
988,2490,PD
988,2491,PD
989,319,배우
989,32,배우
989,2492,배우
989,2493,배우
989,2494,배우
989,2219,감독
989,2312,PD
989,2311,PD
990,266,배우
990,949,배우
990,181,배우
990,2495,배우
990,2496,배우
990,2318,감독
990,2497,PD
991,487,배우
991,128,배우
991,2355,배우
991,2498,배우
991,2499,배우
991,2500,감독
991,2501,감독
991,2502,PD
993,220,배우
993,73,배우
993,64,배우
993,45,배우
993,307,배우
993,2287,PD
993,2503,PD
994,335,배우
994,1451,배우
994,162,배우
994,605,배우
994,2504,배우
995,537,배우
995,2505,감독
995,2506,감독
995,2507,감독
995,2508,감독
995,2509,감독
995,2510,감독
996,2511,배우
996,2512,배우
996,2513,배우
996,2514,배우
996,1842,배우
996,2515,PD
996,2516,PD
997,704,배우
997,1758,배우
997,875,배우
997,257,배우
997,2324,배우
997,2453,감독
997,2517,PD
997,2334,PD
998,499,배우
998,2518,배우
998,1183,배우
998,2519,배우
998,2520,배우
998,2206,감독
998,2205,감독
998,2521,감독
998,2205,PD
998,2521,PD
998,2206,PD
999,101,배우
999,769,배우
999,623,배우
999,144,배우
999,2220,배우
999,2522,감독
999,2522,PD
1000,160,배우
1000,848,배우
1000,2225,배우
1000,513,배우
1000,439,배우
1000,2375,감독
1000,2375,PD
1000,2523,PD
1001,27,배우
1001,1059,배우
1001,422,배우
1001,1239,배우
1001,1119,배우
1001,2524,PD
1002,313,배우
1002,2414,배우
1002,2525,배우
1002,2348,배우
1002,2526,배우
1002,2527,PD
1003,466,배우
1003,182,배우
1003,30,배우
1003,1239,배우
1003,1158,배우
1003,2214,감독
1003,2214,PD
1003,2528,PD
1004,147,배우
1004,88,배우
1004,1026,배우
1004,2529,배우
1004,2530,배우
1004,2363,감독
1004,2531,PD
1005,33,배우
1005,2532,배우
1005,1182,배우
1005,944,배우
1005,2533,배우
1005,2534,PD
1005,2535,PD
1006,487,배우
1006,45,배우
1006,1945,배우
1006,2446,배우
1006,2429,배우
1006,2536,감독
1006,2536,PD
1006,2537,PD
1007,2538,배우
1007,8,배우
1007,221,배우
1007,2539,배우
1007,647,배우
1007,737,감독
1007,737,PD
1007,2540,PD
1008,2541,배우
1008,2417,배우
1008,708,배우
1008,2277,배우
1008,22,배우
1008,872,감독
1008,2542,PD
1009,754,배우
1009,2543,배우
1009,2544,배우
1009,1068,배우
1009,2545,배우
1009,2546,감독
1010,721,배우
1010,2543,배우
1010,1414,배우
1010,2066,배우
1010,2547,배우
1010,2337,감독
1010,2548,감독
1010,2549,PD
1011,1966,배우
1011,1551,배우
1011,1967,배우
1012,266,배우
1012,848,배우
1012,647,배우
1012,2550,배우
1012,866,배우
1012,2534,감독
1012,2285,PD
1012,2286,PD
1013,979,배우
1013,1296,배우
1013,2551,감독
1014,2552,배우
1014,2553,배우
1014,383,배우
1014,2554,배우
1014,2555,배우
1015,2296,배우
1015,978,배우
1015,2556,배우
1015,2557,배우
1015,2558,PD
1015,2559,PD
1015,2560,PD
1016,494,배우
1016,704,배우
1016,781,배우
1016,729,배우
1016,2561,배우
1016,2562,PD
1017,27,배우
1017,19,배우
1017,487,배우
1017,1446,배우
1017,235,배우
1017,2257,감독
1017,2257,PD
1017,2258,PD
1018,4,배우
1018,285,배우
1018,142,배우
1018,590,배우
1018,1430,배우
1018,2534,감독
1018,2534,PD
1018,2563,PD
1019,2564,배우
1019,2268,배우
1019,2565,배우
1019,2566,배우
1019,658,배우
1019,2567,감독
1020,1719,배우
1020,2123,배우
1020,1218,배우
1021,590,배우
1021,354,배우
1021,87,배우
1021,105,배우
1021,746,배우
1021,107,PD
1022,712,배우
1022,234,배우
1022,2568,배우
1022,2569,배우
1022,999,배우
1022,2570,감독
1022,2571,PD
1023,187,배우
1023,2572,배우
1023,1239,배우
1023,93,배우
1023,376,배우
1023,2573,감독
1023,2573,PD
1024,285,배우
1024,1247,배우
1024,71,배우
1024,1239,배우
1024,2574,배우
1024,1200,감독
1024,2575,PD
1024,1200,PD
1024,2576,PD
1025,147,배우
1025,2443,배우
1025,2577,배우
1025,2578,배우
1025,2579,배우
1025,2580,PD
1025,2581,PD
1026,2200,배우
1026,487,배우
1026,2209,PD
1028,285,배우
1028,70,배우
1028,708,배우
1028,705,배우
1028,2582,배우
1028,2583,감독
1028,2584,PD
1029,61,배우
1029,860,배우
1029,607,배우
1029,445,배우
1029,966,배우
1029,2311,PD
1029,101,PD
1030,2200,배우
1030,1202,배우
1030,2585,배우
1030,2304,배우
1030,327,배우
1030,2521,감독
1030,1750,감독
1030,2205,감독
1030,2205,PD
1031,860,배우
1031,2586,배우
1031,78,배우
1031,2587,배우
1031,2131,배우
1031,2588,PD
1031,2447,PD
1031,2589,PD
1032,227,배우
1032,383,배우
1032,148,배우
1032,1921,배우
1032,944,배우
1032,2590,감독
1032,2591,감독
1032,2590,PD
1032,2435,PD
1033,806,배우
1033,864,배우
1033,159,배우
1033,22,배우
1033,2214,PD
1033,2397,PD
1034,263,배우
1034,860,배우
1034,1824,배우
1034,2592,배우
1034,2409,배우
1035,2283,배우
1035,2543,배우
1035,889,배우
1035,81,배우
1035,64,배우
1035,1348,감독
1035,1348,PD
1035,2593,PD
1036,504,배우
1036,40,배우
1036,577,배우
1036,2594,배우
1036,1068,배우
1036,2573,감독
1036,2270,PD
1036,2573,PD
1037,70,배우
1037,165,배우
1037,2595,배우
1037,2596,배우
1037,2597,PD
1037,2598,PD
1037,2599,PD
1038,1459,배우
1038,1284,배우
1038,562,배우
1038,1126,배우
1038,1093,배우
1038,2600,감독
1038,2347,PD
1039,494,배우
1039,712,배우
1039,2601,배우
1039,2602,배우
1039,2603,배우
1039,2363,감독
1040,577,배우
1040,2275,배우
1040,2532,배우
1040,1131,배우
1040,2604,배우
1040,2423,감독
1040,2423,PD
1040,2605,PD
1041,2606,배우
1041,2607,배우
1041,2608,배우
1041,2609,배우
1041,1607,배우
1041,2610,감독
1041,2611,PD
1042,1119,배우
1042,484,배우
1042,1016,배우
1042,2331,배우
1042,2612,배우
1042,2333,PD
1043,352,배우
1043,127,배우
1043,143,배우
1043,2613,배우
1043,650,배우
1043,2614,감독
1043,2314,PD
1044,2417,배우
1044,2543,배우
1044,2615,배우
1044,2616,배우
1044,2617,배우
1044,2618,PD
1044,2619,PD
1045,1496,배우
1045,743,배우
1045,2356,배우
1045,74,배우
1045,647,배우
1045,2396,감독
1045,2620,PD
1046,19,배우
1046,410,배우
1046,2452,배우
1046,154,배우
1046,784,배우
1046,2448,PD
1046,2621,PD
1047,263,배우
1047,100,배우
1047,61,배우
1047,162,배우
1047,2622,배우
1047,2323,감독
1047,1718,PD
1047,2323,PD
1048,2623,배우
1048,2624,배우
1048,2556,배우
1048,2625,배우
1048,2626,PD
1049,127,배우
1049,873,배우
1049,159,배우
1049,1603,배우
1049,2533,배우
1049,2396,감독
1049,737,PD
1049,1834,PD
1049,2627,PD
1050,2,배우
1050,266,배우
1050,500,배우
1050,72,배우
1050,99,배우
1050,2247,감독
1050,2352,PD
1050,2247,PD
1051,228,배우
1051,1452,배우
1051,2197,배우
1051,657,배우
1051,1444,배우
1051,2628,PD
1052,352,배우
1052,601,배우
1052,2538,배우
1052,1019,배우
1052,596,배우
1052,2534,감독
1052,2410,감독
1052,2314,PD
1052,2410,PD
1053,949,배우
1053,249,배우
1053,2629,배우
1053,365,배우
1053,2630,배우
1053,2631,PD
1053,2632,PD
1054,499,배우
1054,2633,배우
1054,2634,배우
1054,2617,배우
1054,2635,배우
1055,1303,배우
1055,144,배우
1055,1828,배우
1055,2636,배우
1055,2637,배우
1055,1058,감독
1055,2638,PD
1056,1780,배우
1056,130,배우
1056,2639,배우
1056,495,배우
1056,31,배우
1056,840,감독
1056,840,PD
1057,2606,배우
1057,2640,배우
1057,917,배우
1057,876,배우
1057,323,배우
1057,2641,감독
1057,2642,PD
1058,284,배우
1058,60,배우
1058,2602,배우
1058,886,배우
1058,754,배우
1058,2588,감독
1058,2023,PD
1059,2643,배우
1059,2644,배우
1059,2645,배우
1059,2305,배우
1059,890,배우
1059,2646,감독
1060,100,배우
1060,712,배우
1060,1085,배우
1060,54,배우
1060,81,배우
1060,2316,감독
1060,2316,PD
1060,2647,PD
1061,153,배우
1061,1248,배우
1061,938,배우
1061,856,배우
1061,2328,배우
1061,2632,PD
1061,2648,PD
1062,873,배우
1062,181,배우
1062,163,배우
1062,2649,배우
1062,159,배우
1062,2246,PD
1063,1119,배우
1063,2005,배우
1063,2650,배우
1063,1359,배우
1063,2458,배우
1063,2651,감독
1063,2651,PD
1063,2652,PD
1064,356,배우
1064,437,배우
1064,1603,배우
1064,495,배우
1064,136,배우
1064,291,PD
1065,590,배우
1065,864,배우
1065,2356,배우
1065,2489,배우
1065,2653,배우
1065,2654,PD
1066,954,배우
1066,2259,배우
1066,1985,배우
1066,2655,배우
1066,257,배우
1066,2656,감독
1066,2656,PD
1067,2344,배우
1067,1247,배우
1067,276,배우
1067,286,배우
1067,2357,배우
1067,2657,감독
1067,2658,PD
1068,2659,배우
1068,2660,배우
1068,2661,배우
1068,2662,배우
1068,2663,배우
1068,2626,PD
1069,2664,배우
1069,1584,배우
1069,1338,배우
1069,2665,배우
1069,67,배우
1069,2666,감독
1069,2667,PD
1070,1202,배우
1070,2275,배우
1070,2577,배우
1070,2616,배우
1070,474,배우
1070,2270,PD
1071,639,배우
1071,64,배우
1071,1369,배우
1071,741,배우
1071,1096,배우
1071,2668,감독
1072,940,배우
1072,370,배우
1072,2005,배우
1072,165,배우
1072,875,배우
1072,2321,감독
1072,2669,PD
1073,2374,배우
1073,889,배우
1073,2275,배우
1073,2572,배우
1073,1307,배우
1073,2670,감독
1073,2671,PD
1074,228,배우
1074,410,배우
1074,452,배우
1074,165,배우
1074,22,배우
1074,2535,PD
1075,2237,배우
1075,2672,배우
1075,2673,PD
1076,2674,배우
1076,147,배우
1076,2675,배우
1076,2676,배우
1076,2677,배우
1076,2678,감독
1076,2338,감독
1077,624,배우
1077,1448,배우
1077,2679,배우
1077,2680,배우
1077,1073,배우
1077,2681,감독
1077,2682,PD
1077,2683,PD
1078,2684,배우
1078,2685,배우
1078,2686,배우
1078,2687,배우
1078,2688,배우
1078,2689,감독
1078,2690,감독
1079,1399,배우
1079,115,배우
1079,2577,배우
1079,2691,배우
1079,357,배우
1079,2448,감독
1079,2692,PD
1080,61,배우
1080,1059,배우
1080,143,배우
1080,241,배우
1080,327,배우
1080,573,PD
1081,231,배우
1081,30,배우
1081,407,배우
1081,210,배우
1081,439,배우
1081,2693,감독
1081,2694,감독
1081,2695,PD
1081,2693,PD
1081,2696,PD
1082,704,배우
1082,754,배우
1082,1026,배우
1082,550,배우
1082,2697,배우
1082,2590,PD
1082,2698,PD
1083,472,배우
1083,466,배우
1083,21,배우
1083,849,배우
1083,418,배우
1083,2379,PD
1083,2247,PD
1084,1344,배우
1084,628,배우
1084,2699,배우
1084,2700,배우
1084,1806,배우
1085,2701,PD
1085,2702,PD
1086,738,배우
1086,2543,배우
1086,658,배우
1086,610,배우
1086,2703,배우
1086,2363,감독
1086,2651,감독
1087,312,배우
1087,101,배우
1087,2411,배우
1087,1408,배우
1087,966,배우
1087,2375,PD
1087,2704,PD
1088,120,배우
1088,556,배우
1088,41,배우
1088,235,배우
1088,2403,배우
1088,2705,감독
1089,2706,배우
1089,2707,배우
1089,1217,배우
1089,829,배우
1089,2708,배우
1089,1794,감독
1090,2473,배우
1090,2709,배우
1090,2710,감독
1090,2711,감독
1090,2473,PD
1091,153,배우
1091,2268,배우
1091,700,배우
1091,2712,배우
1091,1639,배우
1091,2713,감독
1091,2714,PD
1092,1347,배우
1092,2715,배우
1092,2716,배우
1092,2717,배우
1092,2718,배우
1092,2719,감독
1093,574,배우
1093,1366,배우
1093,33,배우
1093,1358,배우
1093,2720,배우
1093,2721,PD
1094,743,배우
1094,5,배우
1094,91,배우
1094,298,배우
1094,2722,배우
1094,2279,감독
1094,2723,PD
1094,2279,PD
1095,147,배우
1095,758,배우
1095,542,배우
1095,1126,배우
1095,464,배우
1095,2724,감독
1095,2724,PD
1096,1202,배우
1096,88,배우
1096,1448,배우
1096,464,배우
1096,2131,배우
1096,2725,감독
1096,2726,PD
1096,2727,PD
1096,2728,PD
1097,466,배우
1097,22,배우
1097,999,배우
1097,489,배우
1097,491,배우
1097,2729,감독
1097,2729,PD
1097,2730,PD
1098,2731,배우
1098,2732,배우
1098,2733,배우
1098,2734,배우
1098,2735,배우
1098,2551,감독
1099,226,배우
1099,33,배우
1099,159,배우
1099,1678,배우
1099,932,배우
1099,2736,감독
1099,2737,PD
1100,569,배우
1100,1414,배우
1100,2677,배우
1100,2227,배우
1100,2738,배우
1100,2338,PD
1101,335,배우
1101,333,배우
1101,771,배우
1101,1098,배우
1101,2612,배우
1101,2739,감독
1101,2740,PD
1102,2235,배우
1102,2741,배우
1102,2742,배우
1102,1186,배우
1102,829,배우
1103,470,배우
1103,29,배우
1103,64,배우
1103,309,배우
1103,2743,배우
1103,2744,감독
1104,8,배우
1104,108,배우
1104,2745,배우
1104,2746,배우
1104,348,배우
1104,2614,감독
1104,2747,PD
1104,2614,PD
1105,758,배우
1105,1532,배우
1105,486,배우
1105,54,배우
1105,257,배우
1105,2323,감독
1106,1239,배우
1106,2748,배우
1106,2749,배우
1106,932,배우
1106,1153,배우
1106,2750,PD
1107,2538,배우
1107,221,배우
1107,849,배우
1107,260,배우
1107,2751,배우
1107,2479,감독
1107,2752,PD
1107,2479,PD
1108,144,배우
1108,2408,배우
1108,2746,배우
1108,2753,배우
1108,2754,배우
1108,2755,감독
1108,2756,PD
1108,2755,PD
1109,1452,배우
1109,806,배우
1109,516,배우
1109,269,배우
1109,1211,배우
1109,2757,감독
1109,2758,PD
1110,398,배우
1110,2275,배우
1110,1157,배우
1110,2463,배우
1110,206,배우
1111,426,배우
1111,343,배우
1111,623,배우
1111,1547,배우
1111,2759,배우
1111,2256,감독
1111,2258,PD
1112,2665,배우
1112,1425,배우
1112,1705,배우
1112,2760,배우
1112,1239,배우
1112,2761,감독
1112,2762,PD
1112,2294,PD
1113,2541,배우
1113,148,배우
1113,486,배우
1113,2366,배우
1113,2763,배우
1113,2764,감독
1113,2765,PD
1114,1319,배우
1114,2007,배우
1114,2766,배우
1114,1759,배우
1114,853,배우
1114,2767,감독
1115,178,배우
1115,356,배우
1115,39,배우
1115,1131,배우
1115,40,배우
1115,804,감독
1115,804,PD
1116,2731,배우
1116,2473,배우
1116,999,배우
1116,658,배우
1116,1235,배우
1117,1062,배우
1117,2768,배우
1117,2265,배우
1117,2769,배우
1117,2770,배우
1117,2771,PD
1117,2772,PD
1118,978,배우
1118,422,배우
1118,1564,배우
1118,2676,배우
1118,428,배우
1118,2773,감독
1118,2774,감독
1118,2286,PD
1118,2775,PD
1118,2774,PD
1118,2285,PD
1119,2237,배우
1119,2672,배우
1119,2776,감독
1120,1399,배우
1120,1452,배우
1120,2543,배우
1120,1430,배우
1120,2777,배우
1120,2778,감독
1120,2723,PD
1121,1399,배우
1121,220,배우
1121,1164,배우
1121,1633,배우
1121,1817,배우
1121,2421,감독
1121,2584,PD
1122,41,배우
1122,2268,배우
1122,251,배우
1122,1365,배우
1122,55,배우
1122,2779,감독
1122,2780,감독
1122,2781,PD
1123,503,배우
1123,712,배우
1123,292,배우
1123,111,배우
1123,2782,배우
1123,2783,감독
1123,2784,PD
1123,2783,PD
1124,542,배우
1124,636,배우
1124,2785,배우
1124,2786,배우
1124,2787,배우
1124,2788,PD
1125,701,배우
1125,556,배우
1125,2650,배우
1125,2355,배우
1125,1078,배우
1125,2789,감독
1125,2789,PD
1126,4,배우
1126,60,배우
1126,578,배우
1126,144,배우
1126,550,배우
1126,2790,감독
1126,2563,PD
1127,539,배우
1127,356,배우
1127,500,배우
1127,2791,배우
1127,534,배우
1127,2270,PD
1128,1780,배우
1128,71,배우
1128,292,배우
1128,277,배우
1128,297,배우
1128,1051,감독
1128,1051,PD
1129,758,배우
1129,2538,배우
1129,481,배우
1129,627,배우
1129,66,배우
1129,2614,감독
1130,2792,배우
1130,446,배우
1130,2459,배우
1130,2418,배우
1130,662,배우
1130,2349,감독
1130,2793,PD
1130,2349,PD
1131,200,배우
1131,424,배우
1131,22,배우
1131,2794,배우
1131,2795,배우
1131,2796,감독
1131,2797,PD
1132,1399,배우
1132,724,배우
1132,2798,배우
1132,2799,배우
1132,2800,배우
1132,2318,PD
1134,475,배우
1134,147,배우
1134,2403,배우
1134,622,배우
1134,307,배우
1134,2534,감독
1134,2723,PD
1135,181,배우
1135,2572,배우
1135,439,배우
1135,2801,배우
1135,2802,배우
1135,2222,감독
1135,2222,PD
1135,874,PD
1135,2803,PD
1136,2804,배우
1136,2805,배우
1136,2473,배우
1136,2806,감독
1136,2807,감독
1136,2808,감독
1137,100,배우
1137,55,배우
1137,2809,배우
1137,2746,배우
1137,1946,배우
1137,2810,감독
1138,2586,배우
1138,2766,배우
1138,2811,배우
1138,2217,배우
1138,2812,배우
1138,2813,감독
1138,2814,PD
1138,2815,PD
1139,2253,배우
1139,108,배우
1139,2795,배우
1139,2218,배우
1139,1153,배우
1139,2816,감독
1139,2817,PD
1141,434,배우
1141,371,배우
1141,162,배우
1141,2220,배우
1141,1405,배우
1141,2818,PD
1141,2126,PD
1142,20,배우
1142,239,배우
1142,61,배우
1142,603,배우
1142,487,배우
1142,364,감독
1142,364,PD
1143,494,배우
1143,1413,배우
1143,307,배우
1143,2586,배우
1143,309,배우
1143,2396,감독
1143,2819,PD
1144,227,배우
1144,758,배우
1144,623,배우
1144,1164,배우
1144,594,배우
1144,2724,감독
1144,2820,PD
1145,495,배우
1145,250,배우
1145,90,배우
1145,2821,배우
1145,2822,배우
1145,291,감독
1145,291,PD
1146,2823,배우
1146,2606,배우
1146,1693,배우
1146,2824,배우
1146,2825,배우
1146,2610,감독
1146,2826,PD
1146,2827,PD
1147,99,배우
1147,2828,배우
1147,2829,배우
1147,1481,배우
1147,1346,배우
1147,2830,감독
1148,285,배우
1148,1303,배우
1148,309,배우
1148,427,배우
1148,286,배우
1148,2396,감독
1149,660,배우
1149,2831,배우
1149,1110,배우
1149,2832,배우
1149,2833,배우
1149,2834,감독
1150,498,배우
1150,41,배우
1150,1135,배우
1150,2835,배우
1150,292,배우
1150,2442,PD
1150,2836,PD
1151,480,배우
1151,1284,배우
1151,2361,배우
1151,2226,배우
1151,712,배우
1151,2269,감독
1151,2479,감독
1152,382,배우
1152,1152,배우
1152,167,배우
1152,2353,배우
1152,276,배우
1152,2656,PD
1152,2837,PD
1153,2749,배우
1153,1564,배우
1153,2495,배우
1153,2838,배우
1153,360,배우
1153,1834,감독
1154,196,배우
1154,2492,배우
1154,45,배우
1154,7,배우
1154,491,배우
1154,465,감독
1154,465,PD
1155,2839,배우
1155,2840,배우
1155,2841,배우
1155,2842,배우
1155,721,배우
1156,873,배우
1156,498,배우
1156,88,배우
1156,1495,배우
1156,279,배우
1156,2396,감독
1157,80,배우
1157,504,배우
1157,2843,배우
1157,1068,배우
1157,2007,배우
1157,2844,PD
1157,777,PD
1158,2845,배우
1158,445,배우
1158,2846,배우
1158,648,배우
1158,2847,배우
1158,2278,감독
1159,270,배우
1159,76,배우
1159,2829,배우
1159,770,배우
1159,2848,배우
1159,2338,감독
1160,2464,배우
1160,1250,배우
1160,2465,배우
1160,167,배우
1160,2849,배우
1160,2472,감독
1160,2468,감독
1160,2472,PD
1161,978,배우
1161,1059,배우
1161,2850,배우
1161,2851,배우
1161,26,배우
1161,2285,PD
1161,2338,PD
1161,2286,PD
1162,126,배우
1162,437,배우
1162,2852,배우
1162,547,배우
1162,179,배우
1162,2757,PD
1162,2853,PD
1163,2237,배우
1163,2672,배우
1163,2776,감독
1164,2237,배우
1164,90,배우
1164,2220,배우
1164,2587,배우
1164,622,배우
1165,2422,배우
1165,2749,배우
1165,596,배우
1165,2854,배우
1165,1093,배우
1165,2346,감독
1165,2855,PD
1165,2347,PD
1166,2462,배우
1166,2856,배우
1166,2857,배우
1166,154,배우
1166,524,배우
1166,2858,PD
1166,2859,PD
1167,326,배우
1167,978,배우
1167,249,배우
1167,846,배우
1167,2860,배우
1167,2614,감독
1167,2667,PD
1168,181,배우
1168,78,배우
1168,318,배우
1168,83,배우
1168,2021,배우
1168,2861,감독
1169,278,배우
1169,1564,배우
1169,2862,배우
1169,1359,배우
1169,2863,배우
1169,2864,감독
1170,147,배우
1170,2675,배우
1170,2865,배우
1170,2866,배우
1170,1248,배우
1170,2789,감독
1171,1144,배우
1171,2867,배우
1171,501,배우
1171,307,배우
1171,2868,배우
1171,2590,감독
1171,2590,PD
1172,529,배우
1172,147,배우
1172,2532,배우
1172,348,배우
1172,773,배우
1172,2614,감독
1173,2411,배우
1173,120,배우
1173,1570,배우
1173,1359,배우
1173,662,배우
1174,2596,배우
1174,2869,배우
1174,2408,배우
1174,2870,배우
1174,2871,PD
1174,2872,PD
1175,848,배우
1175,989,배우
1175,1633,배우
1175,2751,배우
1175,2873,배우
1175,2874,감독
1175,2874,PD
1176,2875,배우
1176,2876,배우
1176,841,배우
1176,2650,배우
1176,2877,배우
1176,2486,감독
1176,2878,감독
1176,2486,PD
1177,2879,배우
1177,721,배우
1177,949,배우
1177,1867,배우
1177,1426,배우
1177,2880,감독
1177,2285,PD
1177,2286,PD
1178,542,배우
1178,1487,배우
1178,2066,배우
1178,2881,배우
1178,2882,배우
1178,262,감독
1178,2883,PD
1178,262,PD
1179,1144,배우
1179,614,배우
1179,269,배우
1179,709,배우
1179,876,배우
1179,2363,감독
1180,2884,배우
1180,940,배우
1180,63,배우
1180,2885,배우
1180,520,배우
1180,2573,감독
1180,2270,PD
1180,2573,PD
1181,2886,배우
1181,1633,배우
1181,709,배우
1181,2887,배우
1181,2888,배우
1181,2889,감독
1181,2889,PD
1181,2890,PD
1182,2891,배우
1182,132,배우
1182,23,배우
1182,2021,배우
1182,2428,배우
1182,2892,감독
1182,2893,감독
1182,2894,PD
1183,949,배우
1183,326,배우
1183,998,배우
1183,2895,배우
1183,276,배우
1183,2896,감독
1184,498,배우
1184,1286,배우
1184,574,배우
1184,966,배우
1184,179,배우
1184,2705,감독
1184,2897,PD
1184,2898,PD
1185,526,배우
1185,370,배우
1185,1239,배우
1185,1826,배우
1185,2615,배우
1185,2861,PD
1186,2564,배우
1186,2899,배우
1186,489,배우
1186,2900,배우
1186,981,배우
1186,2901,감독
1187,356,배우
1187,115,배우
1187,2577,배우
1187,299,배우
1187,2902,배우
1187,2903,PD
1187,2904,PD
1188,1584,배우
1188,5,배우
1188,1633,배우
1188,2862,배우
1188,2905,배우
1188,2256,감독
1188,2256,PD
1188,2906,PD
1189,915,배우
1189,759,배우
1189,2907,배우
1189,445,배우
1189,2908,배우
1189,2724,감독
1189,2909,감독
1189,2724,PD
1190,152,배우
1190,30,배우
1190,627,배우
1190,181,배우
1190,235,배우
1190,2247,감독
1190,2247,PD
1190,2910,PD
1191,1303,배우
1191,388,배우
1191,1824,배우
1191,2077,배우
1191,206,배우
1191,2790,감독
1191,2911,PD
1192,2912,배우
1192,1085,배우
1192,2384,배우
1192,1266,배우
1192,2913,배우
1192,2914,감독
1193,88,배우
1193,128,배우
1193,452,배우
1193,2353,배우
1193,2915,배우
1193,2834,감독
1193,2916,감독
1193,2917,PD
1194,327,배우
1194,612,배우
1194,73,배우
1194,15,배우
1194,729,배우
1194,2522,감독
1194,2918,감독
1194,2522,PD
1194,2919,PD
1194,2562,PD
1194,2642,PD
1195,2262,배우
1195,2276,배우
1195,826,배우
1195,2920,배우
1195,2921,배우
1195,2922,감독
1195,2923,감독
1195,2266,감독
1195,2923,PD
1195,2922,PD
1195,2266,PD
1196,128,배우
1196,865,배우
1196,2924,배우
1196,2925,배우
1196,2926,배우
1196,2773,PD
1196,2927,PD
1196,742,PD
1197,33,배우
1197,2891,배우
1197,578,배우
1197,55,배우
1197,2928,배우
1197,2810,감독
1197,2929,PD
1198,2930,배우
1198,2931,배우
1198,1645,배우
1198,2932,배우
1198,2933,배우
1198,2934,감독
1199,1284,배우
1199,2254,배우
1199,999,배우
1199,511,배우
1199,1846,배우
1199,2935,감독
1199,2936,PD
1200,345,배우
1200,671,배우
1200,2937,배우
1200,2938,배우
1200,2939,배우
1200,2940,PD
1200,2941,PD
1201,1080,배우
1201,1202,배우
1201,714,배우
1201,2283,배우
1201,2007,배우
1201,2942,PD
1201,2943,PD
1202,1449,배우
1202,2417,배우
1202,148,배우
1202,2313,배우
1202,1297,배우
1202,2944,감독
1202,2945,PD
1202,2946,PD
1202,2944,PD
1203,935,배우
1203,41,배우
1203,226,배우
1203,745,배우
1203,2947,배우
1203,2874,감독
1203,2948,PD
1203,2949,PD
1204,614,배우
1204,54,배우
1204,2950,배우
1204,2586,배우
1204,2951,배우
1204,2332,감독
1205,2952,배우
1205,2154,배우
1205,2953,배우
1205,2954,배우
1205,360,배우
1205,2479,감독
1206,1144,배우
1206,1449,배우
1206,165,배우
1206,2360,배우
1206,723,배우
1206,2757,감독
1206,2757,PD
1206,2671,PD
1207,2955,배우
1207,2956,배우
1207,2957,배우
1207,2958,배우
1207,1115,배우
1208,197,배우
1208,873,배우
1208,70,배우
1208,2959,배우
1208,2960,배우
1208,2614,감독
1208,2286,PD
1208,2285,PD
1209,1202,배우
1209,1430,배우
1209,754,배우
1209,2961,배우
1209,297,배우
1209,2214,감독
1209,2962,PD
1209,2963,PD
1210,494,배우
1210,513,배우
1210,2273,배우
1210,2753,배우
1210,2622,배우
1210,2588,감독
1210,2964,PD
1211,328,배우
1211,863,배우
1211,1597,배우
1211,2845,배우
1211,2965,배우
1212,226,배우
1212,1377,배우
1212,9,배우
1212,2966,배우
1212,2967,배우
1212,2874,감독
1212,2874,PD
1212,2968,PD
1213,2706,배우
1213,830,배우
1213,2969,배우
1213,1697,배우
1213,2970,배우
1214,2749,배우
1214,221,배우
1214,799,배우
1214,1380,배우
1214,853,배우
1214,2971,감독
1214,2972,PD
1214,2973,PD
1215,250,배우
1215,2937,배우
1215,2974,배우
1215,941,배우
1215,2975,배우
1215,2399,감독
1215,2399,PD
1216,2891,배우
1216,548,배우
1216,2976,배우
1216,1636,배우
1216,91,배우
1216,2423,감독
1216,2977,감독
1216,2978,PD
1218,152,배우
1218,41,배우
1218,624,배우
1218,705,배우
1218,2592,배우
1218,2979,감독
1219,2226,배우
1219,2980,배우
1219,2981,배우
1219,2982,배우
1219,2983,배우
1219,2479,감독
1220,1080,배우
1220,45,배우
1220,2582,배우
1220,385,배우
1220,1715,배우
1220,2789,감독
1220,2984,PD
1220,2985,PD
1222,2369,배우
1222,2986,배우
1222,1890,배우
1222,2987,배우
1222,2525,배우
1222,2689,감독
1222,2988,감독
1222,2989,감독
1222,2990,PD
1223,652,배우
1223,2415,배우
1223,168,배우
1223,1890,배우
1223,723,배우
1223,2991,감독
1223,2991,PD
1224,2418,배우
1224,2992,PD
1225,556,배우
1225,1414,배우
1225,1674,배우
1225,1239,배우
1225,179,배우
1225,1223,감독
1225,2993,PD
1225,1223,PD
1226,2304,배우
1226,2418,배우
1226,887,배우
1226,74,배우
1226,1842,배우
1226,2724,감독
1226,2909,감독
1227,285,배우
1227,126,배우
1227,279,배우
1227,2751,배우
1227,2994,배우
1227,2278,감독
1227,2278,PD
1228,2865,배우
1228,800,배우
1228,22,배우
1228,2691,배우
1228,2995,배우
1229,983,배우
1229,998,배우
1229,2866,배우
1229,163,배우
1229,2996,배우
1229,2724,감독
1229,2438,PD
1229,2437,PD
1230,160,배우
1230,1100,배우
1230,35,배우
1230,2997,배우
1230,776,배우
1230,2583,감독
1230,2583,PD
1231,122,배우
1231,234,배우
1231,1444,배우
1231,2419,배우
1231,105,배우
1231,2583,감독
1231,2998,PD
1231,2999,PD
1232,593,배우
1232,269,배우
1232,41,배우
1232,708,배우
1232,21,배우
1232,2410,감독
1232,2438,PD
1232,2410,PD
1232,2437,PD
1233,2422,배우
1233,3000,배우
1233,2907,배우
1233,1606,배우
1233,2866,배우
1233,2724,감독
1233,2724,PD
1233,3001,PD
1234,1119,배우
1234,220,배우
1234,3002,배우
1234,2331,배우
1234,1608,배우
1234,1223,감독
1234,2576,PD
1234,1223,PD
1235,2636,배우
1235,860,배우
1235,2324,배우
1235,944,배우
1235,2462,배우
1235,638,감독
1235,638,PD
1236,466,배우
1236,76,배우
1236,387,배우
1236,749,배우
1236,3003,배우
1236,2410,감독
1236,2410,PD
1236,3004,PD
1237,1399,배우
1237,886,배우
1237,3005,배우
1237,1224,배우
1237,213,배우
1237,2810,감독
1238,529,배우
1238,679,배우
1238,241,배우
1238,776,배우
1238,3006,배우
1238,2620,PD
1238,2979,PD
1239,979,배우
1239,2794,배우
1239,365,배우
1239,243,배우
1239,2104,배우
1241,569,배우
1241,1564,배우
1241,746,배우
1241,1283,배우
1241,736,배우
1241,3007,감독
1242,1286,배우
1242,78,배우
1242,64,배우
1242,2602,배우
1242,1543,배우
1242,2338,감독
1242,2260,PD
1242,2245,PD
1243,209,배우
1243,766,배우
1243,1119,배우
1243,1239,배우
1243,67,배우
1243,1223,감독
1243,1223,PD
1243,2576,PD
1243,2523,PD
1244,657,배우
1244,2460,배우
1244,3008,배우
1244,3009,배우
1244,3010,배우
1244,2389,감독
1244,3011,감독
1244,3011,PD
1245,1094,배우
1245,3012,배우
1245,2717,배우
1245,1885,배우
1245,2965,배우
1246,712,배우
1246,2459,배우
1246,154,배우
1246,182,배우
1246,3013,배우
1246,3014,감독
1246,3014,PD
1247,1584,배우
1247,1170,배우
1247,454,배우
1247,2366,배우
1247,387,배우
1247,2648,PD
1249,2288,배우
1249,326,배우
1249,3015,배우
1249,3016,배우
1249,3017,배우
1249,3018,PD
1250,227,배우
1250,292,배우
1250,2227,배우
1250,3019,배우
1250,1626,배우
1250,2479,PD
1250,3020,PD
1251,3021,배우
1251,3022,배우
1251,2794,배우
1251,3023,배우
1252,343,배우
1252,38,배우
1252,197,배우
1252,2004,배우
1252,3024,배우
1252,3025,감독
1253,3026,PD
1254,1452,배우
1254,704,배우
1254,126,배우
1254,1124,배우
1254,3027,배우
1254,2724,감독
1254,2909,감독
1255,983,배우
1255,249,배우
1255,772,배우
1255,2987,배우
1255,3028,배우
1255,2410,감독
1255,2410,PD
1256,175,배우
1256,627,배우
1256,2601,배우
1256,762,배우
1256,516,배우
1256,3007,감독
1257,3029,배우
1257,3030,배우
1257,3031,배우
1257,3032,배우
1257,1984,배우
1257,3033,감독
1257,3034,PD
1257,3035,PD
1258,3036,배우
1258,3037,배우
1258,3038,배우
1258,1695,배우
1258,2608,배우
1258,3039,감독
1258,3040,감독
1258,2346,감독
1258,3041,PD
1259,158,배우
1259,785,배우
1259,1170,배우
1259,2680,배우
1259,3042,배우
1259,2909,감독
1259,3043,감독
1259,3044,PD
1260,306,배우
1260,705,배우
1260,2348,배우
1260,2354,배우
1260,2460,배우
1260,2779,감독
1260,3045,PD
1261,795,배우
1261,321,배우
1261,3046,배우
1261,3047,배우
1261,2525,배우
1262,90,배우
1262,126,배우
1262,136,배우
1262,852,배우
1262,3048,배우
1262,2410,감독
1262,2410,PD
1263,846,배우
1263,1162,배우
1263,2691,배우
1263,1104,배우
1263,1584,배우
1263,2858,감독
1263,3049,감독
1263,3025,PD
1264,2417,배우
1264,634,배우
1264,111,배우
1264,117,배우
1264,3050,배우
1264,3051,감독
1264,3052,감독
1265,409,배우
1265,956,배우
1265,2680,배우
1265,2498,배우
1265,2511,배우
1265,2358,감독
1265,2245,PD
1266,940,배우
1266,567,배우
1266,2227,배우
1266,865,배우
1266,3053,배우
1267,3054,배우
1267,3055,배우
1267,2716,배우
1267,2715,배우
1267,3048,배우
1268,1806,배우
1268,1752,배우
1268,3056,배우
1268,522,배우
1268,3057,감독
1269,343,배우
1269,1319,배우
1269,2356,배우
1269,1521,배우
1269,1152,배우
1269,2750,감독
1269,3058,PD
1270,1414,배우
1270,1268,배우
1270,3059,배우
1270,276,배우
1270,2649,배우
1270,2773,감독
1270,2269,감독
1270,3060,PD
1271,470,배우
1271,29,배우
1271,182,배우
1271,1099,배우
1271,98,배우
1271,3061,감독
1272,3062,배우
1272,2220,배우
1272,2852,배우
1272,1138,배우
1272,1489,배우
1272,3063,감독
1273,1758,배우
1273,2020,배우
1273,2601,배우
1273,2604,배우
1273,3064,배우
1273,3065,감독
1273,3066,PD
1273,2627,PD
1274,88,배우
1274,165,배우
1274,1790,배우
1274,3067,배우
1274,647,배우
1274,3068,감독
1274,3068,PD
1275,71,배우
1275,784,배우
1275,1456,배우
1275,774,배우
1275,297,배우
1275,3069,PD
1276,267,배우
1276,1110,배우
1276,1680,배우
1276,3070,배우
1276,3071,배우
1276,3072,감독
1277,3073,배우
1277,22,배우
1277,380,배우
1277,3074,배우
1277,1344,배우
1277,2325,감독
1278,494,배우
1278,738,배우
1278,3075,배우
1278,848,배우
1278,832,배우
1278,1348,감독
1278,2719,감독
1278,2382,감독
1278,2719,PD
1278,1348,PD
1279,848,배우
1279,1377,배우
1279,2495,배우
1279,3076,배우
1279,3077,배우
1279,2641,감독
1280,469,배우
1280,3078,배우
1280,3079,배우
1280,1694,배우
1280,2361,배우
1280,2689,감독
1280,2990,PD
1281,266,배우
1281,1932,PD
1282,935,배우
1282,1119,배우
1282,1632,배우
1282,2374,배우
1282,3080,배우
1282,3007,감독
1282,2279,감독
1283,1496,배우
1283,539,배우
1283,449,배우
1283,2533,배우
1283,1190,배우
1283,3081,감독
1283,3082,PD
1283,2270,PD
1284,3083,배우
1284,3084,배우
1285,949,배우
1285,2276,배우
1285,387,배우
1285,1779,배우
1285,709,배우
1285,3085,감독
1285,3086,감독
1285,3087,PD
1285,3085,PD
1286,38,배우
1286,1496,배우
1286,1414,배우
1286,2748,배우
1286,875,배우
1286,2318,감독
1286,2524,PD
1287,197,배우
1287,989,배우
1287,1459,배우
1287,294,배우
1287,1291,배우
1287,2729,감독
1287,2396,감독
1287,2379,PD
1288,1335,배우
1288,1780,배우
1288,3088,배우
1288,133,배우
1288,572,배우
1288,3089,감독
1288,3089,PD
1288,3090,PD
1289,2672,배우
1290,426,배우
1290,1119,배우
1290,295,배우
1290,841,배우
1290,304,배우
1290,2858,PD
1290,2502,PD
1290,2396,PD
1291,447,배우
1291,132,배우
1291,129,배우
1291,664,배우
1291,1094,배우
1291,2375,감독
1291,2375,PD
1291,3091,PD
1292,28,배우
1292,127,배우
1292,2305,배우
1292,250,배우
1292,1268,배우
1292,3092,감독
1292,2404,감독
1292,3093,PD
1292,3094,PD
1293,3095,배우
1293,3096,PD
1295,2304,배우
1295,3097,배우
1295,2582,배우
1295,2795,배우
1295,3098,배우
1295,2363,감독
1295,2363,PD
1296,1162,배우
1296,461,배우
1296,459,배우
1296,547,배우
1296,2331,배우
1296,3099,감독
1297,1134,감독
1297,1134,PD
1298,133,배우
1298,1059,배우
1298,2854,배우
1298,660,배우
1298,525,배우
1298,3100,PD
1299,426,배우
1299,147,배우
1299,3101,배우
1299,3102,배우
1299,2366,배우
1299,2279,감독
1300,191,배우
1300,88,배우
1300,1068,배우
1300,1182,배우
1300,3103,배우
1300,2778,감독
1301,2283,배우
1301,513,배우
1301,2809,배우
1301,3104,배우
1301,550,배우
1301,2861,감독
1301,2861,PD
1302,2475,배우
1302,3105,감독
1303,313,배우
1303,2602,배우
1303,562,배우
1303,548,배우
1303,525,배우
1303,2315,감독
1303,2317,감독
1303,2282,PD
1303,2281,PD
1304,333,배우
1304,2369,배우
1304,181,배우
1304,712,배우
1304,163,배우
1304,2396,감독
1305,1119,배우
1305,209,배우
1305,410,배우
1305,1606,배우
1305,380,배우
1305,1223,감독
1305,1223,PD
1305,2576,PD
1305,2523,PD
1306,487,배우
1306,2272,배우
1306,2020,배우
1306,889,배우
1306,3106,배우
1306,2810,감독
1306,3107,PD
1306,2810,PD
1306,3108,PD
1307,3109,배우
1307,3110,배우
1307,3111,배우
1307,222,배우
1307,3112,배우
1307,3113,감독
1308,1399,배우
1308,2273,배우
1308,370,배우
1308,956,배우
1308,3114,배우
1308,3115,감독
1308,3116,감독
1309,2541,배우
1309,278,배우
1309,852,배우
1309,999,배우
1309,3117,배우
1309,2874,감독
1310,915,배우
1310,1459,배우
1310,2640,배우
1310,3118,배우
1310,3119,배우
1310,2736,감독
1312,2564,배우
1312,2606,배우
1312,3120,배우
1312,3121,배우
1312,3122,배우
1312,2641,감독
1312,2641,PD
1313,197,배우
1313,1597,배우
1313,1119,배우
1313,1418,배우
1313,2947,배우
1313,2729,감독
1314,2422,배우
1314,333,배우
1314,2561,배우
1314,1824,배우
1314,938,배우
1314,2654,감독
1314,3123,PD
1314,2245,PD
1314,2654,PD
1315,3124,배우
1315,915,배우
1315,3125,배우
1315,3024,배우
1315,3126,배우
1315,2325,감독
1315,2325,PD
1316,614,배우
1316,860,배우
1316,1202,배우
1316,848,배우
1316,1693,배우
1316,2382,감독
1317,2443,배우
1317,590,배우
1317,2243,배우
1317,774,배우
1317,3127,배우
1317,2783,감독
1317,2819,PD
1318,3128,배우
1318,2263,배우
1318,2839,배우
1318,3129,배우
1318,3130,배우
1318,3131,PD
1319,3132,배우
1319,3133,배우
1319,2465,배우
1319,3134,배우
1319,3135,배우
1320,2445,배우
1320,2414,배우
1320,212,배우
1320,1265,배우
1320,705,배우
1320,2864,감독
1320,2819,PD
1321,2677,배우
1321,295,배우
1321,8,배우
1321,2443,배우
1321,1931,배우
1321,2739,감독
1322,28,배우
1322,2310,배우
1322,786,배우
1322,1247,배우
1322,2489,배우
1322,2620,PD
1322,2694,PD
1323,278,배우
1323,2845,배우
1323,1104,배우
1323,1418,배우
1323,594,배우
1323,2864,감독
1324,3136,배우
1324,3137,배우
1324,1749,배우
1324,2875,배우
1324,3138,배우
1324,3139,PD
1324,3140,PD
1325,2676,배우
1325,3141,배우
1325,3142,배우
1325,3143,PD
1326,35,배우
1326,34,배우
1326,2577,배우
1326,2114,배우
1326,3144,배우
1326,2773,감독
1327,33,배우
1327,1247,배우
1327,2603,배우
1327,3145,배우
1327,22,배우
1327,2681,감독
1327,2681,PD
1328,593,배우
1328,368,배우
1328,574,배우
1328,2544,배우
1328,1841,배우
1328,3146,PD
1329,2200,배우
1329,327,배우
1329,91,배우
1329,3147,배우
1329,2776,PD
1329,3148,PD
1329,3149,PD
1330,985,배우
1330,920,배우
1330,114,배우
1330,562,배우
1330,849,배우
1330,2332,감독
1331,2664,배우
1331,347,배우
1331,2320,배우
1331,486,배우
1331,3150,배우
1331,3151,감독
1331,3151,PD
1331,3152,PD
1332,2845,배우
1332,120,배우
1332,1234,배우
1332,321,배우
1332,741,배우
1332,2338,감독
1333,460,배우
1333,227,배우
1333,3153,배우
1333,1104,배우
1333,602,배우
1333,3154,감독
1334,437,배우
1334,130,배우
1334,336,배우
1334,309,배우
1334,74,배우
1334,1402,감독
1334,2793,PD
1334,1402,PD
1335,3155,배우
1335,3156,배우
1335,77,배우
1335,3157,배우
1335,3158,배우
1336,652,배우
1336,29,배우
1336,745,배우
1336,3159,배우
1336,966,배우
1336,2670,감독
1336,3160,PD
1336,2670,PD
1337,2541,배우
1337,526,배우
1337,3161,배우
1337,993,배우
1337,1635,배우
1337,3060,감독
1338,1512,배우
1338,2344,배우
1338,257,배우
1338,1738,배우
1338,15,배우
1338,3049,감독
1339,548,배우
1339,985,배우
1339,2907,배우
1339,1448,배우
1339,1234,배우
1339,3162,감독
1339,3162,PD
1340,772,배우
1340,3157,배우
1340,1624,배우
1340,3163,배우
1340,3120,배우
1340,2410,감독
1341,998,배우
1341,1081,배우
1341,3164,배우
1341,1607,배우
1341,2661,배우
1341,3165,감독
1342,2237,배우
1342,2238,배우
1342,1599,배우
1342,838,배우
1342,3166,배우
1343,3167,배우
1343,3168,배우
1343,3169,배우
1343,3012,배우
1343,1733,배우
1343,2535,PD
1343,3170,PD
1344,434,배우
1344,191,배우
1344,886,배우
1344,148,배우
1344,3171,배우
1344,3172,감독
1344,3173,감독
1344,3174,PD
1344,3172,PD
1345,721,배우
1345,529,배우
1345,1449,배우
1345,445,배우
1345,886,배우
1345,2214,감독
1345,2413,PD
1346,1867,배우
1346,1129,배우
1346,3175,배우
1346,1154,배우
1346,3176,배우
1346,2789,감독
1347,383,배우
1347,1616,배우
1347,2366,배우
1347,1957,배우
1347,111,배우
1347,2796,감독
1348,2608,배우
1348,1743,배우
1348,2860,배우
1348,1081,배우
1348,3177,배우
1348,2611,PD
1349,313,배우
1349,989,배우
1349,2061,배우
1349,3178,배우
1349,3179,배우
1349,3180,감독
1350,3181,PD
1350,3182,PD
1351,173,배우
1351,1606,배우
1351,2947,배우
1351,116,배우
1351,2786,배우
1351,3183,감독
1351,3183,PD
1352,70,배우
1352,1564,배우
1352,852,배우
1352,139,배우
1352,3184,배우
1352,3185,감독
1352,3186,감독
1352,3185,PD
1353,1780,배우
1353,407,배우
1353,1448,배우
1353,999,배우
1353,400,배우
1353,2977,감독
1353,2671,PD
1354,3125,배우
1354,481,배우
1354,3097,배우
1354,2604,배우
1354,511,배우
1354,3187,감독
1354,3125,PD
1354,481,PD
1355,555,배우
1355,2552,배우
1355,3188,배우
1355,2838,배우
1355,1365,배우
1355,2739,감독
1355,2347,PD
1356,172,배우
1356,2980,배우
1356,47,배우
1356,762,배우
1356,1527,배우
1356,3189,감독
1357,978,배우
1357,422,배우
1357,454,배우
1357,1633,배우
1357,3188,배우
1357,2269,감독
1358,1284,배우
1358,1309,배우
1358,860,배우
1358,1500,배우
1358,594,배우
1359,78,배우
1359,220,배우
1359,9,배우
1359,511,배우
1359,3190,배우
1359,3191,감독
1360,3136,배우
1360,3192,배우
1360,3193,배우
1360,3194,배우
1360,2862,배우
1360,2204,감독
1360,2255,감독
1361,652,배우
1361,1564,배우
1361,2218,배우
1361,3195,배우
1361,3196,배우
1361,3197,감독
1362,2,배우
1362,249,배우
1362,3198,배우
1362,2492,배우
1362,2366,배우
1362,692,PD
1362,3199,PD
1363,915,배우
1363,940,배우
1363,2344,배우
1363,1851,배우
1363,2227,배우
1363,2896,감독
1364,263,배우
1364,96,배우
1364,116,배우
1364,1224,배우
1364,2848,배우
1364,3200,감독
1364,2729,감독
1364,2258,PD
1365,935,배우
1365,701,배우
1365,519,배우
1365,2866,배우
1365,210,배우
1365,2705,감독
1365,2379,PD
1366,3201,배우
1366,1369,배우
1366,66,배우
1366,1278,배우
1366,1766,배우
1366,2338,감독
1366,3202,PD
1367,198,배우
1367,1604,배우
1367,1378,배우
1367,2489,배우
1367,955,배우
1367,2453,감독
1367,3203,PD
1368,915,배우
1368,841,배우
1368,1248,배우
1368,1418,배우
1368,260,배우
1368,2678,감독
1368,2681,감독
1368,2896,PD
1369,374,배우
1369,2629,배우
1369,3204,배우
1369,1481,배우
1369,2865,배우
1369,2325,감독
1369,3205,PD
1370,1335,배우
1370,133,배우
1370,1251,배우
1370,27,배우
1370,823,배우
1370,3089,감독
1371,2298,배우
1371,3206,배우
1371,3207,배우
1371,3208,배우
1371,3209,감독
1371,3209,PD
1372,875,배우
1372,1632,배우
1372,163,배우
1372,743,배우
1372,2981,배우
1373,3210,배우
1373,2243,배우
1373,9,배우
1373,594,배우
1373,387,배우
1373,2789,감독
1373,2789,PD
1374,504,배우
1374,635,배우
1374,1309,배우
1374,3211,배우
1374,1921,배우
1374,2864,PD
1374,3212,PD
1375,1375,배우
1375,3213,배우
1375,3214,배우
1375,456,배우
1375,791,배우
1375,3215,감독
1376,521,배우
1376,410,배우
1376,2341,배우
1376,3216,배우
1376,3217,배우
1376,952,감독
1376,952,PD
1376,3218,PD
1377,226,배우
1377,1284,배우
1377,3188,배우
1377,1501,배우
1377,776,배우
1377,1494,감독
1378,2,배우
1378,614,배우
1378,279,배우
1378,1296,배우
1378,1570,배우
1378,3197,감독
1378,2721,PD
1379,2369,배우
1379,1369,배우
1379,399,배우
1379,1483,배우
1379,940,배우
1379,2346,감독
1380,1202,배우
1380,935,배우
1380,120,배우
1380,231,배우
1380,821,배우
1380,2247,감독
1380,3219,감독
1382,979,배우
1382,1694,배우
1382,3220,배우
1382,3221,배우
1382,2954,배우
1382,3200,감독
1382,2258,PD
1383,3222,배우
1383,3223,배우
1383,3224,배우
1383,3225,배우
1383,3226,배우
1383,3227,감독
1384,1319,배우
1384,659,배우
1384,2828,배우
1384,1009,배우
1384,25,배우
1384,2325,감독
1385,1591,배우
1385,466,배우
1385,3228,배우
1385,3229,배우
1386,127,배우
1386,2541,배우
1386,781,배우
1386,2606,배우
1386,1616,배우
1386,3230,감독
1386,3089,감독
1386,3089,PD
1386,3090,PD
1387,795,배우
1387,434,배우
1387,1430,배우
1387,2272,배우
1387,73,배우
1387,2750,감독
1388,3231,배우
1388,3084,배우
1388,3232,배우
1388,2768,배우
1388,3130,배우
1388,3233,감독
1388,3234,감독
1388,3233,PD
1389,269,배우
1389,2879,배우
1389,477,배우
1389,22,배우
1389,1515,배우
1389,2269,감독
1390,226,배우
1390,985,배우
1390,81,배우
1390,183,배우
1390,2525,배우
1390,2796,감독
1390,3235,PD
1391,3236,배우
1391,3237,배우
1391,1446,배우
1391,96,배우
1391,3238,배우
1391,3239,감독
1392,2564,배우
1392,2606,배우
1392,3240,배우
1392,374,배우
1392,3241,배우
1392,2611,PD
1393,27,배우
1393,1496,배우
1393,915,배우
1393,3242,배우
1393,370,배우
1393,2337,감독
1393,3243,감독
1394,2895,배우
1394,1705,배우
1394,2520,배우
1394,3122,배우
1394,2843,배우
1394,2874,감독
1394,3244,감독
1395,1643,배우
1395,565,배우
1395,985,배우
1395,3245,배우
1395,3246,배우
1396,860,배우
1396,736,배우
1396,67,배우
1396,1483,배우
1396,1806,배우
1396,3197,감독
1397,3247,배우
1397,3248,배우
1397,3249,배우
1397,3250,배우
1397,3251,배우
1398,1309,배우
1398,3083,배우
1398,3252,배우
1398,3253,배우
1398,887,배우
1399,2345,배우
1399,2899,배우
1399,3254,배우
1399,3255,배우
1399,3256,배우
1399,3257,감독
1400,863,배우
1400,279,배우
1400,2374,배우
1400,3258,배우
1400,1165,배우
1400,2729,감독
1401,724,배우
1401,100,배우
1401,721,배우
1401,1019,배우
1401,3259,감독
1401,3259,PD
1402,2674,배우
1402,3231,배우
1402,3260,배우
1402,3261,배우
1402,3262,배우
1402,3263,감독
1402,3264,감독
1402,3263,PD
1402,3265,PD
1403,179,배우
1403,2594,배우
1403,3266,배우
1403,3267,배우
1403,1823,배우
1404,328,배우
1404,555,배우
1404,594,배우
1404,530,배우
1404,292,배우
1404,3100,감독
1404,3268,PD
1404,594,PD
1404,3269,PD
1405,2595,배우
1405,3194,배우
1405,655,배우
1405,3270,배우
1405,1304,배우
1406,1591,배우
1406,1927,배우
1406,664,배우
1406,286,배우
1406,3271,배우
1406,3272,감독
1406,3273,PD
1408,2676,배우
1408,1024,배우
1408,2751,배우
1408,658,배우
1408,335,배우
1408,2864,감독
1408,2864,PD
1409,27,배우
1409,7,배우
1409,769,배우
1409,1871,배우
1409,950,배우
1410,2664,배우
1410,142,배우
1410,2655,배우
1410,3274,배우
1410,3275,배우
1410,3276,감독
1411,447,배우
1411,3062,배우
1411,660,배우
1411,866,배우
1411,2411,배우
1411,2567,감독
1412,955,배우
1412,2276,배우
1412,1170,배우
1412,875,배우
1412,1297,배우
1412,3085,감독
1412,3086,감독
1412,3277,PD
1412,3085,PD
1413,63,배우
1413,624,배우
1413,3278,배우
1413,58,배우
1413,2908,배우
1413,3279,감독
1413,3279,PD
1413,3280,PD
1414,1162,배우
1414,3188,배우
1414,1705,배우
1414,572,배우
1414,480,배우
1414,2269,감독
1414,2729,감독
1415,343,배우
1415,313,배우
1415,2403,배우
1415,3281,배우
1415,647,배우
1415,2724,감독
1416,454,배우
1416,2283,배우
1416,2533,배우
1416,135,배우
1416,1124,배우
1416,3282,감독
1416,3283,감독
1416,3282,PD
1416,3284,PD
1417,328,배우
1417,863,배우
1417,519,배우
1417,1545,배우
1417,1008,배우
1417,3165,감독
1418,1186,배우
1418,3285,배우
1418,829,배우
1418,3286,배우
1418,3287,배우
1420,3124,배우
1420,542,배우
1420,82,배우
1420,489,배우
1420,656,배우
1420,3288,감독
1421,1344,배우
1421,3289,배우
1421,693,배우
1421,1446,배우
1421,1822,배우
1423,538,배우
1423,2899,배우
1423,794,배우
1423,40,배우
1423,1549,배우
1423,3049,감독
1424,956,배우
1424,2276,배우
1424,1138,배우
1424,3042,배우
1424,491,배우
1424,3290,감독
1424,367,PD
1425,1780,배우
1425,38,배우
1425,940,배우
1425,1524,배우
1425,1744,배우
1425,3291,감독
1426,3292,감독
1426,3292,PD
1427,172,배우
1427,1414,배우
1427,2649,배우
1427,1705,배우
1427,435,배우
1427,2874,감독
1428,475,배우
1428,2845,배우
1428,1008,배우
1428,3293,배우
1428,3112,배우
1429,1019,배우
1429,2768,배우
1429,3294,배우
1429,3295,배우
1429,3296,배우
1430,655,배우
1430,3297,배우
1430,1680,배우
1430,3298,배우
1430,553,배우
1431,3299,배우
1431,393,배우
1431,3147,배우
1431,2776,PD
1431,3149,PD
1431,3148,PD
1432,120,배우
1432,41,배우
1432,472,배우
1432,2640,배우
1432,930,배우
1432,2382,감독
1433,2238,배우
1433,3300,배우
1433,3301,배우
1433,3302,배우
1433,3303,배우
1433,3304,감독
1434,2238,배우
1434,1162,배우
1434,2766,배우
1434,2505,PD
1435,949,배우
1435,2995,배우
1435,860,배우
1435,821,배우
1435,438,배우
1435,2349,감독
1435,2349,PD
1435,3305,PD
1436,526,배우
1436,2640,배우
1436,2218,배우
1436,2348,배우
1436,751,배우
1436,3306,감독
1437,3307,배우
1437,1550,배우
1437,2407,배우
1437,3308,배우
1437,2173,배우
1437,1671,감독
1437,1671,PD
1439,627,배우
1439,2356,배우
1439,2561,배우
1439,118,배우
1439,2868,배우
1439,3309,감독
1439,3310,PD
1439,3311,PD
1442,875,배우
1442,504,배우
1442,537,배우
1442,3312,배우
1442,3313,배우
1442,3205,PD
1443,91,배우
1443,577,배우
1443,2492,배우
1443,139,배우
1443,137,배우
1443,3314,PD
1443,230,PD
1443,229,PD
1444,3315,배우
1444,2981,배우
1444,3316,배우
1444,3156,배우
1444,2851,배우
1445,422,배우
1445,3317,배우
1445,1461,배우
1445,3318,배우
1445,3319,배우
1445,3200,감독
1446,548,배우
1446,3320,배우
1446,3321,배우
1446,3322,배우
1446,1870,배우
1446,3323,감독
1446,3323,PD
1446,2523,PD
1447,2543,배우
1447,978,배우
1447,1749,배우
1447,2735,배우
1447,3324,배우
1447,2205,감독
1447,3325,감독
1448,277,배우
1448,1098,배우
1448,1396,배우
1448,1190,배우
1448,3326,배우
1448,3327,감독
1448,3328,PD
1449,668,배우
1449,484,배우
1449,66,배우
1449,2677,배우
1449,1162,배우
1449,3305,PD
1450,3329,배우
1450,1010,배우
1450,2637,배우
1450,3330,배우
1450,3331,배우
1450,3332,감독
1450,1951,감독
1450,3333,PD
1451,856,배우
1451,769,배우
1451,3334,배우
1451,986,배우
1451,1344,배우
1452,2541,배우
1452,3317,배우
1452,1779,배우
1452,723,배우
1452,1522,배우
1452,3327,감독
1453,2995,배우
1453,2832,배우
1453,3237,배우
1453,1104,배우
1453,1495,배우
1453,3335,감독
1453,3336,PD
1454,269,배우
1454,2980,배우
1454,116,배우
1454,950,배우
1454,380,배우
1454,2874,감독
1454,2337,감독
1455,1694,배우
1455,772,배우
1455,856,배우
1455,383,배우
1455,3337,배우
1455,3200,감독
1455,2258,PD
1456,359,배우
1456,769,배우
1456,578,배우
1456,2354,배우
1456,511,배우
1456,2641,감독
1456,3338,PD
1456,3339,PD
1457,3340,배우
1457,3079,배우
1457,2829,배우
1457,1632,배우
1457,1460,배우
1457,3341,PD
1458,3109,배우
1458,78,배우
1458,875,배우
1458,3342,배우
1458,3343,배우
1458,3344,감독
1459,1285,배우
1459,3345,배우
1459,3346,배우
1459,754,배우
1459,3347,배우
1460,519,배우
1460,2238,배우
1460,3348,배우
1460,3349,PD
1461,1129,배우
1461,3350,배우
1461,1284,배우
1461,1061,배우
1461,1705,배우
1461,2269,감독
1462,470,배우
1462,940,배우
1462,276,배우
1462,3351,배우
1462,1234,배우
1462,3352,감독
1463,498,배우
1463,3353,감독
1463,3354,PD
1463,3353,PD
1464,915,배우
1464,227,배우
1464,2345,배우
1464,1309,배우
1464,618,배우
1465,772,배우
1465,538,배우
1465,1567,배우
1465,81,배우
1465,2981,배우
1465,186,감독
1465,2729,감독
1465,2379,PD
1466,2344,배우
1466,998,배우
1466,2987,배우
1466,1527,배우
1466,3355,배우
1466,2614,감독
1468,1647,배우
1468,167,배우
1468,3120,배우
1468,3350,배우
1468,2787,배우
1468,2864,감독
1468,3356,감독
1469,3357,배우
1470,13,배우
1470,863,배우
1470,723,배우
1470,1396,배우
1470,698,배우
1470,2338,감독
1471,2674,배우
1471,848,배우
1471,8,배우
1471,1567,배우
1471,1335,배우
1471,2778,감독
1472,2541,배우
1472,679,배우
1472,1098,배우
1472,2577,배우
1472,900,배우
1472,3358,감독
1473,3359,배우
1473,3360,배우
1473,3361,배우
1473,3362,배우
1473,3363,배우
1473,3364,감독
1474,556,배우
1474,614,배우
1474,347,배우
1474,260,배우
1474,1544,배우
1474,2678,감독
1475,2596,배우
1475,70,배우
1475,165,배우
1475,2595,배우
1476,1081,배우
1476,3220,배우
1476,1495,배우
1476,3365,배우
1476,3366,배우
1477,3367,배우
1477,3368,배우
1478,2473,배우
1478,3369,감독
1478,3370,감독
1478,3371,감독
1479,3372,배우
1479,1129,배우
1479,295,배우
1479,563,배우
1479,1234,배우
1479,2256,감독
1479,3373,감독
1480,2212,배우
1480,2202,배우
1480,3374,배우
1480,3375,배우
1480,3376,배우
1481,312,배우
1481,82,배우
1481,2668,감독
1481,3377,PD
1481,3378,PD
1482,618,배우
1482,1251,배우
1482,1047,배우
1482,920,배우
1482,1567,배우
1484,263,배우
1484,38,배우
1484,3379,배우
1484,3122,배우
1484,979,배우
1485,3124,배우
1485,2,배우
1485,2899,배우
1485,3380,배우
1486,2995,배우
1486,800,배우
1486,167,배우
1486,1338,배우
1486,399,배우
1486,2864,감독
1487,3317,배우
1487,930,배우
1487,1823,배우
1487,1448,배우
1487,2572,배우
1487,3381,감독
1488,538,배우
1488,475,배우
1488,633,배우
1488,1395,배우
1488,9,배우
1488,2382,감독
1488,2844,PD
1489,269,배우
1489,2422,배우
1489,1309,배우
1489,1493,배우
1489,461,배우
1489,3352,감독
1489,3382,감독
1490,3299,배우
1490,2751,배우
1490,3231,배우
1490,2377,배우
1491,227,배우
1491,333,배우
1491,1170,배우
1491,1634,배우
1491,821,배우
1491,2382,감독
1491,2844,PD
1492,2875,배우
1492,3194,배우
1492,3383,배우
1492,503,배우
1492,3384,배우
1492,2209,감독
1492,3385,감독
1492,2209,PD
1493,3386,배우
1493,2466,배우
1494,113,배우
1494,998,배우
1494,2982,배우
1494,1332,배우
1494,701,배우
1495,2552,배우
1495,2986,배우
1495,3387,배우
1495,782,배우
1495,3388,배우
1496,269,배우
1496,736,배우
1496,504,배우
1496,2850,배우
1496,2361,배우
1496,2337,감독
1496,2479,감독
1497,23,배우
1497,3389,배우
1497,537,배우
1497,2344,배우
1497,3390,배우
1498,212,배우
1498,2595,배우
1498,2481,배우
1498,3391,배우
1498,3392,배우
1499,1093,배우
1499,1309,배우
1499,1806,배우
1499,3393,배우
1499,3055,배우
1499,2382,감독
1499,3394,PD
1499,1806,PD
1499,1093,PD
1500,1626,배우
1500,387,배우
1500,14,배우
1500,1598,배우
1500,348,배우
1502,2594,배우
1502,915,배우
1502,629,배우
1502,3395,배우
1502,1234,배우
1502,3356,감독
1502,2689,감독
1502,3396,PD
1503,940,배우
1503,504,배우
1503,852,배우
1503,767,배우
1503,456,배우
1503,2739,감독
1504,873,배우
1504,724,배우
1504,3397,배우
1504,1705,배우
1504,1454,배우
1504,2729,감독
1504,3398,감독
1505,1599,배우
1505,3166,배우
1505,3399,배우
1505,3324,배우
1505,3400,PD
1505,2711,PD
1505,2478,PD
1505,3401,PD
1505,3402,PD
1505,3403,PD
1505,3404,PD
1505,3405,PD
1505,3406,PD
1505,3407,PD
1505,3408,PD
1505,3409,PD
1505,3410,PD
1505,3411,PD
1505,3412,PD
1506,1744,배우
1506,846,배우
1506,2983,배우
1506,1234,배우
1506,3348,배우
1506,2325,감독
1506,2325,PD
1507,3124,배우
1507,770,배우
1507,501,배우
1507,741,배우
1507,1009,배우
1507,2739,감독
1507,2739,PD
1508,679,배우
1508,940,배우
1508,567,배우
1508,800,배우
1508,3413,배우
1510,470,배우
1510,940,배우
1510,993,배우
1510,1297,배우
1510,184,배우
1511,527,배우
1511,2554,배우
1511,3414,배우
1511,3415,배우
1511,3416,배우
1511,3417,감독
1512,526,배우
1512,2879,배우
1512,1009,배우
1512,383,배우
1512,26,배우
1513,3415,배우
1513,3418,배우
1513,3419,배우
1513,572,배우
1513,3420,배우
1513,3057,감독
1514,2768,배우
1514,569,배우
1514,3233,감독
1514,3233,PD
1515,1604,배우
1515,730,배우
1515,3421,배우
1515,887,배우
1515,2427,배우
1515,2516,감독
1515,3422,PD
1515,3423,PD
1516,270,배우
1516,328,배우
1516,3424,배우
1516,276,배우
1516,2828,배우
1516,2442,감독
1516,2396,감독
1517,3425,배우
1517,3426,배우
1517,3427,PD
1517,3428,PD
1518,1116,배우
1518,1553,감독
1519,3429,배우
1519,1720,배우
1519,1550,배우
1519,683,배우
1519,685,배우
1519,3430,감독
1520,863,배우
1520,3431,배우
1520,27,배우
1520,87,배우
1520,1059,배우
1521,3136,배우
1521,1599,배우
1521,3137,배우
1521,2875,배우
1521,1646,배우
1521,3140,감독
1521,3139,감독
1522,3083,배우
1522,3137,배우
1522,3432,배우
1522,2300,배우
1523,3431,배우
1523,3157,배우
1523,1936,배우
1523,2937,배우
1523,328,배우
1524,2709,배우
1524,3433,배우
1524,3434,배우
1524,3295,배우
1524,3435,배우
1524,3436,감독
1524,3437,감독
1524,3438,감독
1525,2473,배우
1526,2237,배우
1526,1932,배우
1526,2541,배우
1527,721,배우
1527,2377,배우
1527,3439,배우
1528,1749,배우
1528,978,배우
1528,73,배우
1528,979,배우
1528,2551,감독
1529,470,배우
1529,985,배우
1529,10,배우
1529,3440,배우
1529,3220,배우
1529,3441,감독
1529,3442,감독
1529,3443,PD
1530,800,배우
1530,1634,배우
1530,2843,배우
1530,3444,배우
1530,726,배우
1530,2678,감독
1531,2541,배우
1531,3059,배우
1531,1512,배우
1531,3445,배우
1531,3446,감독
1532,602,배우
1532,113,배우
1532,61,배우
1532,1932,PD
1533,799,배우
1533,3447,배우
1533,1461,배우
1534,1059,배우
1534,172,배우
1534,2672,배우
1534,2305,배우
1534,3448,배우
1535,1344,배우
1535,701,배우
1535,3449,배우
1535,609,배우
1535,3163,배우
1535,3202,PD
1536,3238,배우
1536,3236,배우
1536,444,배우
1536,3450,배우
1536,1337,배우
1537,172,배우
1537,227,배우
1537,2791,배우
1537,374,배우
1537,184,배우
1538,3451,배우
1538,2025,배우
1538,3452,배우
1538,3453,감독
1539,3454,배우
1539,2154,배우
1539,222,배우
1539,2361,배우
1539,3455,배우
1540,3456,PD
1541,2377,배우
1542,1694,배우
1542,2154,배우
1542,3074,배우
1542,3318,배우
1542,527,배우
1542,2729,감독
1543,1490,배우
1543,826,배우
1543,2203,배우
1543,1140,배우
1543,2061,배우
1543,2968,감독
1544,97,배우
1544,1496,배우
1544,1104,배우
1544,25,배우
1544,413,배우
1545,794,배우
1545,1446,배우
1545,279,배우
1545,360,배우
1546,915,배우
1546,1643,배우
1546,1657,배우
1546,1567,배우
1546,2866,배우
1546,2724,감독
1547,3317,배우
1547,721,배우
1547,1459,배우
1547,2966,배우
1547,1543,배우
1548,3119,배우
1548,640,배우
1548,2863,배우
1548,3457,배우
1548,3458,배우
1548,859,감독
1549,614,배우
1549,1234,배우
1549,480,배우
1549,2981,배우
1549,383,배우
1549,2269,감독
1551,772,배우
1551,352,배우
1551,2884,배우
1551,2103,배우
1551,1338,배우
1552,2388,배우
1552,3459,배우
1552,3460,배우
1552,3461,배우
1552,3462,배우
1552,3463,감독
1553,18,배우
1553,526,배우
1553,3464,배우
1553,1493,배우
1553,821,배우
1553,2337,감독
1554,3465,배우
1554,1309,배우
1554,3466,배우
1555,791,배우
1555,345,배우
1555,2851,배우
1555,348,배우
1555,821,배우
1556,2403,배우
1556,3467,배우
1556,47,배우
1556,3468,배우
1556,2824,배우
1556,2705,감독
1557,3469,배우
1557,2557,배우
1557,3470,배우
1557,3471,배우
1558,3472,배우
1558,3473,배우
1558,1650,배우
1559,3474,배우
1559,3475,배우
1559,2746,배우
1559,3476,배우
1559,3477,배우
1559,3478,감독
1559,3479,감독
1560,3480,배우
1560,2709,배우
1561,200,배우
1561,1500,배우
1561,1871,배우
1561,387,배우
1561,3297,배우
1562,3481,배우
1562,3482,배우
1562,3483,감독
1562,3483,PD
1562,3484,PD
1563,526,배우
1563,2980,배우
1563,2947,배우
1563,601,배우
1563,712,배우
1564,1645,배우
1564,3451,배우
1564,3485,배우
1564,2595,배우
1564,3486,배우
1565,1643,배우
1565,197,배우
1565,1930,배우
1565,1547,배우
1565,2,배우
1566,1868,배우
1566,2735,배우
1566,2262,배우
1566,2871,감독
1566,3487,감독
1566,3487,PD
1566,2871,PD
1567,470,배우
1567,3488,배우
1567,526,배우
1567,1454,배우
1567,3038,배우
1567,2337,감독
1567,2824,PD
1568,17,배우
1568,27,배우
1568,3489,감독
1568,3490,감독
1568,3491,감독
1568,3492,감독
1568,3493,감독
1569,624,배우
1569,3494,배우
1569,3495,배우
1569,2518,배우
1569,3496,배우
1570,736,배우
1570,3497,배우
1570,1633,배우
1570,1758,배우
1570,2746,배우
1571,2473,배우
1572,3498,배우
1572,460,배우
1572,629,배우
1572,3499,배우
1572,1339,배우
1573,504,배우
1573,3500,배우
1573,454,배우
1573,3501,배우
1573,1859,배우
1574,2473,배우
1574,3502,감독
1574,3502,PD
1575,1309,배우
1575,3503,배우
1575,164,배우
1576,2200,배우
1576,327,배우
1576,3504,배우
1576,2776,PD
1577,3505,배우
1577,3506,배우
1577,3507,배우
1578,3508,배우
1578,3059,배우
1578,721,배우
1578,3054,배우
1578,1822,배우
1579,3237,배우
1579,1446,배우
1579,3124,배우
1579,721,배우
1579,398,배우
1579,2724,감독
1579,3509,감독
1581,333,배우
1581,2539,배우
1581,2865,배우
1581,2525,배우
1582,2473,배우
1582,2709,배우
1582,2213,감독
1582,2807,감독
1582,2806,감독
1582,2473,PD
1582,2213,PD
1583,3510,배우
1583,3511,배우
1583,3512,배우
1583,3513,배우
1583,3514,배우
1584,331,배우
1584,3515,배우
1584,3516,배우
1584,3517,배우
1584,3518,감독
1586,3519,배우
1587,2202,배우
1587,2672,배우
1587,3520,배우
1587,3386,배우
1587,2378,배우
1588,3521,배우
1588,3379,배우
1588,3522,배우
1588,746,배우
1588,791,배우
1588,3523,감독
1588,3524,감독
1589,2541,배우
1589,856,배우
1589,313,배우
1589,1224,배우
1589,400,배우
1590,2202,배우
1590,2731,배우
1590,655,배우
1590,3466,배우
1591,2520,배우
1591,2995,배우
1591,1595,배우
1591,790,배우
1591,3525,배우
1591,2269,감독
1592,1164,배우
1592,3526,배우
1592,3466,배우
1592,3527,배우
1594,2839,배우
1594,2732,배우
1594,3466,배우
1594,3528,감독
1594,3528,PD
1595,1309,배우
1595,3529,배우
1595,1309,PD
1595,3529,PD
1596,799,배우
1596,1284,배우
1596,1493,배우
1596,880,배우
1596,316,배우
1596,3170,감독
1596,3530,감독
1596,3170,PD
1598,1780,배우
1598,328,배우
1598,1500,배우
1598,3531,배우
1598,373,배우
1598,2399,감독
1598,2632,감독
1599,3532,감독
1599,3533,감독
1600,2541,배우
1600,3534,배우
1600,501,배우
1600,537,배우
1600,3535,배우
1601,3536,배우
1601,1319,배우
1601,3048,배우
1601,3537,배우
1601,18,배우
1601,3239,감독
1602,999,배우
1602,2586,배우
1602,2578,배우
1602,2939,배우
1602,3538,감독
1603,799,배우
1603,251,배우
1603,2525,배우
1603,3539,배우
1603,4,배우
1604,2296,배우
1604,2521,감독
1605,1454,배우
1605,1823,배우
1605,111,배우
1605,3540,배우
1605,1456,배우
1605,3541,감독
1606,2237,배우
1606,1489,배우
1606,3542,배우
1607,559,배우
1607,2937,배우
1607,3059,배우
1607,537,배우
1607,3543,감독
1608,2650,배우
1608,3062,배우
1608,2355,배우
1608,3544,배우
1608,654,배우
1609,1930,배우
1609,3545,배우
1609,1047,배우
1609,3036,배우
1609,1859,배우
1610,3022,배우
1610,655,배우
1611,3546,배우
1611,3547,배우
1611,131,배우
1611,3238,배우
1611,3548,배우
1612,3083,배우
1612,131,배우
1612,3549,배우
1612,3550,배우
1612,3551,배우
1614,1932,배우
1614,1051,배우
1614,1903,배우
1614,2024,배우
1614,3552,배우
1615,738,배우
1615,2595,배우
1615,1072,배우
1615,3553,배우
1615,3554,배우
1616,3433,배우
1616,3555,배우
1616,3556,PD
1617,3557,배우
1617,2024,배우
1617,1124,배우
1617,3558,배우
1617,3433,배우
1618,679,배우
1618,96,배우
1618,1369,배우
1618,3559,배우
1618,3560,배우
1619,2237,배우
1619,1538,배우
1619,3561,배우
1619,3393,배우
1619,3562,배우
1620,769,배우
1620,38,배우
1620,633,배우
1620,3398,감독
1621,276,배우
1621,343,배우
1621,3563,배우
1621,3564,배우
1621,3565,PD
1623,104,배우
1623,1182,배우
1623,3028,배우
1623,3566,배우
1623,3567,배우
1624,3568,배우
1624,3136,배우
1624,537,배우
1624,3569,배우
1624,3570,PD
1625,1694,배우
1625,482,배우
1625,2555,배우
1625,3537,배우
1625,3571,배우
1626,4,배우
1626,193,배우
1626,1770,배우
1626,1239,배우
1626,3572,배우
1626,2363,감독
1627,3485,배우
1627,1633,배우
1627,3472,배우
1627,3573,배우
1628,445,배우
1628,3002,배우
1628,2230,배우
1628,78,배우
1628,8,배우
1629,3574,배우
1629,679,배우
1629,3136,배우
1629,1643,배우
1629,3575,배우
1630,3136,배우
1630,1599,배우
1630,3547,배우
1630,3399,배우
1630,3576,배우
1631,2473,배우
1631,3369,감독
1631,3370,감독
1631,3371,감독
1632,2201,배우
1632,3466,배우
1633,2238,배우
1633,3542,배우
1633,519,배우
1633,3577,배우
1634,3547,배우
1634,3578,배우
1634,3579,배우
1634,3580,배우
1634,826,배우
1635,434,배우
1636,2114,배우
1636,382,배우
1636,1346,배우
1636,2888,배우
1636,721,배우
1636,3335,감독
1637,808,배우
1637,3581,배우
1638,3193,배우
1638,193,배우
1638,3166,배우
1638,2212,배우
1638,542,배우
1639,3582,배우
1640,27,배우
1640,1251,배우
1641,2473,배우
1641,3253,배우
1641,3583,배우
1641,3584,배우
1641,3585,배우
1641,3586,감독
1643,3547,배우
1643,3529,배우
1643,3587,배우
1643,3485,배우
1644,3588,배우
1644,3589,배우
1644,3590,배우
1645,2298,배우
1645,2266,감독
1645,3591,감독
1646,3299,배우
1646,3231,배우
1646,1152,배우
1647,950,배우
1647,1524,배우
1647,257,배우
1647,701,배우
1647,3202,PD
1648,3592,배우
1648,3593,배우
1648,3130,배우
1648,2197,배우
1648,3594,배우
1650,3595,배우
1650,1524,배우
1650,3158,배우
1651,917,배우
1651,3188,배우
1651,3596,배우
1651,1635,배우
1651,1920,배우
1651,3057,감독
1653,3536,배우
1653,2980,배우
1653,9,배우
1653,1344,배우
1655,1119,배우
1655,61,배우
1655,3597,감독
1656,3083,배우
1656,2377,배우
1656,2423,감독
1657,1547,배우
1657,719,배우
1657,857,배우
1657,985,배우
1658,2296,배우
1658,978,배우
1660,772,배우
1660,1749,배우
1660,3598,배우
1660,3599,배우
1661,2237,배우
1661,2263,배우
1661,2377,배우
1661,2544,배우
1661,1958,배우
1662,3465,배우
1662,1309,배우
1662,3466,배우
1663,1700,배우
1663,3600,감독
1664,954,배우
1664,3590,배우
1664,1649,배우
1664,3575,배우
1664,277,배우
1666,2473,배우
1666,3369,감독
1667,3083,배우
1667,2377,배우
1667,3601,배우
1667,3602,배우
1667,1706,배우
1668,1113,배우
1668,3603,배우
1668,3604,감독
1669,2298,배우
1669,2475,배우
1669,3605,배우
1671,846,배우
1671,3606,배우
1671,526,배우
1671,2004,배우
1672,1752,배우
1672,1346,배우
1672,3153,배우
1672,1211,배우
1672,3607,배우
1672,3608,감독
1672,3041,PD
1674,3083,배우
1674,2262,배우
1674,3609,배우
1674,2841,배우
1675,2556,배우
1675,2624,배우
1675,3610,배우
1675,2626,PD
1675,3611,PD
1676,501,배우
1676,629,배우
1676,3079,배우
1676,3545,배우
1677,781,배우
1677,1524,배우
1677,460,배우
1677,1650,배우
1677,3612,배우
1678,3613,배우
1678,3614,배우
1678,3615,배우
1678,3616,배우
1678,3617,배우
1678,3618,감독
1678,3619,감독
1680,2473,배우
1681,2361,배우
1681,22,배우
1681,2320,배우
1681,3620,배우
1681,449,배우
1682,3454,배우
1682,3550,배우
1683,3621,배우
1683,978,배우
1683,2768,배우
1683,795,배우
1683,3622,배우
1685,160,배우
1685,3623,배우
1685,3624,배우
1685,3625,배우
1685,3626,배우
1686,3083,배우
1686,3497,배우
1686,2202,배우
1686,3627,배우
1687,1500,배우
1687,3628,배우
1687,1309,배우
1688,1500,배우
1688,1309,배우
1688,1779,배우
1688,3629,배우
1689,3630,배우
1689,3631,배우
1689,3032,배우
1689,3632,배우
1689,3633,배우
1691,2843,배우
1691,938,배우
1691,1788,배우
1691,3634,배우
1691,3635,배우
1693,2212,배우
1693,3636,배우
1693,871,배우
1695,3637,배우
1695,3638,배우
1695,3639,배우
1695,3640,배우
1695,3641,배우
1697,3083,배우
1697,163,배우
1698,3473,배우
1698,2595,배우
1698,2839,배우
1698,2485,배우
1699,504,배우
1699,1500,배우
1700,1283,배우
1700,746,배우
1700,1564,배우
1700,3642,배우
1701,3643,배우
1701,3644,배우
1702,3452,배우
1705,3645,배우
1705,2768,배우
1705,333,배우
1705,2313,배우
1705,3000,배우
1705,3646,감독
1705,3646,PD
1706,1705,배우
1706,2327,배우
1706,3647,배우
1706,3552,배우
1707,1114,배우
1707,1772,배우
1708,3648,배우
1708,2465,배우
1709,3644,배우
1709,3649,배우
1709,3650,배우
1709,3651,배우
1709,3652,배우
1710,2238,배우
1710,679,배우
1710,333,배우
1710,3653,배우
1710,2551,감독
1711,1500,배우
1712,3136,배우
1712,3654,배우
1712,3655,배우
1713,3656,배우
1713,3657,배우
1713,64,배우
1713,289,배우
1713,3658,배우
1713,3659,감독
1714,2237,배우
1715,2749,배우
1715,3125,배우
1715,3660,배우
1715,3661,배우
1717,2672,배우
1717,491,배우
1717,3662,배우
1717,3300,배우
1717,3653,배우
1718,2875,배우
1718,3663,배우
1718,3664,배우
1718,3665,배우
1720,2238,배우
1722,3666,감독
1724,714,배우
1724,1369,배우
1724,2539,배우
1724,3667,배우
1724,1588,배우
1725,3452,배우
1727,3668,배우
1727,3669,배우
1727,3670,배우
1727,3671,배우
1727,3672,배우
1727,3673,감독
1728,3155,배우
1728,3674,배우
1728,635,배우
1728,3675,배우
1730,2608,배우
1730,2519,배우
1730,833,배우
1730,3141,배우
1730,2067,배우
1731,3134,배우
1731,2731,배우
1731,2377,배우
1731,2556,배우
1732,1868,배우
1732,3083,배우
1733,131,배우
1733,3466,배우
1733,3676,배우
1734,2237,배우
1734,2804,배우
1734,3236,배우
1734,3677,배우
1735,3678,배우
1736,27,배우
1737,1352,배우
1737,3679,배우
1737,3680,감독
1739,849,배우
1740,1352,배우
1740,3681,배우
1740,3680,감독
1741,3576,배우
1742,3136,배우
1742,3682,배우
1744,3683,배우
1744,3684,배우
1744,3685,배우
1744,3686,배우
1744,3687,배우
1744,2469,PD
1745,2377,배우
1745,2875,배우
1745,2595,배우
1745,3609,배우
1746,198,배우
1746,1903,배우
1746,1396,배우
1746,698,배우
1746,1123,배우
1748,3688,PD
1749,3689,배우
1750,1868,배우
1750,2262,배우
1750,3138,배우
1752,3690,배우
1752,3691,배우
1752,3692,배우
1752,3693,배우
1752,2748,배우
1753,3654,배우
1753,3694,배우
1755,2212,배우
1755,3695,배우
1755,3696,배우
1755,3697,배우
1755,1417,배우
1756,2831,배우
1756,3555,배우
1757,2212,배우
1759,3698,배우
1759,3699,배우
1760,1598,배우
1760,3391,배우
1760,3700,배우
1760,3575,배우
1762,3701,배우
1765,3702,배우
1781,3703,PD
1781,3704,PD
1781,3705,PD
1782,3706,감독
1789,3155,배우
1789,3707,배우
1789,3708,PD
1790,3709,배우
1790,3709,감독
1793,3710,배우
1793,3711,배우
1793,3712,감독
1797,3713,감독
1801,3714,배우
1801,3715,배우
1801,3716,배우
1810,3717,배우
1819,3680,감독
1832,3680,감독
1846,3718,감독
1851,3719,배우
1856,3720,감독
