title,content_type,genre_ids,release_date,vote_average,vote_count,popularity,tmdb_id
기생충,영화,"[35, 53, 18]",2019-05-30,8.49,21159,41.002,496243
인간중독,영화,"[18, 10749]",2014-05-14,6.7,82,23.1277,269955
올드보이,영화,"[53, 9648]",2003-11-21,8.236,10121,20.9255,670
아가씨,영화,"[53, 18, 10749]",2016-06-01,8.176,4450,21.1453,290098
살인의 추억,영화,"[80, 18, 53]",2003-04-25,8.061,4759,18.2977,11423
어쩔수가없다,영화,"[35, 80, 53]",2025-09-24,7.515,1237,15.8579,639988
마녀 2,영화,"[28, 9648, 53, 878]",2022-06-15,7.4,467,14.6677,615173
휴민트,영화,"[53, 28, 18]",2026-02-11,7.477,177,15.2889,1268127
마담 뺑덕,영화,"[53, 18, 10749]",2014-10-02,6.113,71,12.4331,287649
설국열차,영화,"[28, 878, 18]",2013-08-01,6.908,10606,12.8143,110415
곤지암,영화,"[27, 9648]",2018-03-28,7.261,984,10.1382,508642
대홍수,영화,"[878, 12, 18]",2025-09-18,5.977,755,10.0094,982843
악마를 보았다,영화,"[53, 27]",2010-08-12,7.806,3120,10.3269,49797
늑대사냥,영화,"[28, 53, 27, 80]",2022-09-21,6.436,451,10.3039,799379
간신,영화,"[18, 36, 80]",2015-05-21,6.092,92,10.3132,338803
소원,영화,[18],2013-10-02,8.386,905,10.7522,255709
헤어질 결심,영화,"[53, 9648, 10749]",2022-06-29,7.317,1593,11.0745,705996
20세기 소녀,영화,"[10749, 18]",2022-10-06,8.179,854,10.4791,851644
방자전,영화,"[10749, 18, 35]",2010-06-02,5.671,41,10.0309,50727
파묘,영화,"[9648, 27, 53]",2024-02-22,7.649,787,10.6208,838209
반도,영화,"[27, 28, 53, 12]",2020-07-15,6.7,2646,10.678,581392
"오늘 밤, 세계에서 이 사랑이 사라진다 해도",영화,"[10749, 18]",2025-12-24,8.453,222,8.2943,1466115
괴물,영화,"[27, 18, 878]",2006-07-27,6.977,3216,7.3649,1255
후궁: 제왕의 첩,영화,[18],2012-06-06,5.809,115,8.5369,122126
버닝,영화,"[9648, 18, 53]",2018-05-17,7.378,1870,8.0111,491584
전지적 독자 시점,영화,"[28, 12, 14]",2025-07-23,7.048,105,8.7458,1131759
신과함께-죄와 벌,영화,"[28, 12, 18, 14, 53]",2017-12-20,8.044,1229,7.8605,397567
고백의 역사,영화,"[10749, 18, 35]",2025-08-28,8.269,227,7.6863,1355666
황야,영화,"[28, 12, 53]",2024-01-26,6.736,826,8.0438,933131
#살아있다,영화,"[28, 27, 878]",2020-06-24,7.204,2103,7.1333,614696
사마귀,영화,"[28, 80, 53]",2025-09-25,6.4,186,7.6044,1267319
와일드 씽,영화,"[35, 10402]",2026-06-03,6.4,22,7.3346,1396749
남편들,영화,"[35, 28]",2026-06-15,7.374,120,7.6867,1451344
발레리나,영화,"[28, 53]",2023-10-06,7.001,729,7.1957,961268
쌍화점,영화,[18],2008-12-30,6.872,164,7.2725,17903
택시운전사,영화,"[28, 18, 36]",2017-08-02,8,1206,6.9757,437068
기억의 밤,영화,"[53, 9648, 80]",2017-11-29,7.884,1381,7.6898,488623
추격자,영화,"[80, 53, 28]",2008-02-14,7.78,1604,7.0099,13855
신과함께-인과 연,영화,"[28, 12, 14, 53]",2018-08-01,8.05,770,6.9907,518068
거룩한 밤: 데몬 헌터스,영화,"[28, 14, 27, 53]",2025-04-30,7,114,7.5387,793387
외계+인 1부,영화,"[878, 28, 14, 12]",2022-07-20,6.92,591,6.457,601796
친절한 금자씨,영화,"[18, 53]",2005-07-29,7.52,2003,6.9515,4550
아저씨,영화,"[28, 53, 80]",2010-08-04,7.696,1542,8.52,51608
마더,영화,"[80, 18, 9648]",2009-05-28,7.704,1728,6.6923,30018
"그 시절, 우리가 좋아했던 소녀",영화,"[10749, 18, 35]",2025-02-21,8.375,72,7.6013,1290182
복수는 나의 것,영화,"[28, 18, 53]",2002-03-29,7.468,1759,6.5545,4689
황제를 위하여,영화,"[28, 80, 53]",2014-06-11,5.7,59,6.5383,280019
비열한 거리,영화,"[80, 18, 28]",2006-10-17,7,230,4.8591,23538
백두산,영화,"[28, 12, 53]",2019-12-19,6.849,637,6.1373,581387
승리호,영화,"[18, 14, 878]",2021-02-05,7.026,1171,6.6912,581389
파반느,영화,"[10749, 18]",2026-02-19,7.295,61,6.6107,1268609
군함도,영화,"[18, 10752]",2017-07-26,7.162,297,5.993,436391
서울의 봄,영화,"[18, 53, 28, 10752, 36, 80]",2023-11-22,7.6,148,6.3224,919207
괴기열차,영화,"[27, 9648]",2025-07-09,7.339,140,5.9506,1241624
최종병기 활,영화,"[18, 28, 36]",2011-08-10,7.193,296,5.4649,79224
무도실무관,영화,"[28, 35, 80, 18]",2024-09-12,7.684,378,6.4989,1139817
공동경비구역 JSA,영화,"[18, 53, 9648]",2000-09-09,7.828,867,6.337,2440
탈출: 프로젝트 사일런스,영화,"[53, 28, 27, 878, 12]",2024-07-11,6.854,418,6.3682,726139
은교,영화,"[18, 10749]",2012-04-25,6.748,103,5.4697,118451
해피 엔드,영화,"[18, 10749]",1999-12-11,6.6,78,5.3334,27154
브로커,영화,[18],2022-06-08,7.164,565,5.7547,736732
감기,영화,"[28, 878, 53]",2013-08-14,7.516,1293,6.2199,200085
굿뉴스,영화,"[53, 35, 36]",2025-09-05,6.882,93,5.4227,1296404
신세계,영화,"[53, 80, 18, 28]",2013-02-21,7.427,557,5.5588,165213
콜,영화,"[53, 9648, 878]",2020-11-23,7.47,1016,5.4742,575604
카터,영화,"[28, 53, 80]",2022-08-05,5.978,436,5.4828,800345
콘크리트 유토피아,영화,"[53, 28]",2023-08-09,6.871,315,5.2565,729854
드림,영화,"[35, 18]",2023-04-26,6.908,130,5.1334,636173
황해,영화,"[18, 53, 80]",2010-12-22,7.343,605,4.8653,57361
괴기맨숀,영화,"[27, 53]",2021-06-30,7.196,258,5.5697,842033
더 킬러: 죽어도 되는 아이,영화,"[28, 80, 53]",2022-07-13,7.637,433,5.1581,938008
노이즈,영화,"[27, 53]",2025-06-25,6.6,100,4.8505,1194963
명량,영화,"[10752, 28, 18, 36]",2014-07-30,6.99,337,4.8205,282631
상류사회,영화,[18],2018-08-29,5.508,60,4.8734,543753
하녀,영화,"[53, 18]",2010-05-13,6.339,391,4.6865,45202
헌트,영화,"[28, 9648, 18]",2022-08-10,6.8,217,5.3087,727340
빈집,영화,"[18, 10749, 80]",2004-10-15,7.822,1295,4.5526,1280
해적: 도깨비 깃발,영화,"[28, 12, 35, 14]",2022-01-26,6.535,228,5.14,591120
색즉시공 시즌 2,영화,"[10749, 35]",2007-12-12,5.6,71,4.8345,21647
극한직업,영화,"[28, 35, 80]",2019-01-23,7.17,364,4.691,567646
위쳐: 세이렌의 바다,영화,"[16, 14, 28]",2025-02-10,6.8,287,4.0209,1203329
해운대,영화,"[28, 18, 53]",2009-07-22,6.882,500,4.918,33196
동화지만 청불입니다,영화,"[35, 10749]",2025-01-08,7.4,22,4.713,1174128
킹덤: 아신전,영화,"[18, 14, 53]",2021-07-23,7.105,647,5.5314,845222
스마트폰을 떨어뜨렸을 뿐인데,영화,"[53, 80, 9648]",2023-02-17,7.288,416,4.3676,740441
알포인트,영화,"[28, 36, 27]",2004-08-13,6.6,189,4.4352,16138
공작,영화,"[18, 36, 53]",2018-08-08,7.341,223,4.8834,517991
모럴센스,영화,"[10749, 35]",2022-02-11,6.748,319,4.6289,760517
야당,영화,"[80, 28, 35, 18, 53]",2025-04-16,6.977,44,4.7467,1137179
길복순,영화,"[28, 18, 53, 80]",2023-02-18,6.902,564,5.1508,849869
모가디슈,영화,"[10752, 28, 53, 18, 36]",2021-07-28,7.1,213,5.231,607844
엽기적인 그녀,영화,"[18, 35, 10749]",2001-07-27,7.5,675,4.0015,11178
성난황소,영화,"[80, 28, 53, 35]",2018-11-22,7.475,216,4.6017,554972
시,영화,[18],2010-05-13,7.6,348,4.1874,47909
악녀,영화,"[28, 53]",2017-06-08,6.919,788,5.1851,437109
야차,영화,"[28, 80, 53]",2022-04-08,6.654,260,4.5237,606402
불한당: 나쁜 놈들의 세상,영화,"[28, 80, 9648]",2017-05-17,7.2,144,4.4231,451997
청설,영화,"[10749, 18]",2024-11-06,7.698,43,4.2726,1160981
BTS: 더 리턴,영화,"[99, 10402]",2026-03-27,8.5,49,4.0886,1628116
박쥐,영화,"[18, 27, 53]",2009-04-30,7.118,1115,4.8743,22536
워킹걸,영화,"[35, 10749]",2015-01-07,5.659,22,3.6895,318541
타짜: 신의 손,영화,"[80, 18]",2014-09-03,6.932,103,4.1293,290865
이 별에 필요한,영화,"[16, 10749, 878, 18]",2025-05-30,7.4,166,4.191,1165642
계시록,영화,"[53, 80, 9648]",2025-03-20,6.366,213,4.6628,1210938
안시성,영화,"[10752, 36, 28]",2018-09-19,6.737,196,4.33,535389
오직 그대만,영화,"[10749, 18]",2011-10-20,7.806,317,4.0365,86000
널 기다리며,영화,"[80, 53]",2016-03-10,7.175,83,4.0177,390433
BTS 컴백 라이브: ARIRANG,영화,"[10402, 99]",2026-03-21,8.8,114,3.9991,1628123
싱크홀,영화,"[35, 18]",2021-08-11,6.907,167,4.3757,623135
협상,영화,"[80, 28, 53]",2018-09-19,7.073,165,3.8615,542836
여교사: 제자와의 사랑,영화,[10749],2018-08-02,5.7,3,4.017,538338
해적: 바다로 간 산적,영화,"[28, 12, 35, 14]",2014-08-06,7.023,242,4.6188,285213
낙원의 밤,영화,"[80, 53, 28]",2020-09-03,6.928,311,5.3404,606523
외계+인 2부,영화,"[28, 14, 12, 878]",2024-01-10,6.693,867,4.1688,626412
"전,란",영화,"[28, 18, 36]",2024-10-02,7,213,4.0548,1075676
노량: 죽음의 바다,영화,"[10752, 28, 36, 18]",2023-12-20,6.369,165,4.714,660360
"좋은 놈, 나쁜 놈, 이상한 놈",영화,"[28, 12, 35, 37]",2008-07-16,7.152,839,4.0566,15067
서울대작전,영화,"[28, 80, 35]",2022-08-26,6.5,179,4.2067,773867
다만 악에서 구하소서,영화,"[80, 28, 18]",2020-08-05,6.864,242,4.2876,581526
귀공자,영화,"[28, 53, 18]",2023-06-21,7.2,197,4.4423,1057001
암살,영화,"[28, 53, 18, 36]",2015-07-22,7.294,286,3.967,291549
내안의 그놈,영화,"[14, 35, 28]",2019-01-09,7.8,155,4.3082,560527
미인도,영화,"[18, 10749]",2008-11-13,6.2,40,3.9715,60192
감시자들,영화,"[80, 28, 53]",2013-07-03,7.527,384,4.1157,204553
도둑들,영화,"[28, 80]",2012-07-25,6.727,339,3.9492,124157
독전,영화,"[80, 28, 53]",2018-05-22,7.2,194,3.8042,518963
정이,영화,"[878, 28, 12, 18]",2023-01-12,6.093,693,4.0112,843794
탈주,영화,"[28, 18, 53]",2024-07-03,7.25,86,3.9539,921436
해바라기,영화,"[80, 18]",2006-11-23,6.912,57,3.7681,49283
인천상륙작전,영화,"[36, 18, 10752, 28]",2016-07-27,5.8,230,4.13,407887
유열의 음악앨범,영화,"[10749, 18]",2019-08-28,7.721,326,3.881,570503
늑대소년,영화,"[10749, 14]",2012-10-31,7.663,291,3.9682,128246
천박사 퇴마 연구소: 설경의 비밀,영화,"[14, 9648, 28]",2023-09-27,6.224,58,4.3615,950253
특송,영화,"[28, 80]",2022-01-12,7.076,229,3.8647,606403
조작된 도시,영화,"[28, 53, 80]",2017-02-09,7.651,365,4.2668,435366
베테랑,영화,"[28, 80, 35, 53]",2015-08-05,6.9,257,3.969,346646
엑시트,영화,"[28, 35]",2019-07-31,7.619,310,4.0423,572164
밀수,영화,"[80, 28]",2023-07-26,6.537,82,3.2315,783110
더 문,영화,"[18, 12, 878]",2023-08-02,6.514,217,3.5803,753091
살인자 리포트,영화,"[18, 53]",2025-09-05,7.3,34,3.7396,1151766
지금 만나러 갑니다,영화,"[10749, 18, 14]",2018-03-14,8.2,224,3.7047,499028
로기완,영화,"[10749, 18]",2024-02-19,7.272,158,4.0327,1039882
살인자의 기억법,영화,"[80, 9648, 53]",2017-09-07,7.429,390,4.06,432836
청년경찰,영화,"[35, 28, 80, 53]",2017-08-09,7.557,255,3.6327,453127
베테랑 2,영화,"[28, 80, 35]",2024-09-13,7,101,3.5095,995926
잠,영화,"[27, 9648, 53]",2023-09-06,6.706,255,4.2806,964592
사바하,영화,"[27, 9648, 53, 80]",2019-02-20,6.724,221,3.5363,556509
반창꼬,영화,"[18, 10749, 35]",2012-12-19,7.338,102,3.3724,146724
타짜,영화,"[80, 35]",2006-09-28,6.9,100,3.5036,38015
독전 2,영화,"[53, 28, 80]",2023-10-05,6.707,116,3.5557,958263
담보,영화,"[35, 18, 10751]",2020-09-29,8.3,74,3.6145,589174
나쁜 녀석들: 더 무비,영화,"[28, 80]",2019-09-11,7.029,173,3.4863,585831
미션 파서블,영화,"[35, 28, 53]",2021-02-17,7.448,201,3.6135,629028
대호,영화,"[28, 36, 12, 18]",2015-12-16,7.6,282,3.7139,363093
넘버원,영화,"[14, 18]",2026-02-11,5.9,12,3.6384,1411577
타짜: 원 아이드 잭,영화,"[80, 18]",2019-09-11,6.1,38,3.3334,574302
판도라,영화,"[53, 18, 28]",2016-12-07,7.536,515,3.5863,429450
우는 남자,영화,"[28, 53, 18]",2014-06-04,7.287,307,3.8318,265851
럭키,영화,"[28, 35, 80]",2016-10-13,7.168,152,3.257,421928
7번방의 선물,영화,"[18, 35]",2013-01-23,7.892,504,4.0867,158445
강남 1970,영화,"[28, 80, 53]",2015-01-21,6.351,97,3.9098,297721
싸이보그지만 괜찮아,영화,"[18, 35, 10749]",2006-12-07,7.047,620,3.3419,5488
리멤버,영화,"[53, 28, 18]",2022-10-26,7.6,107,3.7927,633374
동창생,영화,"[28, 53, 18]",2013-11-05,7.232,142,3.5681,235704
공조 2: 인터내셔날,영화,"[28, 35]",2022-09-07,7,70,3.3453,736820
프로젝트 Y,영화,"[80, 18]",2026-01-21,6.1,16,3.6029,1401542
리턴 투 서울,영화,[18],2022-11-18,6.246,489,3.3847,952701
84제곱미터,영화,"[53, 18]",2025-07-17,6.164,277,3.259,1269208
아수라,영화,"[28, 80, 53]",2016-09-28,6.798,124,3.6065,408620
내 머리 속의 지우개,영화,"[18, 10749]",2004-11-05,7.782,379,3.2867,15859
소울메이트,영화,"[18, 10749]",2023-03-15,7.9,100,3.6899,617882
프리즌,영화,"[80, 28]",2017-03-23,7.104,111,3.3147,438798
대도시의 사랑법,영화,"[10749, 18]",2024-10-01,7.851,77,4.0249,1154154
리얼,영화,"[28, 80, 53]",2017-06-28,5.23,74,3.3696,437633
보고타: 마지막 기회의 땅,영화,"[53, 80, 18]",2024-12-31,7,101,5.2618,636279
새콤달콤,영화,"[18, 10749, 35]",2021-06-04,7.701,256,3.4506,662237
제8일의 밤,영화,"[9648, 53, 27]",2021-07-02,6.177,167,4.0238,604360
뷰티 인사이드,영화,"[14, 10749]",2015-08-20,7.659,290,3.0331,338729
김씨 표류기,영화,"[18, 35, 10749]",2009-05-14,7.906,744,3.6868,18438
시월애,영화,"[18, 10749, 14]",2000-09-09,7.4,198,3.0747,12650
걸캅스,영화,"[28, 35, 80]",2019-05-09,6.919,80,3.4309,571786
남한산성,영화,"[10752, 18, 36, 28]",2017-10-03,6.785,163,3.4225,437081
해치지않아,영화,"[35, 18]",2020-01-15,6.253,87,3.3536,575718
섬,영화,"[18, 53]",2000-04-22,6.923,378,3.4635,8653
변신,영화,"[27, 53]",2019-08-21,7.056,195,2.9837,581531
리틀 포레스트,영화,[18],2018-02-28,7.608,180,3.6747,448491
내일의 기억,영화,"[9648, 53]",2021-04-21,6.966,104,3.4798,602302
범죄와의 전쟁: 나쁜놈들 전성시대,영화,"[80, 53]",2012-02-02,6.9,190,3.0755,89501
밀양,영화,[18],2007-05-23,7.213,239,3.0071,2015
끝까지 간다,영화,"[80, 53, 9648, 28]",2014-05-29,7.081,521,3.1936,269494
장산범,영화,"[27, 53]",2017-08-17,6.329,175,2.7888,437108
쎄시봉,영화,"[35, 10749, 18]",2015-02-05,6.9,18,4.3301,348613
국제시장,영화,[18],2014-12-17,7.401,142,3.0337,313108
얼굴,영화,"[9648, 53]",2025-09-11,7,37,3.1966,1316719
육사오（6/45）,영화,[35],2022-08-24,6.821,53,3.0686,821153
회사원,영화,"[18, 28, 80, 53]",2012-10-11,6.9,217,3.1587,134126
박하사탕,영화,[18],2000-01-01,7.505,307,2.9307,41245
교섭,영화,"[28, 53, 18]",2023-01-18,5.774,62,3.0278,606400
지구를 지켜라!,영화,"[35, 878, 80]",2003-04-04,7.006,252,2.7284,11297
구원자,영화,"[27, 53, 18]",2025-11-05,6,8,3.2917,1447032
너의 결혼식,영화,"[10749, 18]",2018-08-22,7.5,193,3.0204,532444
1987,영화,"[18, 36, 53]",2017-12-27,8,183,3.112,437103
용서는 없다,영화,"[80, 53, 28]",2010-01-07,7.408,213,2.9469,50475
극장판 슈퍼윙스: 맥시멈 스피드,영화,"[16, 28, 12, 35, 10751, 878]",2023-07-20,6.3,9,3.2616,1148189
서울역,영화,"[16, 27, 878, 28, 53]",2016-08-17,6.534,500,2.8216,389868
대외비,영화,"[80, 53, 18]",2023-03-01,6.074,34,2.7064,640327
바르게 살자,영화,"[35, 28, 80]",2007-08-18,7.31,87,2.9009,38963
베를린,영화,"[28, 53, 80]",2013-01-30,6.675,231,3.0034,160704
순수의 시대,영화,"[10749, 18, 36]",2015-03-05,6.8,55,2.991,333167
쉬리,영화,"[28, 12, 18, 53]",1999-02-13,6.392,195,3.0735,10355
은밀하게 위대하게,영화,"[28, 18, 35]",2013-06-05,6.989,218,3.4458,199584
타겟,영화,"[53, 9648, 80]",2023-08-30,6.793,91,2.9056,813079
시스터,영화,"[80, 53]",2026-01-28,5.778,9,2.9064,1394098
터널,영화,"[53, 18]",2016-08-10,7.29,661,3.3339,390497
승부,영화,"[18, 36]",2025-03-26,7.278,88,2.9249,760497
크로스,영화,"[28, 35]",2024-08-08,6.964,165,2.9677,1002088
사냥의 시간,영화,"[18, 28, 53]",2020-02-22,7.118,353,2.7415,571785
발신제한,영화,"[28, 80, 18, 53]",2021-06-23,7.5,225,2.9664,654739
하얼빈,영화,"[28, 53, 36, 10752]",2024-12-24,7.294,51,2.7553,610251
거미집,영화,"[35, 18]",2023-09-27,6.527,113,3.168,901121
클래식,영화,"[18, 10749]",2003-01-30,7.61,191,3.3187,42190
용의자,영화,"[28, 53]",2013-12-24,6.909,215,2.8526,242454
히트맨,영화,"[28, 35]",2020-01-22,7.04,88,2.8121,604362
82년생 김지영,영화,[18],2019-10-23,7.4,116,3.1512,586048
지금은맞고그때는틀리다,영화,"[18, 10749]",2015-09-24,7.009,167,2.9603,354275
백야행: 하얀 어둠 속을 걷다,영화,"[9648, 10749, 53]",2009-11-19,6.174,46,2.9528,51393
마당을 나온 암탉,영화,"[16, 10751, 12, 18]",2011-07-28,7.8,146,2.9111,89623
동네사람들,영화,"[28, 80, 53, 9648]",2018-11-07,7.6,114,3.1761,549590
원더랜드,영화,"[878, 18]",2024-06-05,7.1,125,2.7129,635996
리벤져,영화,"[28, 80, 53]",2018-12-06,5.611,176,2.9648,557968
고지전,영화,"[18, 28, 10752]",2011-07-20,7.178,205,2.9333,79553
플란다스의 개,영화,"[35, 80, 18]",2000-02-19,6.759,311,2.9989,21531
전우치,영화,"[12, 28, 35, 14]",2009-12-23,6.8,147,2.7812,40171
타워,영화,"[28, 18]",2012-12-25,7.011,321,2.8518,154030
창궐,영화,"[28, 27, 18, 14]",2018-10-25,6.781,240,3.1281,537190
악마가 이사왔다,영화,"[10749, 35, 9648]",2025-08-13,7.1,33,2.7339,873797
밤의 해변에서 혼자,영화,[18],2017-03-23,6.566,159,2.7698,434773
피끓는 청춘,영화,"[10749, 18, 35]",2014-01-22,7.073,116,2.7194,252067
옥수역귀신,영화,"[27, 9648]",2023-04-19,6.5,93,2.8257,844386
남산의 부장들,영화,"[18, 53]",2020-01-22,7.096,156,2.962,566397
연애 빠진 로맨스,영화,"[10749, 35]",2021-11-24,6.789,45,2.9763,736545
여교사,영화,[18],2017-01-04,5.4,29,2.3952,428395
사흘,영화,"[27, 9648]",2024-11-14,6.3,37,2.2978,660355
방법: 재차의,영화,"[53, 9648, 27]",2021-07-28,7.417,150,2.9823,724885
미녀는 괴로워,영화,"[18, 35, 10749]",2006-12-14,6.8,353,2.7682,18377
남자가 사랑할 때,영화,"[18, 10749]",2014-01-22,7.145,55,2.7029,258313
친구 2,영화,"[18, 28, 80]",2013-11-14,6.6,34,3.3857,238010
파일럿,영화,[35],2024-07-31,7.453,53,2.8683,965094
브로큰,영화,"[9648, 53]",2025-02-05,6.3,39,2.6952,766369
마약왕,영화,"[80, 28, 18]",2018-12-19,6.311,167,3.0038,497370
조폭 마누라 3,영화,"[35, 28, 18]",2006-12-28,5.906,53,3.3592,42324
건축학개론,영화,"[35, 10749]",2012-03-22,7.297,143,2.4081,107235
"광해, 왕이 된 남자",영화,"[18, 36]",2012-09-13,7.7,177,2.5679,133200
기적,영화,[18],2021-09-15,7.378,74,2.9735,730823
펜트하우스 코끼리,영화,"[10749, 18]",2009-11-05,4.864,22,2.3943,40099
클로젯,영화,"[27, 53]",2020-02-05,7.146,206,2.8974,571625
관상,영화,"[18, 36]",2013-09-11,6.953,106,2.4478,220176
사자,영화,"[28, 27, 53]",2019-07-31,6.721,292,2.8852,571627
점박이: 한반도의 공룡 3D,영화,"[16, 12]",2012-01-26,6.448,29,2.6663,128475
비공식작전,영화,"[28, 53, 18]",2023-08-02,6.653,59,2.5022,581395
유령,영화,"[28, 53, 80]",2023-01-18,6.9,70,3.2,715253
블랙핑크: 세상을 밝혀라,영화,"[99, 10402]",2020-10-14,8.166,528,2.6034,740996
도희야,영화,[18],2014-05-22,6.9,189,2.4919,266058
강철비,영화,"[28, 53]",2017-12-14,7.083,217,3.1653,435841
주홍글씨,영화,"[53, 9648, 80, 10749]",2004-10-29,6.4,49,2.2518,56485
연의 편지,영화,"[16, 18, 9648, 12]",2025-10-01,7.526,19,2.4127,717787
아라한 장풍 대작전,영화,"[14, 28, 35, 53]",2004-04-30,6.604,134,2.4471,13970
도굴: 패왕총,영화,[],2020-12-04,0,0,2.5071,994305
실미도,영화,"[28, 18]",2003-12-24,7.121,136,2.3318,19644
지푸라기라도 잡고 싶은 짐승들,영화,"[9648, 53, 80, 18]",2020-02-19,7.066,280,2.6605,571648
물괴,영화,"[28, 27, 18, 14]",2018-09-12,6.485,204,2.2811,523593
노란문: 세기말 시네필 다이어리,영화,[99],2023-10-06,6.9,9,2.5748,1056099
"협녀, 칼의 기억",영화,"[18, 36, 28]",2015-08-13,6.592,109,2.4788,348689
히트맨 2,영화,"[28, 35]",2025-01-22,6.227,22,2.5828,1129923
화이: 괴물을 삼킨 아이,영화,"[28, 53, 80]",2013-10-09,7.4,258,2.6843,214910
도굴,영화,"[35, 12, 80]",2020-11-04,7.163,40,2.2309,605680
검은 사제들,영화,"[9648, 53, 27]",2015-11-05,6.9,140,2.1665,360551
6시간 후 너는 죽는다,영화,"[53, 9648]",2024-10-16,6.5,50,3.0788,1147266
지금 사랑하는 사람과 살고 있습니까?,영화,"[18, 10749]",2007-08-15,5.292,12,2.3657,41186
압꾸정,영화,[35],2022-11-30,5.5,25,2.4188,717090
뉴 노멀,영화,"[27, 53, 9648]",2023-11-08,6.4,12,2.4834,987072
시동,영화,"[18, 28, 35]",2019-12-18,6.9,74,2.5251,581530
봉오동 전투,영화,"[36, 28, 10752]",2019-08-07,7.538,53,2.615,573791
내부자들,영화,"[80, 18]",2015-11-19,6.976,147,2.6495,293413
미스터 주: 사라진 VIP,영화,"[35, 28, 14]",2020-01-22,7,35,3.272,572197
뺑반,영화,"[80, 28]",2019-01-30,7.2,80,2.5488,568320
결백,영화,"[80, 53]",2020-06-10,7.724,107,2.8623,602296
스위치,영화,"[35, 18, 14]",2023-01-04,6.632,38,2.6419,773910
연가시,영화,"[53, 18]",2012-07-05,6.559,119,2.6633,121491
윗집 사람들,영화,[35],2025-12-03,5.7,10,2.6681,1400501
차이나타운,영화,"[18, 53]",2015-04-29,6.987,114,2.4924,336744
도어락,영화,"[53, 80, 9648]",2018-12-05,7.426,175,2.6343,563103
비스트,영화,"[80, 28, 53, 9648]",2019-06-26,6.716,104,2.1874,575754
기묘한 가족,영화,"[35, 27, 18]",2019-02-13,6.796,93,2.6956,572151
반드시 잡는다,영화,"[53, 80, 18, 9648]",2017-11-29,6.68,103,2.0844,488621
사이버 지옥: n번방을 무너뜨려라,영화,"[80, 18]",2022-05-17,7.207,104,2.4881,965143
헬로우 고스트,영화,"[35, 18, 10749, 10751]",2010-12-23,7.569,123,2.2561,62439
강릉,영화,"[28, 80, 18]",2021-11-10,6.1,22,2.7011,752886
침입자,영화,"[9648, 53]",2020-06-04,6.7,92,2.3036,602291
제인의 썸머,영화,"[10749, 18]",2020-06-18,4.944,9,2.4657,717915
세계의 주인,영화,[18],2025-10-22,7.819,36,2.4114,1317512
하트맨,영화,"[10749, 35, 10402]",2026-01-14,5.6,5,2.1758,863149
나의 PS 파트너,영화,"[10749, 35]",2012-12-06,6.793,104,2.5294,171587
초록물고기,영화,[18],1997-02-07,6.915,82,2.3001,95482
변호인,영화,"[36, 18]",2013-12-18,7.8,229,2.1439,242452
써니,영화,"[18, 35]",2011-05-04,7.797,195,2.352,77117
오감도,영화,"[10749, 18]",2009-07-09,5.04,25,2.4719,54225
더 킹,영화,"[80, 28]",2017-01-18,7.309,89,2.4989,434724
사라진 밤,영화,"[53, 80, 9648]",2018-03-07,7.429,119,2.3995,509467
클레어의 카메라,영화,[18],2018-03-07,6.2,77,5.1498,432507
그녀가 죽었다,영화,"[53, 9648]",2024-05-15,7,56,2.3955,743815
해무,영화,"[53, 18]",2014-08-13,6.858,180,2.4169,272691
강철비 2: 정상회담,영화,"[28, 53, 10752]",2020-07-29,7.029,70,2.5271,606906
연평해전,영화,"[10752, 36]",2015-06-24,6.6,53,2.1378,343843
여교수의 은밀한 매력,영화,"[35, 10749]",2006-03-16,4.111,18,2.7215,107540
태양의 노래,영화,"[10402, 18, 10749]",2025-05-16,6.615,13,2.4745,1000520
검사외전,영화,"[80, 35, 28]",2016-02-03,6.984,123,2.2525,378348
염력,영화,"[14, 28, 35]",2018-01-31,6.273,343,2.5606,452015
스윙키즈,영화,"[18, 10752]",2018-12-19,8.034,89,1.8248,554779
왕의 남자,영화,"[18, 36, 53]",2005-12-29,6.983,120,2.0799,45035
오아시스,영화,"[18, 10749]",2002-08-09,7.736,286,2.1201,26955
비밀은 없다,영화,"[53, 18]",2016-06-23,6.825,63,2.2741,401133
가려진 시간,영화,"[14, 18]",2016-11-10,7.195,187,2.2776,382217
동감,영화,"[10749, 18]",2022-11-16,6.8,62,2.1766,962489
PMC: 더 벙커,영화,"[28, 53]",2018-12-26,6.906,127,2.4203,557972
궁합,영화,[10749],2020-04-17,2,1,2.5857,694939
올빼미,영화,"[53, 9648, 36]",2022-11-23,7.336,67,2.3548,806128
신의 한 수: 귀수편,영화,"[80, 28]",2019-11-07,7,34,2.352,580626
어른들은 몰라요,영화,[18],2021-04-15,6.843,35,2.3584,671040
백남준: 달은 가장 오래된 TV,영화,[99],2023-03-24,6.8,10,2.044,916738
오늘의 연애,영화,"[35, 10749]",2015-01-14,6.7,49,2.1123,313628
사도,영화,"[18, 36]",2015-09-16,7.073,103,2.6436,315439
증인,영화,[18],2019-02-13,7.765,85,2.3903,570508
R2B: 리턴 투 베이스,영화,"[28, 18, 10749]",2012-08-15,6.628,148,2.3761,124294
백만장자의 첫사랑,영화,"[18, 10749]",2006-02-09,7.278,88,2.3838,40211
여고괴담 세 번째 이야기: 여우계단,영화,[27],2003-08-01,6.186,110,2.6105,32237
내가 살인범이다,영화,"[28, 53]",2012-11-08,7.111,334,2.0548,140212
몽타주,영화,"[53, 18, 80, 9648]",2013-05-16,7.272,208,2.7019,195276
킬링 로맨스,영화,"[53, 35]",2023-04-14,6.4,21,2.2483,746349
도그데이즈,영화,"[18, 35]",2024-02-07,7.6,15,2.1016,876127
친구,영화,"[28, 18, 80]",2001-03-31,6.898,103,2.2112,19635
말죽거리 잔혹사,영화,"[10749, 18, 28]",2004-01-15,7.311,95,2.0209,49214
비와 당신의 이야기,영화,"[10749, 18]",2021-04-28,5.9,22,2.3017,656159
가장 보통의 연애,영화,"[10749, 35]",2019-10-02,6.8,43,2.1746,579188
윤희에게,영화,"[10749, 18]",2019-11-14,7.1,65,2.2559,578209
보호자,영화,"[28, 53, 18]",2023-08-15,6.6,116,2.4146,656156
새해전야,영화,"[18, 10749]",2021-02-10,6.5,33,2.4324,622024
오싹한 연애,영화,"[27, 35, 14, 10749]",2011-12-01,7.5,212,2.3983,92499
꾼,영화,"[80, 28, 53]",2017-11-22,6.7,105,2.5956,478187
그날의 분위기,영화,"[10749, 35]",2016-01-14,7.2,52,2.287,376252
더 테러 라이브,영화,"[80, 18, 53]",2013-07-31,7.188,284,2.0292,209764
파란,영화,"[18, 9648, 53, 80]",2025-04-09,6.2,4,1.8797,1106525
B컷,영화,"[28, 80, 53]",2022-03-30,5,13,2.1989,930750
부당거래,영화,"[80, 53]",2010-10-28,6.6,120,2.1218,61062
오! 수정,영화,"[10749, 18]",2000-05-27,6.432,59,1.7176,54690
웰컴 투 동막골,영화,"[35, 18, 10752]",2005-08-04,7.439,204,2.0465,14968
싱글 인 서울,영화,"[10749, 35]",2023-11-29,6.2,17,1.9919,717088
더 폰,영화,"[53, 28, 9648]",2015-10-22,6.9,52,2.2794,367882
다음 소희,영화,"[18, 53]",2022-11-21,7.25,142,2.1183,923344
밀애,영화,"[18, 53]",2002-11-07,5.029,17,2.2786,5252
뽀로로 극장판 바닷속 대모험,영화,"[16, 10751, 12, 14]",2025-01-01,0,0,2.1478,1290773
암수살인,영화,"[80, 18]",2018-10-03,6.598,92,2.1231,544627
화산고,영화,"[28, 35]",2001-12-08,6.016,91,3.097,23834
미쓰 와이프,영화,[35],2015-08-13,7.4,32,1.8122,342055
신의 한 수,영화,"[28, 80]",2014-07-03,6.7,108,1.9755,281298
악의 연대기,영화,"[53, 80]",2015-05-14,7.2,75,2.2757,340746
형,영화,"[18, 35]",2016-11-24,7.981,129,2.5199,426166
그물,영화,[18],2016-10-06,7.364,206,2.1798,412094
시민덕희,영화,"[35, 80]",2024-01-24,7.514,37,2.2908,696047
화란,영화,"[80, 18]",2023-10-11,5.8,36,2.4601,1028684
초능력자,영화,"[53, 878, 28]",2010-11-10,6.4,82,2.0029,68252
나의 사랑 나의 신부,영화,"[35, 10749]",2014-10-08,6.9,40,2.1206,297558
원라인,영화,"[80, 53]",2017-03-29,6.6,36,2.0344,442014
군도: 민란의 시대,영화,"[28, 18]",2014-07-23,6.6,135,2.0509,281780
의형제,영화,"[53, 28, 18]",2010-02-04,6.436,149,1.8729,50090
벌새,영화,[18],2019-08-28,7.554,121,1.9772,547404
계춘할망,영화,[18],2016-05-19,7.895,57,2.093,387886
두 여자,영화,"[18, 10749]",2010-11-18,4.867,15,1.9465,59866
아빠는 딸,영화,"[14, 18, 35]",2017-04-12,7.3,19,1.7912,451105
천문: 하늘에 묻는다,영화,"[36, 18]",2019-12-26,7.1,21,2.093,569267
괜찮아 괜찮아 괜찮아!,영화,"[18, 35]",2025-02-26,7.3,15,1.7859,1174188
인질,영화,[28],2021-08-18,6.8,40,2.101,602463
GP506,영화,"[27, 9648]",2008-04-03,5.464,69,2.0772,16882
"당신, 거기 있어줄래요",영화,"[18, 14]",2016-12-14,7.2,53,2.2546,422576
뜨거운 피,영화,"[80, 28, 53]",2022-03-23,6.318,22,1.9758,599333
사랑의 하츄핑,영화,"[16, 10751, 12, 14]",2024-08-07,7.7,5,2.0269,1275096
루시드 드림,영화,"[878, 53]",2017-02-22,6.4,230,2.1428,436994
미쓰백,영화,"[18, 53, 80]",2018-10-11,7.4,55,1.9766,544814
무방비 도시,영화,"[28, 80]",2008-01-10,6.767,43,1.8045,24037
누구의 딸도 아닌 해원,영화,[18],2013-02-28,6.516,61,2.0446,160075
나의 특별한 형제,영화,"[35, 18]",2019-05-01,8.21,62,2.2788,571787
이웃사촌,영화,"[18, 35]",2020-11-25,7.5,19,1.9113,636282
봄날은 간다,영화,"[18, 10749]",2001-09-28,6.907,54,2.1366,95453
7급 공무원,영화,"[28, 35, 10749]",2009-04-04,6.267,105,1.9442,18374
서울괴담,영화,"[27, 14]",2022-04-27,6.477,22,2.3077,957154
리바운드,영화,[18],2023-04-05,7.167,15,1.9186,936243
삼진그룹 영어토익반,영화,"[18, 35]",2020-10-21,7.7,40,2.438,630211
라방,영화,[80],2023-06-28,5.4,11,2.0565,1034871
기방도령,영화,"[35, 10749, 36]",2019-07-10,6.3,23,1.7345,598440
스트리밍,영화,"[53, 9648, 80]",2025-03-21,4.867,15,2.0512,764842
일대일,영화,"[18, 80]",2014-05-22,6.123,53,1.8912,270759
내 아내의 모든 것,영화,"[35, 10749]",2012-05-17,6.575,53,1.9883,116488
짝패,영화,"[28, 53, 80]",2006-05-25,6.6,151,2.2903,20605
여자는 남자의 미래다,영화,"[18, 10749]",2004-05-05,6.072,69,1.6873,16447
아이 캔 스피크,영화,"[18, 35]",2017-09-21,7.9,71,1.6711,470524
과속스캔들,영화,"[35, 18]",2008-12-03,7.226,106,1.8148,18384
목격자,영화,"[53, 80]",2018-08-15,6.724,105,1.995,529569
화려한 휴가,영화,"[18, 36]",2007-07-25,6.9,48,1.8977,58069
그것만이 내 세상,영화,"[18, 35]",2018-01-17,8,48,1.973,438623
하모니,영화,"[18, 10402]",2010-01-28,7.615,39,2.1736,40167
집으로 가는 길,영화,[18],2013-12-11,7.569,65,1.8372,242458
극장의 시간들,영화,[18],2026-03-18,6.5,2,1.815,1535349
경관의 피,영화,[80],2022-01-05,6.6,39,1.8534,610321
사생결단,영화,[28],1975-08-01,9,1,1.8414,588166
카트,영화,[18],2014-11-13,7.2,40,1.5934,287647
골든슬럼버,영화,"[28, 53]",2018-02-14,6.7,54,1.9464,500699
불도저에 탄 소녀,영화,"[9648, 18]",2022-04-07,7.034,29,1.8166,783127
결혼전야,영화,"[10749, 35]",2013-11-21,6.1,13,2.062,237490
핑크퐁 시네마 콘서트: 우주대탐험,영화,"[16, 10751, 10402, 878]",2019-12-08,4.714,7,2.059,649233
필사의 추격,영화,"[28, 12, 35, 80]",2024-08-21,5.6,7,1.9074,1063814
소리도 없이,영화,"[18, 80]",2020-10-15,7.411,96,1.7555,606740
남매의 집,영화,"[18, 53]",2009-05-01,6.5,4,2.1014,132946
완벽한 타인,영화,"[18, 35]",2018-10-31,7.2,59,1.8366,548352
부라더,영화,[35],2017-11-02,6.297,32,1.9207,485442
고양이: 죽음을 보는 두 개의 눈,영화,"[27, 9648]",2011-07-07,6.7,107,1.991,75931
해빙,영화,[53],2017-03-01,6.647,68,1.9457,435809
앵커,영화,"[53, 9648, 27]",2022-04-20,6.022,46,1.7971,626129
기술자들,영화,"[28, 80, 18]",2014-12-24,6.9,99,1.9461,300433
집으로...,영화,"[18, 10751]",2002-04-05,7.987,239,2.4799,33251
라바 펜던트,영화,"[35, 10751, 16]",2022-05-25,7.3,83,2.0734,973608
판소리 복서,영화,"[35, 18]",2019-10-09,6.8,15,2.0655,578211
해어화,영화,"[10749, 18, 36]",2016-04-13,7.8,65,1.9411,385261
조선명탐정: 사라진 놉의 딸,영화,"[28, 9648, 35]",2015-02-11,6.44,25,2.2024,328716
홈캠,영화,[27],2025-09-10,5.2,4,1.6441,1391014
국가부도의 날,영화,"[18, 36]",2018-11-28,6.838,65,1.9953,554137
블라인드,영화,[53],2011-08-10,7.3,137,2.1977,79374
번지점프를 하다,영화,"[10749, 18]",2001-02-03,6.5,55,1.7494,83013
허들,영화,[18],2025-12-03,5.7,3,1.7245,1379775
김종욱 찾기,영화,"[35, 10749]",2010-12-08,6.7,54,1.8746,64882
자산어보,영화,"[36, 18]",2021-03-31,7.8,39,1.7336,581390
장수상회,영화,"[35, 10749]",2015-04-09,7.9,23,1.918,329253
첫경험 3,영화,"[18, 10749]",2019-12-19,8,2,2.8362,662024
만추,영화,"[18, 10749]",2011-02-17,6.685,73,1.9488,91073
궁합,영화,"[35, 10749, 36]",2018-02-28,7.2,146,1.8345,500168
하이힐,영화,"[28, 18]",2014-06-01,6.885,104,1.7585,267573
8월의 크리스마스,영화,"[18, 10749]",1998-01-24,7.708,96,1.8247,26935
소방관,영화,[18],2024-12-04,7,17,1.8498,645985
댓글부대,영화,"[80, 18]",2024-03-27,5.6,16,1.6811,1007127
킹메이커,영화,"[18, 36]",2022-01-26,7.1,31,2.0143,573787
괴담만찬,영화,[27],2023-10-18,5.333,15,2.0835,1168166
여고괴담 여섯번째 이야기: 모교,영화,"[27, 9648]",2021-06-17,6.7,36,1.6386,602288
26년,영화,"[18, 53]",2012-11-29,6.8,74,1.7836,140380
불꽃처럼 나비처럼,영화,"[18, 28, 36, 10749]",2009-09-24,6.089,56,1.6687,41441
오빠생각,영화,"[18, 10752]",2016-01-21,8.3,27,1.7252,379880
무뢰한,영화,"[18, 80]",2015-05-15,6.475,40,1.7119,336053
허삼관,영화,[18],2015-01-14,7.1,35,1.6943,321191
뽀로로 극장판 슈퍼썰매 대모험,영화,[16],2013-11-17,5.4,11,1.608,226673
우리 형,영화,[18],2004-10-08,7,35,1.757,49213
히말라야,영화,"[12, 18]",2015-12-16,6.6,33,1.6038,374111
러브픽션,영화,"[35, 10749]",2012-02-29,6.6,24,1.9577,107434
혈의 누,영화,"[53, 9648]",2005-05-04,7,49,1.6258,45089
블랙머니,영화,"[80, 18, 53]",2019-11-13,7.1,30,1.8457,603314
댄싱퀸,영화,"[10749, 18, 35]",2012-01-18,6.2,29,1.5254,91596
명당,영화,"[18, 36]",2018-09-19,7.2,19,1.9515,544089
고死 두 번째 이야기: 교생실습,영화,[27],2010-07-28,5.8,86,1.5805,52414
뽀로로 극장판 보물섬 대모험,영화,"[16, 12, 14, 10751]",2019-04-25,7.5,6,1.6808,593959
화차,영화,"[9648, 53]",2012-03-08,7,91,1.9849,108972
아마존 활명수,영화,"[35, 18]",2024-10-30,6.3,19,2.1623,1148558
푸른소금,영화,"[28, 18, 10749]",2011-08-31,6.466,74,1.4497,81460
공범,영화,"[53, 18]",2013-10-24,6.3,47,1.4253,229878
극비수사,영화,"[80, 18]",2015-06-18,6.6,50,1.7017,344476
숨바꼭질,영화,"[53, 9648]",2013-08-14,6.557,105,1.7849,214209
영화는 영화다,영화,"[28, 80, 18]",2008-09-11,6.9,93,1.736,17593
크리스마스 캐럴,영화,"[28, 53]",2022-12-07,6.444,27,1.6671,882580
효자동 이발사,영화,"[36, 18, 35]",2004-05-05,7.1,40,1.4072,38053
멍뭉이,영화,"[10749, 35, 18, 10751]",2023-03-01,6.7,23,1.8387,610249
폭설,영화,"[18, 10749]",2024-10-23,6.5,13,1.5573,1104331
스파이,영화,"[28, 35]",2013-09-05,5.968,31,1.9319,221518
대가족,영화,"[18, 35]",2024-12-11,7.2,10,2.1057,1064205
말모이,영화,"[18, 35, 36]",2019-01-09,7.81,29,1.6823,564863
파주,영화,"[18, 10749]",2009-10-28,5.773,22,1.6979,36329
"미스터김, 영화관에 가다",영화,[99],2026-02-19,10,1,1.6189,1535977
메기,영화,"[18, 35]",2019-09-26,7.4,22,1.7377,546768
그녀를 믿지 마세요,영화,"[35, 10749]",2004-02-20,6.698,53,1.7797,18372
공기살인,영화,"[18, 9648]",2022-04-22,7.258,31,1.6584,731684
너와 나,영화,"[18, 10749]",2023-10-25,7.6,9,1.8004,972435
천군,영화,"[878, 28, 35]",2005-06-14,6.1,32,1.7652,37502
웅남이,영화,"[35, 28, 14]",2023-03-22,6,10,1.894,995063
탐정: 더 비기닝,영화,"[35, 80, 53]",2015-09-24,7,55,1.5963,359460
스물,영화,"[35, 18]",2015-03-25,7.1,116,1.7346,331251
미씽: 사라진 여자,영화,"[18, 9648, 53]",2016-11-30,6.75,62,1.6278,417199
헬머니,영화,[35],2015-03-05,7.7,13,2.185,333713
우아한 거짓말,영화,[18],2014-03-13,7.4,47,1.7247,257331
용의자X,영화,"[53, 9648]",2012-10-18,6.673,75,1.7011,138665
역린,영화,"[28, 36]",2014-04-30,7.2,59,1.6832,269340
7년의 밤,영화,"[53, 28, 18]",2018-03-28,5.783,23,1.6027,437083
도리화가,영화,"[10749, 18, 36, 10402]",2015-11-25,6.895,19,1.7004,366093
작업의 정석,영화,"[10749, 35]",2005-12-21,5.9,55,1.7312,20969
역모: 반란의 시대,영화,"[28, 18, 36]",2017-11-23,6.1,23,1.6607,488372
행복의 나라,영화,[18],2024-08-14,6.4,15,1.8939,783111
베베핀 극장판: 사라진 베베핀과 핑크퐁 대모험,영화,"[16, 10751, 14, 12]",2025-07-24,0,0,1.3491,1484919
취화선,영화,"[18, 36]",2002-05-10,6.985,67,1.7125,18302
조선명탐정: 각시투구꽃의 비밀,영화,"[9648, 28, 36, 35, 80]",2011-01-27,6.5,50,1.8317,64931
극장전,영화,[18],2005-05-27,6.739,90,1.6844,85550
악마들,영화,"[53, 80, 14]",2023-07-05,5.953,32,1.8741,952476
1947 보스톤,영화,[18],2023-09-27,6.8,18,2.0431,581394
임금님의 사건수첩,영화,"[12, 28, 35]",2017-04-26,6.8,20,1.7066,451914
정직한 후보,영화,[35],2020-02-12,6.3,35,1.7199,605193
전설의 주먹,영화,"[28, 18]",2013-04-10,7.093,59,1.7362,180651
씬,영화,"[27, 14, 9648]",2024-03-29,6.4,20,1.8822,1169340
침묵,영화,"[80, 53, 18]",2017-11-02,6.9,50,1.6013,437078
빈틈없는 사이,영화,"[10749, 35]",2023-07-05,6,16,1.7601,1005533
바람 바람 바람,영화,[35],2018-04-05,6.7,29,1.8709,511883
이끼,영화,"[18, 53, 80, 9648]",2010-07-14,6.896,96,1.7869,49087
스트리머,영화,[10749],2023-11-17,10,1,1.6939,1252499
미성년,영화,[18],2019-04-11,7.5,38,1.6432,571632
봉이 김선달,영화,"[36, 35]",2016-07-06,7.032,31,1.8783,385137
변산,영화,"[18, 10402]",2018-07-04,7.2,21,1.5923,529859
화사한 그녀,영화,"[18, 35]",2023-10-11,6.4,5,1.4171,941045
여타짜,영화,"[18, 80]",2021-12-08,4,4,1.5516,892856
아메바 소녀들과 학교괴담: 개교기념일,영화,"[27, 35]",2024-11-06,6.714,8,1.4597,1244810
항거: 유관순 이야기,영화,"[36, 18]",2019-02-27,8,11,1.4448,575752
극적인 하룻밤,영화,"[10749, 35]",2015-12-03,7,11,1.8231,373855
여고괴담 4: 목소리,영화,"[27, 9648]",2005-07-15,6.7,95,1.518,32170
사랑하기 때문에,영화,"[18, 14, 10749]",2017-01-04,7,32,1.6068,422545
연애의 온도,영화,"[35, 10749]",2013-03-21,5.985,35,1.5725,180252
인생은 아름다워,영화,"[10402, 18, 10749]",2022-09-28,6.9,20,1.5329,616670
연애의 목적,영화,"[35, 10749]",2005-06-10,5.9,28,1.7376,114661
사채소년,영화,"[28, 18, 80]",2023-11-22,7.3,13,1.7,1071662
나랏말싸미,영화,"[36, 18]",2019-07-24,7.176,17,1.5905,572988
조선명탐정: 흡혈괴마의 비밀,영화,"[35, 80, 28, 9648]",2018-02-08,6,14,1.7222,500378
추억의 검정고무신,영화,[16],2020-11-19,4.5,2,1.4743,760510
순정만화,영화,"[35, 18]",2008-11-27,6.9,52,1.5421,40580
동갑내기 과외하기,영화,"[35, 10749]",2003-01-30,6.518,57,1.7044,18371
사생결단,영화,"[28, 80, 53]",2006-04-27,6.173,49,1.7137,32159
"어쩌다, 결혼",영화,"[10749, 35]",2019-02-27,5.8,6,1.6975,574840
서양골동양과자점 앤티크,영화,"[35, 18, 10749]",2008-11-13,6.265,66,1.3513,30843
주유소 습격사건,영화,"[28, 35]",1999-10-02,6.555,119,1.4545,16606
Panggil Aku Ayah,영화,"[18, 35, 10751]",2025-08-07,7.4,8,2.1418,1448256
좋아해줘,영화,"[10749, 35]",2016-02-17,7.3,21,1.726,379887
박화영,영화,[18],2018-07-19,4.6,8,1.3632,483295
탐정: 리턴즈,영화,"[35, 80]",2018-06-13,6.4,40,1.6067,522811
강변호텔,영화,[18],2019-02-15,6.431,72,1.361,535550
풀잎들,영화,[18],2018-10-25,6.592,60,1.4728,499255
표적,영화,"[53, 28]",2014-04-30,7,135,1.5664,267467
작전,영화,"[80, 12, 53, 28]",2009-02-12,5.6,14,1.6193,19529
돈,영화,"[80, 18]",2019-03-20,6.71,31,1.5564,571078
성난 변호사,영화,"[53, 28]",2015-10-08,7.171,41,1.832,363790
중간계,영화,"[28, 14]",2025-10-15,5.071,7,1.4648,1529439
방황하는 칼날,영화,"[28, 80, 18]",2014-04-10,7.073,62,1.545,264273
미옥,영화,"[28, 80]",2017-11-09,5.982,28,1.778,437116
성실한 나라의 앨리스,영화,"[18, 35, 53]",2015-08-13,6.8,29,1.8559,347697
더 웹툰: 예고살인,영화,"[27, 53]",2013-06-27,6.693,101,1.372,204260
접속,영화,"[10749, 18]",1997-09-13,7.269,26,1.192,183507
특별시민,영화,"[18, 53]",2017-04-26,6.5,45,1.8684,437073
그때 그사람들,영화,"[35, 18, 53]",2005-02-03,6.509,53,1.4968,41338
넌센스,영화,"[27, 18, 9648]",2025-11-26,6,4,1.5021,1208276
자카르타: 13번의 폭탄테러,영화,"[28, 80, 53]",2023-12-28,6.984,32,1.4585,1126128
장르만 로맨스,영화,"[35, 18]",2021-11-17,6,16,1.5905,599331
한란,영화,[18],2025-11-26,6,2,1.7898,1315477
뽀로로 극장판 컴퓨터 왕국 대모험,영화,"[16, 10751, 14, 12, 878]",2015-12-10,7.5,4,1.3907,382766
늑대의 유혹,영화,"[28, 18, 10749]",2004-07-23,6.097,31,1.7435,131979
신명,영화,"[18, 9648, 27]",2025-06-02,5.8,7,1.5551,1469823
로비,영화,"[35, 18]",2025-04-02,5.8,8,1.4762,1129557
은밀한 유혹,영화,"[53, 80, 18]",2015-06-04,6.188,24,1.568,342021
비정규직 특수요원,영화,"[28, 35]",2017-03-16,6,45,1.5459,448166
야수,영화,"[28, 80, 53]",2006-01-13,6.238,42,1.5214,32160
완득이,영화,"[18, 35]",2011-10-20,6.9,56,1.4527,91078
코리아,영화,[18],2012-05-03,7.7,53,1.6764,113388
신기전,영화,"[28, 12, 36]",2008-09-04,6.407,43,1.5219,50341
탐정 홍길동: 사라진 마을,영화,"[28, 18]",2016-05-04,6.873,67,1.6262,394170
특종: 량첸살인기,영화,"[53, 9648]",2015-10-22,6.3,30,1.4714,362974
두근두근 내 인생,영화,[18],2014-09-03,7.4,37,1.6924,282058
파파로티,영화,"[18, 35, 10402]",2013-03-14,7.1,32,1.4811,189081
차인표,영화,[35],2021-01-01,6.886,44,1.9765,629277
장손,영화,"[18, 9648]",2024-09-11,6.9,7,1.4512,1172507
대무가,영화,"[18, 35]",2022-10-12,6.4,7,1.4573,717908
광복절 특사,영화,"[35, 18]",2002-11-20,5.974,19,1.4765,200604
차박: 살인과 낭만의 밤,영화,"[27, 53]",2023-09-13,4.1,10,1.4718,1127546
소공녀,영화,"[18, 10749]",2018-03-15,7.5,110,1.6045,483297
박열,영화,"[36, 18]",2017-06-28,7.294,34,1.3924,453992
굿바이 싱글,영화,"[18, 35]",2016-06-29,6.1,25,1.5169,402648
거룩한 계보,영화,"[80, 18, 35]",2006-10-19,6.4,39,1.4062,55765
태양은 없다,영화,"[18, 80]",1999-01-09,7.2,20,1.3437,267407
재심,영화,"[18, 80]",2017-02-15,6.9,47,1.3786,435821
국제수사,영화,"[80, 35, 28]",2020-09-29,6.2,17,1.4717,573801
심야의 FM,영화,"[53, 80, 28]",2010-10-14,6.9,102,1.4494,55758
나쁜계집애: 달려라 하니,영화,"[16, 18, 10751]",2025-10-07,6.3,3,1.4726,1402913
하울링,영화,"[9648, 53]",2012-02-16,6.044,103,1.5446,116227
열정같은소리하고있네,영화,"[35, 10749]",2015-11-25,6.8,29,1.6312,370984
3일의 휴가,영화,"[18, 14]",2023-12-06,8.556,10,1.4515,661681
생일,영화,[18],2019-04-03,8.1,27,1.456,574297
파이란,영화,"[18, 10749]",2001-04-28,7.2,128,1.7163,18704
신라의 달밤,영화,"[35, 18]",2001-06-23,6,24,1.368,68529
세자매,영화,[18],2021-01-27,5.8,16,1.4339,705950
박수건달,영화,"[35, 80]",2013-01-09,6.667,18,1.48,181647
멋진 하루,영화,"[35, 10749, 18]",2008-09-25,6.8,26,1.3971,19482
퍼펙트맨,영화,[18],2019-10-02,6.483,29,1.6179,573808
범죄의 재구성,영화,"[35, 80, 28]",2004-04-15,6.875,32,1.4761,38002
극장판 안녕 자두야,영화,[16],2016-05-04,7,3,1.2863,405457
투사부일체,영화,"[28, 35, 80]",2006-01-19,5.2,22,1.5453,19609
우리들,영화,[18],2016-06-16,7.472,54,1.4503,384748
양자물리학,영화,[80],2019-09-25,6,21,1.7317,619166
영웅,영화,"[18, 36, 28]",2022-12-21,6.6,19,1.4519,602464
미스터 로봇,영화,"[16, 28, 878]",2025-04-04,7.563,16,1.7727,1414052
국가대표 2,영화,[18],2016-08-10,6.1,11,1.5507,408362
국가대표,영화,"[35, 18]",2009-07-29,6.1,31,1.2907,37870
머니백,영화,"[80, 35, 28]",2018-04-12,6.25,8,1.4938,516297
연애소설,영화,"[18, 10749]",2002-09-13,7.182,44,1.5402,54332
사냥,영화,"[28, 53]",2016-06-29,5.3,10,1.5387,400421
더 킬러스,영화,"[28, 53, 80]",2024-10-23,5.9,9,1.8062,1188301
백수아파트,영화,"[35, 9648, 18]",2025-02-26,6.6,15,1.6965,1204886
의뢰인,영화,"[18, 53]",2011-09-29,6.881,67,1.4177,81242
흥부: 글로 세상을 바꾼 자,영화,[18],2018-02-14,6.1,7,1.5713,502474
자전차왕 엄복동,영화,[18],2019-02-27,6.7,16,1.5636,571783
뽀로로 극장판 드래곤캐슬 대모험,영화,"[16, 10751, 12, 14]",2022-07-28,7.5,8,1.3729,979688
보통사람,영화,"[80, 28, 18, 9648]",2017-03-23,7.2,41,1.3771,442845
우아한 세계,영화,"[28, 35, 80]",2007-04-05,6.469,49,1.4185,55771
죽지않는 인간들의 밤,영화,"[53, 35]",2020-09-29,6,17,1.4199,601062
해결사,영화,"[28, 80, 18]",2010-09-12,6.682,44,1.2413,56578
북촌방향,영화,[18],2011-09-08,6.894,85,1.4196,85525
비트,영화,"[28, 18]",1997-05-03,6.111,18,1.5245,67089
고속도로 가족,영화,[18],2022-11-02,6.1,9,1.557,886430
소년들,영화,"[18, 80]",2023-11-01,6.5,12,1.3836,714651
눈에는 눈 이에는 이,영화,"[28, 80]",2008-07-31,6.4,33,1.1821,49095
배우는 배우다,영화,[18],2013-10-24,6.9,29,1.3676,227793
내 생애 가장 아름다운 일주일,영화,"[18, 10749, 35]",2005-10-07,6.529,17,1.3668,208874
주먹이 운다,영화,"[18, 28]",2005-03-31,7.247,77,1.5453,40452
무수단,영화,"[9648, 53, 28]",2016-03-03,6,10,1.3701,387845
마파도,영화,[35],2005-03-10,6.231,13,1.2395,153422
가문의 영광 2: 가문의 위기,영화,"[35, 80, 28, 10749]",2005-09-07,5.625,20,1.2474,49203
허스토리,영화,[18],2018-06-27,8.676,17,1.3405,527436
정직한 후보 2,영화,[35],2022-09-28,6.3,15,1.3196,795276
온리 갓 노우즈 에브리띵,영화,"[9648, 53]",2025-08-22,5,3,1.2291,1097001
깡철이,영화,"[18, 28]",2013-10-02,6.516,31,1.3338,227336
스텔라,영화,"[18, 14, 35]",2022-04-06,6.7,10,1.4559,630217
뽀로로 극장판 눈요정 마을 대모험,영화,"[16, 10751, 12, 14]",2014-07-01,7.5,3,1.339,337943
비닐하우스,영화,"[18, 53]",2023-07-26,6.5,16,1.2473,915655
목스박,영화,"[28, 35]",2024-03-20,4.3,5,1.4711,1208997
그림자 살인,영화,"[9648, 80, 53]",2009-02-16,6.2,49,1.2551,31714
극장판 안녕 자두야: 제주도의 비밀,영화,[16],2022-01-27,0,0,1.2853,926242
우리 선희,영화,"[10749, 18]",2013-09-12,6.5,47,1.4733,211579
Gamgi,영화,"[18, 14, 9648]",2012-07-01,6,1,1.2553,747236
궁녀,영화,"[9648, 18, 53]",2007-10-18,6.947,19,1.3267,61128
어쩌면 해피엔딩,영화,"[878, 10749]",2025-10-02,7,1,1.2812,1154212
오피스,영화,"[53, 9648]",2015-09-03,6.338,74,1.2408,336055
옥희의 영화,영화,"[35, 18, 10749]",2010-09-16,6.7,56,1.2488,86261
모비딕,영화,[28],2011-06-09,7.035,43,1.4341,75006
황진이,영화,"[18, 10749, 36]",2007-06-06,6.5,18,1.3105,56247
패션왕,영화,"[35, 10749]",2014-11-06,6.7,21,1.3354,297292
세상 참 예쁜 오드리,영화,[18],2024-10-24,7,5,1.5218,1059191
안녕 자두야 스페셜: 언더 더 씨,영화,[16],2019-01-25,10,1,1.3252,900014
선생 김봉두,영화,"[35, 18]",2003-03-28,7.4,17,1.2111,63247
차형사,영화,"[35, 28]",2012-05-30,5.5,26,1.234,124874
유병재: B의 농담,영화,[35],2018-08-17,6.4,5,1.2908,542691
이장과 군수,영화,[35],2007-03-28,6.7,9,1.3383,169226
파수꾼,영화,[18],2011-03-03,7.379,58,1.2308,74092
가문의 영광 4: 가문의 수난,영화,"[28, 35]",2011-09-07,6,14,1.3699,85491
교토에서 온 편지,영화,"[10751, 18]",2023-12-06,8,5,1.3882,1021633
그대 이름은 장미,영화,[35],2019-01-16,6,9,1.3134,570424
10억,영화,"[53, 18]",2009-08-06,6.222,36,1.3655,45083
희생부활자,영화,"[53, 9648, 28]",2017-10-12,5.6,25,1.3553,478160
피는 물보다 진하다,영화,[28],2022-05-25,4.6,8,1.4247,952888
비스티 보이즈,영화,"[35, 18]",2008-04-30,4.9,16,1.1264,69383
우리는 천국에 갈 순 없지만 사랑은 할 수 있겠지,영화,"[18, 10749]",2024-10-16,7.8,5,1.294,884139
아기공룡 둘리: 얼음별 대모험,영화,"[16, 12, 10751, 14, 878]",1996-07-24,7.5,2,1.2834,467885
오조준,영화,[10749],2026-03-13,5,1,1.2223,1640162
그놈이다,영화,"[53, 80]",2015-10-28,5.675,40,1.3422,369443
분노의 윤리학,영화,"[53, 18]",2013-02-21,6,20,1.3176,172716
어게인 1997,영화,"[14, 18, 35]",2024-04-10,4.8,5,1.2361,1005026
1번가의 기적,영화,"[35, 10749]",2007-02-15,6.5,18,1.7536,40228
세상에서 가장 아름다운 이별,영화,[18],2011-04-20,7.8,5,1.5428,276170
부기나이트,영화,"[35, 18, 28, 80]",2022-04-28,5.2,6,1.3475,940164
보안관,영화,"[80, 35]",2017-05-03,6,27,1.4778,452408
키친,영화,"[18, 10749]",2009-02-05,5.167,18,1.1515,54201
뽀로로 극장판 슈퍼스타 대모험,영화,"[16, 10751, 12, 10402, 878]",2023-12-08,0,0,1.2135,1189165
만남의 집,영화,[18],2025-10-15,6.3,3,1.2385,1211635
공공의 적 1-1: 강철중,영화,"[28, 35, 80, 53]",2008-06-19,6.6,42,1.4911,65337
이층의 악당,영화,[35],2010-11-24,6.5,18,1.2113,55641
고령화 가족,영화,"[18, 35]",2013-05-09,6.767,15,1.2544,193689
가문의 영광,영화,"[35, 28, 80]",2002-09-13,6.089,28,1.039,49202
그 여름,영화,"[16, 10749, 18]",2023-06-07,6.333,9,1.3524,1117291
석조저택 살인사건,영화,"[53, 18]",2017-05-09,7.1,18,1.4158,452714
남극일기,영화,"[27, 53, 9648]",2005-05-19,6.079,63,1.1442,49190
제보자,영화,[18],2014-10-02,7.222,27,1.2142,296633
싸움의 기술,영화,"[28, 35]",2006-01-05,6.1,39,1.1533,39021
"안녕, 할부지",영화,"[99, 16]",2024-09-04,7.3,3,1.1864,1314450
바람과 함께 사라지다,영화,"[35, 28]",2012-08-08,6.375,32,1.2522,132711
커플즈,영화,"[35, 10749]",2011-11-02,6.4,12,1.226,91239
오후 네시,영화,[53],2024-10-23,5.5,6,1.4841,1095848
특별수사: 사형수의 편지,영화,"[80, 35, 18]",2016-05-19,7.8,16,1.1847,393985
로보카폴리 사막 구조대 이야기,영화,"[16, 10751]",2025-11-08,0,0,1.1102,1173370
범털 2: 쩐의 전쟁,영화,"[28, 80]",2021-05-13,5,1,1.3025,820625
매드 댄스 오피스,영화,"[35, 10402]",2026-03-04,5.667,3,1.3157,1306820
범죄의 여왕,영화,"[53, 35, 80]",2016-08-25,7.737,19,1.1762,413740
공포특급,영화,[27],1994-01-01,2,1,0.9835,322435
폭락,영화,"[18, 80]",2025-01-15,4.9,7,1.1866,1204889
복면달호,영화,"[10402, 35]",2007-02-14,6.4,11,1.0221,131922
치외법권,영화,"[80, 28]",2015-08-27,6.8,7,1.2377,359243
박나래의 농염주의보,영화,[35],2019-10-16,5.8,4,1.1232,604343
6년째 연애중,영화,"[10749, 18]",2008-02-05,6.2,13,1.393,18464
미술관 옆 동물원,영화,"[18, 10749, 35]",1998-12-19,6.8,25,1.1936,125183
인정사정 볼 것 없다,영화,"[28, 80, 53]",1999-07-31,6.7,57,1.3047,25660
내 심장을 쏴라,영화,[18],2015-01-28,7.705,22,1.1107,326854
만남의 광장,영화,[35],2007-08-15,6,10,1.3389,178743
미스터 소크라테스,영화,"[28, 80]",2005-11-11,6.203,37,1.169,32163
비밀,영화,"[9648, 53]",2023-12-13,5.7,7,1.3932,1189904
그 후,영화,"[18, 10749]",2017-06-07,6.5,94,1.2265,451957
극장판 뽀로로와 친구들: 바이러스를 없애줘!,영화,"[16, 10751, 12, 14, 878]",2022-12-01,10,1,1.063,1039470
사람과 고기,영화,[18],2025-10-07,7,5,1.1204,1420259
하류인생,영화,"[28, 80, 18]",2004-05-21,5.9,14,1.0505,177152
핑크퐁 시네마 콘서트 3: 진저브레드맨을 잡아라,영화,"[16, 10751, 10402]",2023-07-26,0,0,1.1669,1144610
게이트,영화,"[35, 80]",2018-02-28,5.8,5,1.0771,508624
미쓰GO,영화,"[28, 35]",2012-06-20,6.2,12,1.2482,134000
하하하,영화,"[35, 18, 10749]",2010-05-06,6.3,63,1.1069,60098
점쟁이들,영화,"[12, 14, 35, 9648]",2012-10-03,6.1,24,1.2084,142284
유감스러운 도시,영화,"[35, 28, 80]",2009-01-22,4.9,6,1.016,19613
라이터를 켜라,영화,"[35, 28]",2002-07-17,6.2,13,1.177,128039
부러진 화살,영화,"[18, 80]",2011-10-09,6.735,34,1.2611,116323
우리 생애 최고의 순간,영화,[18],2008-01-10,6.6,19,0.9231,18431
아이,영화,[18],2021-02-10,7,11,1.1275,709056
폭로,영화,"[80, 53]",2023-09-30,5.4,9,1.0334,956728
수상한 고객들,영화,"[35, 18]",2011-04-14,6.7,10,0.9005,72067
한국이 싫어서,영화,[18],2024-08-28,7.083,6,1.2133,1007481
극장판 엄마 까투리: 도시로 간 까투리 가족,영화,[16],2022-09-08,0,0,1.1803,1007012
문영,영화,[18],2017-01-12,6.7,19,1.0599,423248
극장판 똘똘이: 아기공룡의 비밀,영화,"[16, 10751, 14, 35, 12]",2025-11-07,0,0,1.0585,1560590
오징어 게임 이야기,영화,[99],2025-06-26,8.308,26,1.3484,1504735
라디오 스타,영화,"[18, 35]",2006-09-27,6.8,15,1.1142,39439
극장판 헬로카봇: 옴파로스 섬의 비밀,영화,"[16, 12, 10751, 878]",2019-01-31,6,2,1.3103,577205
낫아웃,영화,[18],2021-06-03,6,2,1.1184,805046
공공의 적,영화,"[28, 80]",2002-01-25,7.136,70,1.0735,33171
공포특급,영화,[27],2025-04-02,4.083,6,1.0013,1304096
오로라 공주,영화,"[80, 18, 9648]",2005-10-27,6.01,52,1.3018,38054
사이비,영화,"[16, 18, 53]",2013-11-21,6.463,41,1.0105,211247
거인,영화,[18],2014-11-13,7.1,18,1.148,300498
모던 보이,영화,"[10752, 10749, 18]",2008-10-02,6.8,4,1.1108,290075
대치동 스캔들,영화,"[18, 10749]",2024-06-19,6,1,1.5695,1296272
퇴마; 무녀굴,영화,[27],2015-08-20,5.875,8,1.3449,357995
열한번째 엄마,영화,[18],2007-11-29,7,12,1.1134,131921
바람,영화,"[18, 28]",2009-11-26,6.3,10,1.1126,249277
핑크퐁 원더스타 특별편: 호기와 도둑자동차,영화,"[16, 12, 10751]",2024-07-18,0,0,1.165,1215165
세기말의 사랑,영화,[18],2024-01-24,8,5,1.1412,1059185
어쩌면 우린 헤어졌는지 모른다,영화,"[10749, 18]",2023-02-08,5.6,10,1.1785,870144
잉투기,영화,"[18, 35]",2013-11-14,7.4,5,1.0824,236261
"고산자, 대동여지도",영화,"[36, 18]",2016-09-07,6.6,22,0.9867,410882
경주,영화,"[18, 10749]",2014-06-12,7.3,24,1.1381,272687
해피 투게더,영화,"[18, 35]",2018-11-15,7,3,1.1009,551655
극장판 검정고무신: 즐거운 나의 집,영화,[16],2022-10-06,7,1,1.2996,1024656
소풍,영화,[18],2024-02-07,6,2,1.1262,1115168
인어공주,영화,"[10749, 14]",2004-06-30,6.667,18,1.0332,137298
공공의 적 2,영화,"[28, 80]",2005-01-27,7.2,39,1.1558,32213
스프린터,영화,[18],2023-05-24,5,1,0.8632,890948
다찌마와 리: 악인이여 지옥행 급행열차를 타라,영화,"[28, 12, 35, 37]",2008-08-13,5.857,21,1.376,19886
이수근의 눈치코치,영화,[35],2021-07-09,2.5,4,1.0603,840611
가문의 영광 5: 가문의 귀환,영화,[35],2012-12-19,5.2,10,1.0986,249826
동주,영화,"[18, 36]",2016-02-17,7.8,20,1.4575,382336
황산벌,영화,"[36, 10752, 35]",2003-10-17,6.7,15,1.1261,147704
초미의 관심사,영화,"[35, 10751, 18]",2020-05-27,6.2,9,1.0119,632929
Reversi,영화,"[18, 878, 10749]",2024-12-19,6.9,7,1.0443,1206264
천국은 없다,영화,"[80, 28]",2025-06-25,6,2,1.1508,1303586
지옥만세,영화,"[12, 18]",2023-08-16,6.7,9,1.2331,1019810
올레,영화,"[18, 35]",2016-08-25,6,6,1.1765,414829
잘 알지도 못하면서,영화,"[18, 35]",2009-05-14,5.8,37,1.2949,86262
양치기,영화,[53],2024-06-12,6,2,0.9527,987464
질투는 나의 힘,영화,"[18, 10749]",2003-04-18,6.3,15,1.1271,140613
거북이 달린다,영화,"[53, 35, 80, 18]",2009-06-11,6.341,41,1.0564,26781
고당도,영화,"[18, 80, 35]",2025-12-10,6.4,7,1.0063,1420264
이 밤이 지나면,영화,[18],2026-05-02,5,1,0.9401,1650454
고백,영화,"[53, 80, 18]",2021-02-24,6,9,0.9753,716854
피도 눈물도 없이,영화,"[28, 35, 80, 18]",2002-02-28,6.1,32,0.9241,97531
다른 것으로 알려질 뿐이지,영화,"[18, 10749]",2025-08-27,5.5,2,1.1054,1289553
우리는 형제입니다,영화,"[35, 18]",2014-10-23,6.6,11,0.9889,307217
열혈남아,영화,"[80, 18]",2006-11-19,6.777,47,0.9901,70131
어디선가 누군가에 무슨일이 생기면 틀림없이 나타난다 홍반장,영화,"[28, 35, 53]",2004-03-12,6.4,10,1.0471,41172
사랑의 고고학,영화,"[10749, 18]",2023-04-12,7,2,0.8688,956734
진범,영화,"[53, 9648, 80]",2019-07-10,7.4,25,1.0563,572158
봄날의 곰을 좋아하세요?,영화,"[35, 10749]",2003-10-24,5.8,11,1.0458,32774
오! 마이 고스트,영화,[9648],2022-09-15,5.938,8,1.0497,795295
비밀일 수밖에,영화,[18],2025-09-10,5.6,5,1.1656,1184502
썰,영화,"[35, 27, 9648, 53]",2021-06-03,5.9,8,0.8735,773962
어디로 가고 싶으신가요,영화,[18],2023-07-05,5,1,0.9116,1106492
좋.댓.구,영화,[35],2023-07-12,6,2,0.948,999824
아침바다 갈매기는,영화,[18],2024-11-27,6.75,6,1.0602,1339592
글러브,영화,"[18, 10751]",2011-01-20,6.1,13,0.8969,64396
시크릿,영화,"[53, 80]",2009-12-03,6.4,35,0.9165,36681
검은 소년,영화,[18],2024-02-07,4,1,1.072,1139238
용서받지 못한 자,영화,[18],2005-11-18,7.048,21,1.0225,182633
울지마 톤즈,영화,[99],2010-09-09,8,3,0.8894,492460
신비아파트: 금빛 도깨비와 비밀의 동굴,영화,"[16, 27, 14, 12]",2018-07-25,8,6,1.1205,535370
십개월의 미래,영화,"[18, 35]",2021-10-14,6.7,10,0.814,707157
성덕,영화,[99],2022-09-28,5.5,2,0.8416,877440
최선의 삶,영화,[18],2021-09-01,6.6,7,0.9556,668704
니자리,영화,"[27, 35]",2022-07-18,2,2,0.8961,1293291
만남의 광장,영화,[10749],2020-03-18,4,1,0.7984,860789
와일드 카드,영화,"[28, 53, 80]",2003-05-16,6.1,15,0.9178,52884
롱디,영화,"[10749, 35]",2023-05-10,6,2,0.7663,840612
인사동 스캔들,영화,"[80, 53]",2009-04-29,5.8,9,1.2017,26002
원정빌라,영화,"[53, 9648, 27]",2024-12-04,5.2,4,1.2683,1204884
저수지 게임,영화,[99],2017-09-07,7.5,6,0.8688,477767
극장판 헬로카봇: 달나라를 구해줘!,영화,[16],2019-09-04,4,1,0.8496,636283
파송송 계란탁,영화,"[35, 18]",2005-02-18,5.5,7,1.0288,210309
계절과 계절 사이,영화,"[10749, 18]",2018-10-05,5,6,1.0013,546772
퀴어 마이 프렌즈,영화,[99],2023-08-09,6,1,0.9459,956515
유병재: 블랙코미디,영화,[35],2018-03-16,6.2,4,0.9199,512153
스플릿,영화,[18],2016-11-09,6.8,8,1.1453,425636
청담보살,영화,[35],2009-11-11,6.4,12,1.1398,167760
쫑알쫑알 똘똘이: 이상한 마을 대모험,영화,"[16, 12, 10751, 14]",2025-04-30,0,0,0.8142,1460820
딸에 대하여,영화,[18],2024-09-04,6.5,3,0.9418,1150725
바보야,영화,[99],2011-04-21,8,1,1.0975,544948
너에게 가는 길,영화,[99],2021-11-17,6.125,8,0.8624,805047
1984 최동원,영화,[99],2021-11-11,6,2,0.8644,762583
카브리올레,영화,[35],2024-06-19,5.4,5,0.7838,987462
셀럽은 회의 중,영화,[35],2022-04-01,3.8,5,0.8457,929373
타다: 대한민국 스타트업의 초상,영화,[99],2021-10-14,0,0,0.8051,854762
명량: 회오리 바다를 향하여,영화,"[36, 99]",2015-05-07,9.3,6,0.853,416052
정순,영화,[18],2024-04-17,6,1,0.8224,956731
목소리들,영화,[99],2025-04-02,7.5,2,0.7503,1268798
목소리들,영화,[18],2023-12-03,0,0,0.9391,1203133
막걸리가 알려줄거야,영화,"[35, 878, 14]",2024-02-28,6.7,3,0.9201,1172551
노무현입니다,영화,[99],2017-05-25,7.9,12,1.0034,460486
아네모네,영화,"[35, 18, 28]",2024-02-07,6.5,2,0.896,1006124
족구왕,영화,"[35, 18]",2014-08-21,7.1,13,1.0788,286702
커미션,영화,"[53, 80]",2025-07-16,5.2,5,0.8577,1219394
빅슬립,영화,[18],2023-11-22,5,1,0.6691,1017172
믿을 수 있는 사람,영화,[18],2023-10-18,5.8,5,0.8596,1086626
바람개비,영화,[28],2023-05-10,3,3,0.8613,1108197
해바라기,영화,"[10749, 18]",2025-06-06,0,0,0.762,1389246
부산,영화,"[28, 18]",2009-10-15,5.5,4,0.8221,45092
8월의 크리스마스,영화,"[10751, 14]",2023-10-09,0,0,0.7984,1174940
알로하,영화,[],2024-07-05,0,0,0.7236,1292856
퀴즈왕,영화,[35],2010-09-16,5.5,12,0.8426,73659
히든,영화,"[28, 18]",2022-05-25,6,3,0.776,973530
월남보살,영화,"[35, 18]",2026-02-19,6,1,0.9651,1691985
터닝메카드W: 블랙미러의 부활,영화,"[16, 10770]",2017-01-18,0,0,1.0805,441189
극장판 헬로카봇: 백악기 시대,영화,"[16, 12, 878, 10751]",2018-08-01,6,2,0.8271,536000
안녕하세요,영화,[18],2022-05-25,6.7,3,0.7576,820435
바람 따라 만나리 : 김호중의 계절,영화,"[99, 10402]",2023-10-17,0,0,0.8129,1189848
광장,영화,"[16, 18, 10749]",2026-01-15,6,2,0.7959,1361054
브레드이발소: 셀럽 인 베이커리타운,영화,"[16, 10751, 10402]",2024-03-01,0,0,0.7897,1236788
극장판 헬로카봇: 수상한 마술단의 비밀,영화,[16],2022-09-28,0,0,0.7278,1024649
결혼전야,영화,[18],2014-11-27,0,0,0.74,642911
신비아파트 극장판 하늘도깨비 대 요르문간드,영화,"[16, 12, 28, 53, 14, 16]",2019-12-19,8,1,0.7929,654747
가치 캅시다,영화,[18],2021-10-28,5,1,0.7719,881441
"김광석, 못다 한 이야기",영화,"[99, 10402]",2022-06-22,1.5,2,0.609,990269
극장판 콩순이: 장난감나라 대모험,영화,[16],2021-05-05,0,0,0.6915,823277
한반도의 공룡,영화,"[99, 12]",2012-07-06,0,0,0.7658,427170
신비아파트 극장판 차원도깨비와 7개의 세계,영화,[16],2022-12-14,0,0,0.5891,1051393
다우렌의 결혼,영화,"[18, 10749, 10751]",2024-06-12,5,1,0.6427,1137097
감기,영화,[10749],2014-06-29,0,0,0.6294,645200
페스터,영화,[53],2024-10-30,4.5,2,0.648,1380044
선희이모,영화,"[18, 10751]",2026-06-19,4,1,0.6014,1691977
문재인입니다,영화,[99],2023-05-10,8.7,3,0.8066,1111319
신비아파트 특별편: 붉은 눈의 사신,영화,"[16, 28, 14, 12]",2024-08-14,0,0,0.6825,1322349
브레드이발소: 베이커리타운의 악당들,영화,"[16, 10751]",2025-09-27,0,0,1.2104,1521915
무법자,영화,[80],2010-03-18,5.4,5,0.651,108800
"터치, 툭",영화,"[18, 10749]",2026-05-01,4,1,0.4927,1650443
임영웅 리사이틀,영화,"[10402, 99, 10770]",2025-10-04,0,0,0.5394,1557542
서를 담고,영화,"[18, 53]",2026-05-02,4,1,0.4835,1661062
꽃놀이 간다,영화,[18],2025-10-22,6,1,0.6775,1450444
혐오의 스타,영화,[18],2024-01-23,6,1,0.501,1234434
쥬라기캅스 극장판: 공룡시대 대모험,영화,"[16, 878, 14, 10751, 28]",2022-09-07,0,0,0.7667,1023825
임영웅│아임 히어로 더 스타디움,영화,"[10402, 99]",2024-08-28,0,0,0.918,1322328
극장판 윌벤져스: 수상한 캠핑 대소동,영화,[16],2022-06-23,0,0,0.5853,977826
"N번방: 악의 평범성, 그리고 디지털 공간",영화,[99],2021-05-28,4,3,0.5674,834928
"포켓몬스터: 성도지방 이야기, 최종장",영화,"[16, 14, 12, 10751]",2024-05-01,0,0,0.6322,1266533
노이즈 캔슬링,영화,[18],2025-11-01,0,0,0.4783,1661092
고고다이노 극장판: 얼음공룡의 비밀,영화,"[16, 10751, 12, 878, 14]",2022-10-05,0,0,0.4427,1013346
르네에게,영화,"[18, 10402, 10749]",2023-12-27,5,1,0.3852,1154697
면접교섭,영화,[99],2024-12-25,10,1,0.374,1390593
서울역,영화,[99],2013-01-01,0,0,0.3627,635852
감금,영화,[],2018-05-17,6,1,0.3598,923718
아무도 모른다,영화,"[16, 18, 10749]",2023-01-06,0,0,0.3395,1244564
헬로카봇 올스타 스페셜,영화,[16],2024-07-31,0,0,0.3516,1420353
된다! 뭐든! 무서울 뻔~한 이야기,영화,"[16, 35]",2021-12-15,0,0,0.3329,923301
아수라: 야쿠자의 길,영화,[],2015-05-14,0,0,0.2896,493553
우리의 이름,영화,[18],2025-11-26,0,0,0.4237,1423207
이런 엿같은 사랑,드라마,"[18, 35]",2026-08-07,8.701,67,85.282,291496
런닝맨,예능,"[35, 10764]",2010-07-11,8.222,216,75.3545,33238
김병만의 정글의 법칙,예능,[10764],2011-10-21,6,9,172.129,52910
참교육,드라마,"[10759, 18, 35]",2026-06-05,9.4,821,67.1306,276161
오싹한 연애,드라마,"[35, 10765, 18]",2026-07-18,8.9,51,62.6434,298610
출동! 슈퍼윙스,드라마,"[16, 10762]",2014-09-01,6.6,20,59.0718,71026
약한영웅,드라마,"[10759, 18]",2022-11-18,8.7,508,48.9919,200709
SBS 인기가요,예능,"[10764, 10751]",1998-02-01,7.5,4,57.3476,65278
오징어 게임,드라마,"[10759, 9648, 18]",2021-09-17,7.855,17682,48.4555,93405
김부장,드라마,"[10759, 80, 18]",2026-06-26,8.373,146,43.4905,296206
사냥개들,드라마,"[18, 10759, 80]",2023-06-09,8.507,783,40.1085,127529
도굴왕,드라마,"[16, 10759, 10765]",2026-07-08,8.333,18,37.7576,297826
미운 우리 새끼,예능,"[10764, 10767]",2016-08-26,7,10,45.4767,72896
모범택시,드라마,"[10759, 80, 18]",2021-04-09,8.202,210,34.7859,119769
폭싹 속았수다,드라마,[18],2025-03-07,8.8,572,30.8409,219246
아파트,드라마,"[18, 35, 80]",2026-07-11,8.7,27,29.7976,300727
캐치! 티니핑,드라마,"[16, 10762]",2020-03-19,7,4,27.4596,136915
TV 동물농장,예능,"[10751, 10764]",2001-05-06,7.6,4,31.8638,64369
도깨비,드라마,"[18, 10765, 35]",2016-12-02,8.6,3120,26.7216,67915
지금 우리 학교는,드라마,"[10759, 18, 10765]",2022-01-28,8.3,4448,26.5044,99966
솔로지옥,예능,"[10764, 35, 10767]",2021-12-18,7.6,97,24.5572,139798
원더풀스,드라마,"[10759, 35, 10765, 18]",2026-05-15,8.874,250,24.4141,259837
여신강림,드라마,"[35, 18]",2020-12-09,8.276,2705,25.2178,112888
SBS Inkigayo,드라마,[],2014-08-10,0,0,38.0429,130931
스위트홈,드라마,"[10765, 10759]",2020-12-18,8.211,1607,23.1607,96648
낭만닥터 김사부,드라마,[18],2016-11-07,8.1,130,24.4654,68398
엄마친구아들,드라마,"[18, 35]",2024-08-17,7.894,284,21.0991,241454
더 글로리,드라마,[18],2022-12-30,8.47,945,20.227,136283
동궁,드라마,"[9648, 10759, 10765, 18]",2026-07-17,8.235,83,19.3708,279323
환혼,드라마,"[18, 10765, 10759, 9648]",2022-06-18,8.58,814,21.2231,135157
가스인간,드라마,"[10765, 80]",2026-07-02,7.524,63,20.0172,253960
X맨,예능,"[35, 10767]",2003-11-08,7.2,5,22.4059,5707
이상한 변호사 우영우,드라마,[18],2022-06-29,8.488,978,20.9771,197067
"나는 SOLO, 그 후 사랑은 계속된다",예능,[10764],2022-08-11,7.3,3,24.6949,207924
경이로운 소문,드라마,"[18, 9648, 10759]",2020-11-28,8.345,451,20.5197,113268
로보카 폴리,드라마,"[16, 10762, 10751, 10759, 35]",2011-02-28,6.6,10,17.1811,61194
고고다이노,드라마,"[16, 10762]",2016-01-12,8,1,16.0595,95112
슬기로운 의사생활,드라마,"[18, 35]",2020-03-12,8.6,176,22.0453,96102
눈물의 여왕,드라마,"[18, 35]",2024-03-09,8.389,507,16.4539,215720
빈센조,드라마,"[10759, 35, 18, 80]",2021-02-20,8.518,1095,19.2653,117376
맨 끝줄 소년,드라마,"[9648, 18]",2026-06-26,7.933,45,17.7043,286360
김비서가 왜 그럴까,드라마,"[35, 18]",2018-06-06,8.3,723,16.7955,79434
사랑의 불시착,드라마,"[18, 35]",2019-12-14,8.5,961,18.6606,94796
반짝이는 워터멜론,드라마,"[10765, 18]",2023-09-25,8.81,168,17.4614,212204
궁금한 이야기 Y,예능,"[10767, 10764]",2009-10-09,0,0,18.792,93007
나는 SOLO,예능,[10764],2021-07-14,6,2,18.0764,129236
밥 잘 사주는 예쁜 누나,드라마,[18],2018-03-30,7.752,139,14.278,78385
EBS 다큐프라임,드라마,[99],2008-02-25,0,0,17.3621,79265
마이데몬,드라마,"[18, 35]",2023-11-24,8.46,682,15.1654,218539
뽀롱뽀롱 뽀로로,드라마,"[16, 10759, 10765, 10751, 10762, 35]",2003-11-27,6.556,9,15.8021,19845
상속자들,드라마,"[35, 18]",2013-10-09,7.8,676,16.3757,48462
기리고,드라마,"[9648, 18]",2026-04-24,8.151,175,16.524,285838
헬로카봇,드라마,"[10762, 16, 10765, 10759]",2014-08-02,0,0,15.7382,96121
응답하라 1988,드라마,[35],2015-11-06,8.76,223,15.794,64010
펜트하우스,드라마,"[18, 9648]",2020-10-26,8.3,258,15.1982,99489
마이 네임,드라마,"[80, 18, 9648]",2021-10-15,8.2,1083,13.886,110356
모두가 자신의 무가치함과 싸우고 있다,드라마,[18],2026-04-18,8.5,57,15.3506,289424
킹더랜드,드라마,"[18, 35]",2023-06-17,8.209,635,15.024,198004
멋진 신세계,드라마,"[18, 35, 10765]",2026-05-08,8.881,97,18.4542,303143
사내맞선,드라마,"[35, 18]",2022-02-28,8.5,789,14.0799,154825
트리거,드라마,"[10759, 18, 80]",2025-07-25,8.065,107,12.5754,238084
D.P.,드라마,"[18, 10759, 80]",2021-08-27,8.024,272,13.9047,110534
꽃보다 남자,드라마,"[35, 18]",2009-01-05,8.268,1846,13.7973,16420
굿보이,드라마,"[80, 35, 10759, 18]",2025-05-31,8.6,187,13.0805,231280
꼬리에 꼬리를 무는 그날 이야기,예능,"[10767, 9648, 80]",2020-09-17,8,3,23.3563,111998
살인자ㅇ난감,드라마,"[80, 35, 9648, 18]",2024-02-09,7.359,199,12.0163,202783
킹덤,드라마,"[18, 9648]",2019-01-25,8.203,1259,13.1235,70593
MBC 다큐프라임,드라마,[99],2007-03-13,0,0,20.1154,194524
편의점 샛별이,드라마,"[35, 18]",2020-06-19,7.6,158,13.4473,98827
선재 업고 튀어,드라마,"[18, 10765, 35, 9648]",2024-04-08,8.6,294,13.443,230923
밤이 되었습니다,드라마,"[18, 9648]",2023-12-04,7.9,121,11.4781,229915
월간남친,드라마,"[35, 10765, 18]",2026-03-06,8.366,146,12.7427,281016
종이의 집: 공동경제구역,드라마,"[10759, 80, 18, 9648]",2022-06-24,7.711,730,12.5521,112836
이 사랑 통역 되나요?,드라마,"[18, 35]",2026-01-16,8.4,157,13.8712,229891
사이코지만 괜찮아,드라마,"[18, 35]",2020-06-20,8.502,1511,12.0664,96462
SKY 캐슬,드라마,"[35, 18]",2018-11-23,8.019,81,9.943,84327
광장,드라마,"[10759, 18]",2025-06-06,7.878,185,11.1745,232766
지옥,드라마,"[18, 9648, 10765]",2021-11-19,7.327,1015,12.3492,106651
일단 뜨겁게 청소하라,드라마,"[35, 18]",2018-11-26,7.514,71,9.7392,78869
꼬마버스 타요,드라마,"[16, 10762, 35, 10751]",2010-08-23,6.7,6,11.703,45039
폭군의 셰프,드라마,"[18, 10765]",2025-08-23,8.62,254,11.8442,280945
다 이루어질지니,드라마,"[10765, 35, 18]",2025-10-03,7.871,136,12.0779,228689
비밀의 숲,드라마,"[80, 18, 9648]",2017-06-10,8.262,214,12.9417,70626
조립식 가족,드라마,"[18, 10751]",2024-10-09,8.043,93,11.2385,237565
연모,드라마,[18],2021-10-11,8.1,299,10.9748,129478
굿파트너,드라마,"[18, 35]",2024-07-12,7.9,16,11.0043,243761
오늘도 매진했습니다,드라마,"[35, 18]",2026-04-22,8.384,82,12.2154,287011
키스는 괜히 해서!,드라마,"[18, 35]",2025-11-12,8.2,112,11.4244,281013
경성크리처,드라마,"[10765, 9648, 10759, 18]",2023-12-22,7.944,328,12.1688,135238
배가본드,드라마,"[18, 9648, 10759]",2019-09-20,8.288,516,11.0616,92983
힘쎈여자 강남순,드라마,"[35, 18, 10765, 80]",2023-10-07,7.7,154,11.6664,203164
아스달 연대기,드라마,"[18, 10759]",2019-06-01,7.608,93,11.8799,88463
순풍산부인과,드라마,"[10751, 35]",1998-03-02,9,5,12.5598,70204
모범형사,드라마,"[80, 18, 9648, 10759]",2020-07-06,7.22,41,12.8911,99480
해피니스,드라마,"[18, 9648, 10765]",2021-11-05,8.087,583,10.0487,135340
힘쎈여자 도봉순,드라마,"[35, 10759, 18]",2017-02-24,8.149,325,12.3248,68814
나의 해방일지,드라마,[18],2022-04-09,7.872,94,9.8376,154887
더 킹: 영원의 군주,드라마,"[10765, 18]",2020-04-17,8.248,914,9.5884,93846
선의의 경쟁,드라마,"[9648, 18]",2025-02-10,8.7,118,11.1614,259288
귀궁,드라마,"[10765, 18]",2025-04-18,8.1,36,10.6335,259486
중증외상센터,드라마,"[18, 35]",2025-01-24,8.453,170,10.1796,217553
열혈사제,드라마,"[80, 35, 18]",2019-02-15,8.219,64,10.7981,86830
레이디 두아,드라마,"[80, 9648, 18]",2026-02-13,7.472,90,10.1796,273977
무브 투 헤븐: 나는 유품정리사입니다,드라마,[18],2021-05-14,8,386,9.2501,96571
크라임씬,예능,"[80, 10764]",2014-05-10,8.2,9,10.089,71908
흑백요리사: 요리 계급 전쟁,예능,[10764],2024-09-17,8.222,81,10.3471,245684
으라차차 와이키키,드라마,"[18, 35]",2018-02-05,7.833,108,11.5517,76557
데블스 플랜,예능,[10764],2023-09-26,7.649,114,10.2663,214582
캐셔로,드라마,"[10759, 18]",2025-12-26,7.35,90,10.8586,238458
갯마을 차차차,드라마,"[35, 18]",2021-08-28,8.2,658,11.0861,128883
고요의 바다,드라마,"[18, 10765, 9648]",2021-12-24,7.594,730,8.435,96777
언젠가는 슬기로울 전공의생활,드라마,[18],2025-04-12,8.1,64,10.8615,235355
달의 연인 - 보보경심 려,드라마,"[18, 10765, 10768]",2016-08-29,8.508,596,10.0323,66433
지금 거신 전화는,드라마,"[18, 9648, 80]",2024-11-22,8.326,308,10.1879,253905
씰룩,드라마,"[16, 10762]",2022-12-01,8,2,7.6224,219266
이번 생은 처음이라,드라마,"[35, 18]",2017-10-09,8.207,193,9.7525,74074
애마,드라마,"[18, 35]",2025-08-22,7.4,21,9.4538,229958
그것이 알고싶다,예능,"[99, 10767]",1992-03-31,8,1,12.6246,66130
청담국제고등학교,드라마,"[18, 9648]",2023-05-31,8.2,42,10.4328,214994
철인왕후,드라마,"[18, 35, 10765]",2020-12-12,8.504,505,10.2266,108261
패밀리가 떴다,예능,"[35, 10764]",2008-06-15,7.6,7,10.5539,18618
18 어게인,드라마,"[18, 35, 10765]",2020-09-21,8.339,270,8.4396,99654
괴물,드라마,"[18, 80, 9648]",2021-02-19,8.5,189,8.6213,116612
우리들의 블루스,드라마,[18],2022-04-09,8.4,83,10.9629,135840
에스콰이어: 변호사를 꿈꾸는 변호사들,드라마,[18],2025-08-02,8.1,73,9.8714,281004
소년심판,드라마,"[18, 80]",2022-02-25,8.072,256,10.4013,112833
언더커버 미쓰홍,드라마,"[80, 35, 18]",2026-01-17,8.5,32,10.3878,293608
무인도의 디바,드라마,"[35, 18]",2023-10-28,8,79,9.9813,216310
신이랑 법률사무소,드라마,"[18, 10765, 9648, 35]",2026-03-13,7.741,27,9.7683,281010
국민사형투표,드라마,"[18, 9648, 80]",2023-08-10,7.683,60,9.5997,217088
내일,드라마,"[18, 10765, 10759]",2022-04-01,8.4,291,10.5032,136369
군검사 도베르만,드라마,[18],2022-02-28,7.438,72,9.5157,135652
구미호뎐,드라마,"[10765, 18, 35, 9648]",2020-10-07,8.359,496,9.7632,108284
신비아파트,드라마,"[16, 9648, 10765, 10759]",2016-07-20,7.273,11,12.3857,70288
호텔 델루나,드라마,"[10765, 18, 35]",2019-07-12,8.5,638,10.499,90447
내겐 너무 까칠한 매니저 - 비서진,예능,"[10764, 35, 10767]",2025-10-03,8.5,2,26.4013,302173
아내의 유혹,드라마,[18],2008-11-03,5,8,9.1396,18493
강심장,예능,"[35, 10767]",2009-10-06,0,0,7.911,33881
웰컴투 삼달리,드라마,"[18, 35]",2023-12-02,8.2,142,10.087,219651
미스터 션샤인,드라마,[18],2018-07-07,8.418,196,8.4643,75820
멜로무비,드라마,"[35, 18]",2025-02-14,7.4,62,8.8525,243964
내 아이디는 강남미인,드라마,"[35, 18]",2018-07-27,7.328,154,9.4908,80737
브레드 이발소,드라마,"[16, 10762, 35]",2019-01-03,5.2,4,9.5832,129832
기생수: 더 그레이,드라마,"[10765, 10759, 18]",2024-04-05,7.429,338,8.8689,208825
은애하는 도적님아,드라마,"[10765, 35, 18]",2026-01-03,8.342,19,15.4252,301886
아무도 없는 숲속에서,드라마,"[9648, 80, 18]",2024-08-23,7.293,140,8.4272,219652
정신병동에도 아침이 와요,드라마,[18],2023-11-03,8.2,137,9.5069,205319
닥터 슬럼프,드라마,"[18, 35]",2024-01-27,8.1,149,9.9206,222233
"틈만나면,",예능,[10764],2024-04-23,8.3,7,10.2485,247805
SBS 가요대전,예능,[10764],1996-12-29,0,0,8.8328,206509
어느 날 우리 집 현관으로 멸망이 들어왔다,드라마,"[18, 10765, 35]",2021-05-10,7.9,534,8.0327,116386
슬기로운 감빵생활,드라마,"[18, 80]",2017-11-22,8.2,105,8.8129,74821
범인은 바로 너!,드라마,"[35, 9648]",2018-05-04,7.8,41,10.3942,78798
프로보노,드라마,"[35, 18]",2025-12-06,8.3,37,9.2738,284744
마인,드라마,"[9648, 18]",2021-05-08,7.6,130,7.3332,124426
Mr. 플랑크톤,드라마,"[35, 18]",2024-11-08,8.1,130,8.605,230448
일타 스캔들,드라마,"[18, 35]",2023-01-14,8.2,130,8.5943,202318
탄금,드라마,"[18, 9648]",2025-05-16,7.4,64,8.2503,224819
부부의 세계,드라마,[18],2020-03-27,7.5,72,8.3479,96164
모태솔로지만 연애는 하고 싶어,예능,[10764],2025-07-08,8.5,14,9.2462,288912
7인의 탈출,드라마,"[18, 9648]",2023-09-15,7,27,7.8356,200707
수상한 파트너,드라마,"[35, 80, 18]",2017-05-10,7.8,173,8.9492,71349
"알고있지만,",드라마,[18],2021-06-19,7.3,229,7.9129,126035
결혼작사 이혼작곡,드라마,[18],2021-01-23,7.276,29,8.9429,116041
봄밤,드라마,[18],2019-05-22,7.994,80,8.8959,89604
푸른 바다의 전설,드라마,"[35, 18, 10765]",2016-11-16,7.4,219,7.1391,67018
이 연애는 불가항력,드라마,"[18, 10765, 35]",2023-08-23,8.1,239,9.1537,215001
남자친구,드라마,[18],2018-11-28,7.8,78,9.2594,83941
스물다섯 스물하나,드라마,[18],2022-02-12,8.5,352,9.9837,129888
자백의 대가,드라마,"[9648, 18]",2025-12-05,7.956,80,9.1039,209110
피지컬: 아시아,예능,[10764],2025-10-28,7.54,50,9.3525,293613
별들에게 물어봐,드라마,"[35, 10765, 18]",2025-01-04,7.418,55,8.666,154822
나의 아저씨,드라마,[18],2018-03-21,8.6,201,8.6538,76662
이두나!,드라마,[18],2023-10-20,7.694,222,8.6548,194797
별에서 온 그대,드라마,"[35, 18]",2013-12-18,8.298,823,9.1539,60957
악의 꽃,드라마,"[18, 80, 9648]",2020-07-29,8.256,600,8.8287,99494
너는 내 운명,드라마,"[18, 10751, 10749, 35]",2008-05-05,5.5,2,10.1689,39068
마녀,드라마,"[18, 9648]",2025-02-15,7.6,37,7.9016,200794
마스크걸,드라마,"[18, 35, 9648, 80]",2023-08-18,7.4,192,9.2143,156888
마음의 소리 리부트: 얼간이들,드라마,"[35, 10751]",2018-10-29,6.429,14,7.3252,84155
이태원 클라쓰,드라마,[18],2020-01-31,8.4,409,9.9413,96162
한글용사 아이야,드라마,[10762],2021-04-28,0,0,8.4035,128827
작은 아씨들,드라마,"[18, 9648, 10759]",2022-09-03,8,193,7.9847,134675
셀러브리티,드라마,"[18, 9648]",2023-06-30,7.786,161,8.6911,131305
동백꽃 필 무렵,드라마,"[18, 35]",2019-09-18,8.1,67,9.3619,93097
나의 완벽한 비서,드라마,"[18, 35]",2025-01-03,8,59,8.1497,233100
멜로가 체질,드라마,"[35, 18]",2019-08-09,7.9,47,8.9867,90720
당신이 죽였다,드라마,"[80, 18, 9648]",2025-11-07,8.197,99,7.9832,271885
오늘부터 인간입니다만,드라마,"[10765, 35, 18]",2026-01-16,7.9,50,9.4223,270420
정숙한 세일즈,드라마,"[18, 35]",2024-10-12,8.067,52,9.7881,255086
피지컬: 100,예능,[10764],2023-01-24,0,0,6.8459,210905
화려한 날들,드라마,"[35, 18, 10751]",2025-08-09,4.8,4,8.5404,287010
기상청 사람들: 사내연애 잔혹사 편,드라마,"[18, 35]",2022-02-12,7.3,139,8.1058,152511
이브,드라마,"[18, 35]",2022-06-01,6.675,63,8.9761,138251
"60일, 지정생존자",드라마,"[18, 80, 9648, 10768]",2019-07-01,7.804,46,6.8407,86824
좋아하면 울리는,드라마,"[18, 10765]",2019-08-22,8.244,2045,7.6259,89641
스타트업,드라마,"[18, 35]",2020-10-17,8.2,384,8.9364,99048
"성+인물: 네덜란드, 독일 편",예능,[10764],2024-02-20,7,5,7.6132,244890
미남이시네요,드라마,"[35, 18]",2009-10-07,7.54,126,7.1535,31417
아이돌아이,드라마,"[9648, 18, 80, 35]",2025-12-22,7.776,29,7.8587,285278
히어로 인사이드,드라마,"[16, 10759, 35]",2023-11-08,8.2,35,7.3869,238841
너는 나의 봄,드라마,[18],2021-07-05,6.4,31,6.9068,126698
악연,드라마,"[80, 18]",2025-04-04,7.554,112,7.6527,233686
재벌집 막내아들,드라마,"[18, 10765]",2022-11-18,8.004,120,8.143,153496
이번 생도 잘 부탁해,드라마,"[18, 35]",2023-06-17,8.131,221,7.8109,154824
시그널,드라마,"[80, 9648, 10765, 18]",2016-01-22,8.203,197,8.1353,64840
똑바로 살아라,드라마,[35],2002-11-05,9,2,6.9609,129586
레인보우 버블젬,드라마,"[16, 10762, 10759, 35, 10765]",2023-07-25,10,1,7.8219,233464
복수가 돌아왔다,드라마,"[18, 35, 9648]",2018-12-10,7.455,55,7.8743,84464
나쁜 엄마,드라마,"[18, 35]",2023-04-26,8.87,196,8.3764,214999
육룡이 나르샤,드라마,[18],2015-10-05,7.188,32,7.4251,63927
다이노스터: 공룡수호대,드라마,"[16, 10762, 10759, 35, 10765]",2023-08-28,10,1,7.992,233547
백종원의 골목식당,예능,[10764],2018-01-05,7,4,7.7604,79667
오늘도 사랑스럽개,드라마,"[18, 35, 10765]",2023-10-11,8.3,104,7.6442,209502
불새 2020,드라마,"[18, 10766]",2020-10-26,5,4,7.4419,111603
청춘시대,드라마,"[35, 18]",2016-07-22,7.206,136,8.2558,67014
청춘기록,드라마,[18],2020-09-07,8.1,240,7.8967,99047
피노키오,드라마,"[18, 35, 9648]",2014-11-12,8.2,648,8.0611,61611
월수금화목토,드라마,"[18, 35]",2022-09-21,7.777,74,7.3269,201146
슈룹,드라마,[18],2022-10-15,8.277,110,8.1494,156406
집사부일체,예능,"[10764, 10767, 35]",2017-12-31,6.5,6,8.1028,76033
스토브리그,드라마,[18],2019-12-13,8.3,52,6.6387,95484
고스트 닥터,드라마,"[35, 18, 10765]",2022-01-03,7.951,72,7.2841,152471
원 더 우먼,드라마,"[35, 18]",2021-09-17,7.263,38,5.8408,129479
외모지상주의,드라마,"[35, 18, 16]",2022-12-08,8.287,300,6.7814,210942
선산,드라마,"[18, 9648, 80]",2024-01-19,7.086,70,7.4508,212553
옥씨부인전,드라마,[18],2024-11-30,8.407,27,7.3115,226649
로맨스는 별책부록,드라마,"[35, 18]",2019-01-26,7.574,102,7.1039,85220
낮과 밤이 다른 그녀,드라마,"[10765, 35, 9648]",2024-06-15,8.529,153,7.3557,231749
맨투맨,드라마,"[10759, 18]",2017-04-21,7.309,55,6.8994,70595
하이라키,드라마,[18],2024-06-07,7.7,183,7.3135,226527
나의 나라,드라마,"[18, 10759]",2019-10-04,6.898,59,7.7367,93490
나빌레라,드라마,[18],2021-03-22,8.6,205,5.6484,119464
시크릿 가든,드라마,"[35, 18, 10765]",2010-11-13,7.482,142,7.008,37636
나 홀로 그대,드라마,"[18, 10765]",2020-02-07,8.471,889,6.3183,96160
블랙의 신부,드라마,[18],2022-07-15,7.4,61,7.2289,133775
트라이: 우리는 기적이 된다,드라마,"[18, 35]",2025-07-25,8.548,31,6.3226,250463
The 8 Show,드라마,"[9648, 35, 18]",2024-05-17,7.265,341,6.8398,156484
맛남의 광장,예능,[10764],2019-12-05,9,3,6.5055,93853
좀비버스,예능,[10764],2023-08-08,5.9,57,7.2662,217945
화유기,드라마,"[35, 9648, 10765, 18]",2017-12-23,8.061,312,6.9929,75123
성+인물: 일본 편,예능,[10764],2023-04-25,7.2,10,7.2862,224229
사랑의 온도,드라마,[35],2017-09-18,7.1,93,5.9761,73575
뷰티 인사이드,드라마,"[18, 35, 10765]",2018-10-01,7.863,91,6.7698,82237
신입사관 구해령,드라마,[18],2019-07-17,7.6,77,6.691,90721
백일의 낭군님,드라마,"[35, 18, 9648]",2018-09-10,7.9,175,6.982,81821
초면에 사랑합니다,드라마,[35],2019-05-06,7.5,94,7.2701,88783
유어 아너,드라마,"[80, 18, 9648]",2024-08-12,8.6,7,6.5552,247031
그 해 우리는,드라마,"[35, 18]",2021-12-06,8.4,176,6.8293,135897
히어로는 아닙니다만,드라마,"[18, 10765]",2024-05-04,8.229,118,6.9146,232616
사마귀: 살인자의 외출,드라마,"[80, 9648, 18]",2025-09-05,7.2,28,6.4987,243248
닥터 이방인,드라마,"[18, 80]",2014-05-05,8.033,303,6.1067,60956
인간수업,드라마,"[80, 18]",2020-04-29,8.106,687,5.9405,90814
구경이,드라마,"[10759, 35, 18, 9648, 80]",2021-10-30,7.4,160,8.0448,129475
트렁크,드라마,"[18, 9648]",2024-11-29,7,62,6.1362,230777
SBS 스페셜,드라마,[99],2005-07-10,0,0,6.1194,78172
닥터스,드라마,"[18, 35]",2016-06-20,8.125,331,7.2227,66329
당신의 맛,드라마,"[35, 18]",2025-05-12,8.3,76,6.6519,281006
백종원의 3대 천왕,예능,[10764],2015-08-28,0,0,6.321,84566
은중과 상연,드라마,[18],2025-09-12,8.304,28,6.437,224414
아름다웠던 우리에게,드라마,"[18, 35]",2020-12-28,8.315,616,6.6739,114395
어쩌다 전원일기,드라마,"[18, 35]",2022-09-05,7.5,161,6.5843,133678
열혈농구단,예능,[10764],2025-11-29,0,0,6.1312,306932
악의 마음을 읽는 자들,드라마,"[80, 18, 9648]",2022-01-14,7.817,52,6.9607,146102
수리남,드라마,[80],2022-09-09,7.7,175,6.9983,97970
도시남녀의 사랑법,드라마,[18],2020-12-22,7.7,175,6.9136,113710
너의 목소리가 들려,드라마,"[35, 18, 9648, 10765]",2013-06-05,8.1,92,7.0816,54477
닭강정,드라마,"[35, 9648, 10765]",2024-03-15,6.4,42,6.9185,206686
완벽한 결혼의 정석,드라마,[18],2023-10-28,8,84,6.7026,230524
빙의,드라마,"[9648, 80, 35, 18]",2019-03-06,6.167,25,5.6054,86640
미지의 서울,드라마,[18],2025-05-24,8.4,94,8.0486,261980
고려 거란 전쟁,드라마,"[18, 10768]",2023-11-11,8.3,10,5.5458,218290
"세작, 매혹된 자들",드라마,"[18, 10768, 9648]",2024-01-21,7.6,33,6.2017,233205
자이언트,드라마,[18],2010-05-10,8.1,7,5.5048,33828
연애대전,드라마,"[18, 35]",2023-02-10,8.2,126,6.3062,137094
아기가 생겼어요,드라마,"[35, 10751, 18]",2026-01-17,8.766,32,5.9974,296009
택배기사,드라마,"[18, 10759, 10765]",2023-05-12,7.415,313,5.6584,137040
룸메이트,예능,"[35, 10764]",2014-05-04,8.167,6,5.8326,64172
질투의 화신,드라마,"[35, 18]",2016-08-24,8.2,45,6.6652,66560
돌풍,드라마,"[18, 10768]",2024-06-28,6.964,28,5.854,223329
"하이바이, 마마!",드라마,"[10765, 35, 18]",2020-02-22,8.1,456,7.0191,97219
가면,드라마,"[18, 80]",2015-05-27,7.5,61,6.1533,62806
크라임씬 제로,예능,"[10764, 80]",2025-09-23,9.3,6,16.3214,298698
내 여자친구는 구미호,드라마,"[35, 18]",2010-08-11,7.2,71,5.8354,33544
너의 시간 속으로,드라마,[18],2023-09-08,8.3,215,5.865,196474
성+인물: 대만 편,예능,[10764],2023-08-29,7,6,5.5698,233232
SBS 연기대상,예능,[10764],1992-12-31,9,2,5.7306,76065
황후의 품격,드라마,"[18, 10759, 9648]",2018-11-21,6.259,27,5.7736,84107
라켓소년단,드라마,"[18, 35]",2021-05-31,8,31,7.3214,125437
찬란한 유산,드라마,"[35, 18]",2009-04-25,7.694,18,5.8732,31120
인사이더,드라마,"[10759, 18]",2022-06-08,5.6,28,7.2308,135655
엽기적인 그녀,드라마,"[35, 18]",2017-05-29,6.184,38,6.8455,71347
넌 내게 반했어,드라마,"[35, 18]",2011-06-29,7.1,47,5.338,39198
태풍상사,드라마,[18],2025-10-11,8.411,45,6.1058,280946
시지프스 : the myth,드라마,"[10765, 18, 9648, 10759]",2021-02-17,7.102,127,6.0336,113622
종말의 바보,드라마,[18],2024-04-26,6,62,6.0687,139547
대체 등산을 왜 하는 건데?,예능,[10764],2026-08-18,0,0,6.9643,326901
다시 만난 세계,드라마,[18],2017-07-19,7.6,51,6.3817,72549
미스터리 수사단,예능,[10764],2024-06-18,7.638,29,5.9833,240114
마이걸,드라마,"[35, 18]",2005-12-14,7.7,31,5.7471,6074
썸바디,드라마,"[18, 80, 9648]",2022-11-18,6.9,105,5.6783,112837
기름진 멜로,드라마,"[18, 35]",2018-05-07,6.8,33,6.4352,78797
미스티,드라마,"[18, 80, 9648]",2018-02-02,7.4,27,5.4254,76715
진짜가 나타났다!,드라마,[18],2023-03-25,7.15,20,6.3133,214422
조선 정신과 의사 유세풍,드라마,"[18, 9648]",2022-08-01,5.5,24,5.8932,139289
일지매,드라마,"[10759, 18]",2008-05-21,6.9,27,6.4994,21013
녹두꽃,드라마,[18],2019-04-26,7.7,8,6.6206,88398
미씽: 그들이 있었다,드라마,"[9648, 10765]",2020-08-29,7.7,36,6.2454,106761
미녀와 순정남,드라마,"[18, 10751]",2024-03-23,7,5,5.6658,242503
이로운 사기,드라마,"[18, 35, 80]",2023-05-29,5.9,32,5.9159,210218
신데렐라와 네 명의 기사,드라마,"[35, 18]",2016-08-12,7.3,127,6.5097,67084
의사요한,드라마,[18],2019-07-19,7.64,43,5.7436,90706
미생,드라마,"[35, 18]",2014-10-17,8.6,76,5.7794,61678
샤이닝,드라마,[18],2026-03-06,7.8,25,5.7325,276472
사계의 봄,드라마,[35],2025-05-06,7.656,32,5.1738,280016
최강 배달꾼,드라마,[18],2017-08-04,6.8,37,5.6292,72396
마음의 소리,드라마,"[35, 18]",2016-11-07,7.9,32,6.4271,68945
19/20,예능,[10764],2023-07-11,7.8,42,5.8785,218475
더 패뷸러스,드라마,"[18, 35]",2022-12-23,7.7,80,5.7455,135155
브람스를 좋아하세요,드라마,[18],2020-08-31,7.3,37,5.7618,101857
YG전자,드라마,[35],2018-10-05,6.1,10,5.7326,82834
쌍갑포차,드라마,"[18, 10765, 35]",2020-05-20,8,77,7.1554,99491
닥터 차정숙,드라마,"[18, 35]",2023-04-15,8.2,69,5.7077,214997
날씨가 좋으면 찾아가겠어요,드라마,[18],2020-02-24,7.3,73,5.9831,96977
"선배, 그 립스틱 바르지 마요",드라마,[18],2021-01-18,7.6,45,5.2297,113965
냄새를 보는 소녀,드라마,"[35, 10765, 18, 80]",2015-04-01,7.25,44,5.9025,62301
졸업,드라마,[18],2024-05-11,7.1,21,4.7778,237508
태양의 신부,드라마,[18],2011-10-24,0,0,5.4648,45629
그냥 사랑하는 사이,드라마,[18],2017-12-11,7.7,81,5.1654,74829
티시태시,드라마,"[10762, 16]",2020-09-28,6,2,4.1383,139221
주군의 태양,드라마,"[10765, 35, 18]",2013-08-07,8.008,188,5.8249,57646
그녀의 사생활,드라마,"[35, 18]",2019-04-10,7.6,122,5.7641,87553
안나라수마나라,드라마,"[18, 10765]",2022-05-06,7.7,194,5.2918,123349
천국의 계단,드라마,[18],2003-12-03,8.164,1190,6.258,5178
미녀 공심이,드라마,"[35, 18]",2016-05-14,6.9,31,5.1547,66431
베스티언즈,드라마,"[16, 10759, 35, 10762, 10765]",2023-05-14,5.8,4,4.8788,226226
루갈,드라마,"[10759, 80, 9648, 10765, 18]",2020-03-28,6.78,59,5.476,97766
서울 자가에 대기업 다니는 김 부장 이야기,드라마,"[35, 18]",2025-10-25,8.286,14,5.0008,275592
조선혼담공작소 꽃파당,드라마,"[35, 18]",2019-09-16,6.1,30,5.725,92732
돌싱글즈,예능,[10764],2021-07-11,9.1,7,5.0124,128979
런 온,드라마,[18],2020-12-16,7.5,123,5.0026,113240
미녀의 탄생,드라마,[35],2014-11-01,7.4,28,5.9472,61606
제3의 매력,드라마,[18],2018-09-28,6.2,21,5.6517,82462
베베핀,드라마,"[16, 10762]",2022-11-01,0,0,5.4325,241948
왕과 나,드라마,"[18, 10768]",2007-08-27,3.7,3,5.2875,15961
기적의 형제,드라마,"[9648, 18, 10765, 35]",2023-06-28,7.2,18,4.5894,208834
대도시의 사랑법,드라마,[18],2024-10-21,8.9,46,5.2104,236956
로스쿨,드라마,"[18, 80, 9648]",2021-04-14,7.8,66,5.4622,119773
오늘의 웹툰,드라마,"[35, 18]",2022-07-29,6.5,28,4.8551,155222
어비스,드라마,"[35, 10765, 9648, 18]",2019-05-06,8.087,206,5.1288,88328
인생은 아름다워,드라마,"[18, 10751]",2010-03-20,7.4,5,4.7041,44632
청담동 앨리스,드라마,"[35, 18]",2012-12-01,6.4,7,4.7484,46536
감사합니다,드라마,"[80, 18]",2024-07-06,7.667,15,4.8113,244071
웨딩 임파서블,드라마,"[18, 35]",2024-02-26,6.6,29,5.4049,230198
뿌리깊은 나무,드라마,[18],2011-10-05,7.3,21,6.4797,41652
나의 해피엔드,드라마,"[9648, 18]",2023-12-30,7.154,13,5.379,233277
힙하게,드라마,"[18, 35, 10765, 9648]",2023-08-12,8.112,103,5.4303,210107
노무사 노무진,드라마,"[35, 9648, 10765, 18]",2025-05-30,8.091,22,5.2694,233221
하이에나,드라마,"[18, 80]",2020-02-21,7.8,42,4.7935,95110
러브 미,드라마,[18],2025-12-19,7.8,16,4.5858,275989
"신성한, 이혼",드라마,[18],2023-03-04,7.878,41,5.7161,204241
연예인 매니저로 살아남기,드라마,"[18, 35]",2022-11-07,7.3,18,6.0924,203697
라바 아일랜드,드라마,"[16, 10762]",2018-10-19,7.118,17,4.693,83248
돌아와요 아저씨,드라마,"[35, 18, 10765]",2016-02-24,8.322,45,4.9425,65412
친애하는 판사님께,드라마,[18],2018-07-25,7.3,19,5.8824,80959
천국보다 아름다운,드라마,"[10765, 18]",2025-04-19,8.5,88,5.0713,254389
내일 지구가 망해버렸으면 좋겠어,드라마,"[18, 35]",2021-06-18,7.701,107,5.0805,110545
맛 좀 보실래요?,드라마,"[18, 10751]",2019-11-11,5.5,1,6.3278,95216
하이쿠키,드라마,"[18, 80, 10765]",2023-10-23,7.9,23,4.6999,223489
해치,드라마,"[18, 10759]",2019-02-11,5.725,20,5.0563,86094
"위대한 수업, 그레이트 마인즈",예능,"[10767, 99]",2021-08-30,5.2,17,8.3212,132544
로맨틱 어나니머스,드라마,"[35, 18]",2025-10-16,8.2,31,5.9014,249054
대행사,드라마,[18],2023-01-07,6.706,34,5.877,203698
용감한 형사들,예능,"[80, 10764]",2022-04-01,6,4,6.3707,196561
발리에서 생긴 일,드라마,[18],2004-01-03,5.7,5,4.2613,13733
홈앤버튼,드라마,"[10762, 16]",2025-02-13,7,4,3.8791,282209
서른이지만 열일곱입니다,드라마,"[18, 35, 80, 9648]",2018-07-23,7.967,75,5.3784,80919
바람의 화원,드라마,[18],2008-09-24,6.7,10,4.5104,44573
못난이 주의보,드라마,"[18, 10751, 35]",2013-05-20,9,6,5.1473,64300
연애 지상주의 구역,드라마,"[18, 10765]",2024-01-24,8.8,38,4.7881,240591
연개소문,드라마,"[10768, 18]",2006-06-08,0,0,4.7471,3852
놀아주는 여자,드라마,"[18, 35]",2024-06-12,7.871,31,4.7905,215000
감자연구소,드라마,"[35, 18]",2025-03-01,7.676,68,5.249,254391
마녀유희,드라마,"[35, 10749]",2007-03-21,5.4,12,4.5622,14731
홍천기,드라마,"[18, 10765]",2021-08-30,7.538,40,5.0156,117896
49일,드라마,"[18, 10765]",2011-03-16,8.084,89,4.2301,38861
혼례대첩,드라마,"[35, 18]",2023-10-30,6.7,27,4.9035,230024
치얼업,드라마,"[18, 9648, 35]",2022-10-03,6.5,55,5.2477,155229
가족X멜로,드라마,"[10751, 18]",2024-08-10,7.821,39,4.3857,258707
달콤한 원수,드라마,[18],2017-06-12,2,1,4.8268,74286
"아모르 파티 - 사랑하라, 지금",드라마,[18],2021-04-12,5,2,4.6972,122752
초콜릿,드라마,[18],2019-11-29,7.845,29,4.4155,95066
미세스 캅,드라마,"[80, 10759, 9648, 18]",2015-08-03,6.4,9,5.5501,63500
트롤리,드라마,"[9648, 18]",2022-12-19,5,25,4.5674,196526
꽃선비 열애사,드라마,"[18, 9648]",2023-03-20,5.9,25,5.496,205757
다리미 패밀리,드라마,"[18, 10751, 35, 9648]",2024-09-28,6.4,8,5.3318,250385
비밀은 없어,드라마,"[35, 18]",2024-05-01,7,23,5.2656,211705
모래에도 꽃이 핀다,드라마,"[18, 35, 9648]",2023-12-20,7.6,33,4.7886,224900
단죄,드라마,[80],2025-09-24,7,7,4.3237,278904
조강지처 클럽,드라마,[18],2007-09-29,10,1,5.2946,50556
무사 백동수,드라마,"[10759, 18]",2011-07-04,6.2,15,5.87,40016
절대그이,드라마,[35],2019-05-15,6.2,15,4.7879,88514
여인천하,드라마,"[18, 10768]",2001-02-05,6.5,2,5.498,24165
페르소나,드라마,[18],2019-04-11,6.596,57,4.757,87811
옥탑방 왕세자,드라마,"[35, 18, 10765]",2012-03-21,7.5,51,4.6656,43152
"지금, 헤어지는 중입니다",드라마,[18],2021-11-12,6.1,39,4.744,129887
전현무계획,예능,[10767],2024-02-16,10,1,5.8989,246527
어게인 마이 라이프,드라마,"[18, 80, 9648]",2022-04-08,8,43,5.2419,135654
"그 겨울, 바람이 분다",드라마,[18],2013-02-13,7.2,36,4.695,47091
유령,드라마,"[9648, 80]",2012-05-30,7.7,25,4.998,45018
모래시계,드라마,[18],1995-01-09,8.714,7,3.9771,14527
미친맛집: 미식가 친구의 맛집,예능,"[10764, 10767]",2025-02-27,8.8,4,6.0658,283645
"하이드 지킬, 나",드라마,"[35, 18]",2015-01-21,7.135,26,5.1469,61890
열여덟의 순간,드라마,"[18, 35]",2019-07-22,6.8,25,4.9382,90407
개인의 취향,드라마,"[35, 18]",2010-03-31,7.8,533,4.4255,32226
꼬마탐정 토비와 테리,드라마,"[16, 10762]",2018-06-08,7.8,5,4.2274,80942
라바 패밀리,드라마,"[10762, 35, 16]",2023-05-04,7.7,10,4.2769,224047
취하는 로맨스,드라마,"[35, 18]",2024-11-04,7.6,40,4.6694,253029
그린마더스클럽,드라마,"[18, 9648]",2022-04-06,5.5,18,5.2221,195747
도시괴담,드라마,"[9648, 18]",2020-08-20,6.9,94,4.2685,107851
보좌관: 세상을 움직이는 사람들,드라마,"[18, 10768]",2019-06-14,8.147,34,5.1695,89642
알함브라 궁전의 추억,드라마,"[10759, 9648, 10765, 18]",2018-12-01,7.6,119,4.3973,83634
사생활,드라마,"[10759, 35, 80, 9648, 18]",2020-10-07,5.625,28,4.4423,107442
마지막 썸머,드라마,"[18, 35]",2025-11-01,7.1,14,4.4436,261902
주관식당,예능,[10764],2025-02-22,10,2,4.3917,283650
불가살,드라마,"[18, 10765, 10759]",2021-12-18,7.773,77,4.9379,137520
엔젤 아이즈,드라마,"[18, 10749]",2014-04-05,6.704,27,5.5169,63787
눈이 부시게,드라마,"[18, 35]",2019-02-11,7.6,30,5.275,86546
사랑의 이해,드라마,[18],2022-12-21,6.062,65,4.4882,211746
헤어진 다음날,드라마,"[18, 10765]",2016-10-26,6.944,27,3.9567,69067
왜 오수재인가,드라마,"[18, 9648]",2022-06-03,8.026,57,5.6485,136644
앨리스,드라마,[10765],2020-08-28,7.224,38,4.5408,97267
피고인,드라마,"[80, 18]",2017-01-23,8.1,36,4.8393,68890
마왕의 딸로 태어났습니다,드라마,"[16, 10759]",2024-05-01,0,0,2.9725,254358
우리는 오늘부터,드라마,"[35, 18]",2022-05-09,5.3,29,4.5162,154891
카인과 아벨,드라마,"[10759, 18]",2009-02-18,7.7,10,4.6544,38971
VIP,드라마,"[9648, 18]",2019-10-28,6.469,16,4.3664,94642
보스를 지켜라,드라마,[35],2011-08-03,7,19,3.678,40043
자명고,드라마,[18],2009-03-10,4.4,13,4.7442,38589
청춘월담,드라마,"[18, 9648]",2023-02-06,6.5,31,4.9862,154889
도라이버,예능,"[10764, 35]",2025-02-23,7.7,17,4.9464,283647
니돈내산 독박투어,예능,[10764],2023-06-03,0,0,6.9629,227395
첫사랑은 처음이라서,드라마,[18],2019-04-18,8.204,556,4.7974,87527
상류사회,드라마,"[10749, 18]",2015-06-08,7.2,25,4.9178,62863
"서른, 아홉",드라마,[18],2022-02-16,8.258,64,5.3263,131028
용팔이,드라마,"[18, 10759]",2015-08-05,7.5,32,4.3647,63311
코미디 리벤지,예능,"[10764, 35]",2024-10-15,8,2,3.81,260565
"에덴, 본능의 후예들",예능,[10764],2022-06-14,5,2,4.2762,204062
리갈하이,드라마,"[35, 18, 9648]",2019-02-08,6.067,15,4.9906,85701
이판사판,드라마,[18],2017-11-22,7.3,14,4.1846,74831
이토록 친밀한 배신자,드라마,"[18, 80, 9648]",2024-10-11,8.157,35,4.2087,240942
유재석 캠프,예능,"[10764, 35]",2026-05-26,8.6,5,4.058,318167
풍문으로 들었소,드라마,"[35, 18]",2015-02-23,7.8,6,5.0889,62265
DNA러버,드라마,"[35, 18]",2024-08-17,3,3,3.9821,240622
"장옥정, 사랑에 살다",드라마,[18],2013-04-08,4.958,12,4.48,47322
서동요,드라마,[18],2005-09-05,5.2,5,4.4865,60144
글리치,드라마,"[18, 35, 9648, 10765]",2022-10-07,6.817,104,4.3422,136699
세잎클로버,드라마,[18],2005-01-17,0,0,3.6362,208266
모범가족,드라마,"[18, 80]",2022-08-12,6.833,72,4.3734,132171
요조숙녀,드라마,[18],2003-08-13,5.5,2,3.5853,3257
시크릿 마더,드라마,"[9648, 18]",2018-05-12,4.4,6,4.0514,79321
여행을 대신해 드립니다,드라마,"[18, 10759, 10751]",2025-08-02,6.8,9,5.0099,223487
쩐의 전쟁,드라마,[18],2007-05-16,7.2,4,3.5866,20588
가문의 영광,드라마,[18],2008-10-11,7,2,3.9179,31607
신발 벗고 돌싱포맨,예능,"[10764, 10767]",2021-07-13,9,3,6.7648,129047
강남스캔들,드라마,"[18, 10751]",2018-11-26,5.8,4,4.8045,84371
도적: 칼의 소리,드라마,"[10759, 18]",2023-09-22,7.357,63,4.3415,136368
라이프,드라마,[18],2018-07-23,7.1,38,4.1805,79991
커피하우스,드라마,"[18, 35]",2010-05-17,6,4,3.9768,33364
아무도 모른다,드라마,"[18, 80, 9648]",2020-03-02,7.7,26,4.3423,97220
하늘이시여,드라마,[18],2005-09-10,0,0,4.118,35919
결혼백서,드라마,[18],2022-05-23,7,46,3.9212,196907
최강럭비: 죽거나 승리하거나,예능,[10764],2024-12-10,8.667,3,3.0434,260566
"우리, 사랑했을까",드라마,"[35, 18]",2020-07-08,6.7,28,4.5723,96161
미남당,드라마,"[18, 9648, 35]",2022-06-27,7.611,54,4.444,138663
너를 닮은 사람,드라마,[18],2021-10-13,5.2,13,3.8647,112834
나쁜 기억 지우개,드라마,[18],2024-08-02,5.2,6,4.2778,132603
언니는 살아있다,드라마,"[18, 10751]",2017-04-15,6.6,8,3.4296,71250
빅이슈,드라마,[18],2019-03-06,4.8,14,5.2626,87188
너희들은 포위됐다,드라마,"[10759, 35, 18]",2014-05-07,7.9,20,4.4489,61173
끝없는 사랑,드라마,"[80, 18]",2014-06-21,5.2,2,4.4505,63203
모두의 거짓말,드라마,"[9648, 18, 80]",2019-10-12,6.8,27,3.3019,94425
편먹고 공치리,예능,[10764],2021-07-16,3.2,2,4.3216,129383
이 구역의 미친 X,드라마,"[18, 35]",2021-05-24,8.145,131,4.9921,125350
법쩐,드라마,"[18, 9648]",2023-01-06,6.2,36,3.9741,209751
대풍수,드라마,"[18, 36]",2012-10-10,3.2,6,3.9853,44094
프라하의 연인,드라마,[18],2005-09-24,6.5,2,3.2712,36294
쓰리 데이즈,드라마,"[10759, 18]",2014-03-05,7.4,25,3.4113,61157
우리 갑순이,드라마,"[35, 18]",2016-08-27,7.8,5,4.2155,67592
클리닝 업,드라마,"[35, 80, 18]",2022-06-04,5.9,15,3.8289,195745
딴따라,드라마,"[35, 18]",2016-04-20,6.6,18,3.7499,66122
세 번 결혼하는 여자,드라마,"[18, 10751, 10749]",2013-11-09,5,3,3.0825,64176
백야 3.98,드라마,"[10759, 18]",1998-08-31,10,1,3.8206,40376
취미는 과학,드라마,[99],2024-10-04,0,0,3.7055,273520
원더풀 마마,드라마,[18],2013-04-13,5.5,2,3.4391,51236
낮에 뜨는 달,드라마,"[18, 10765]",2023-11-01,7.114,22,4.1502,230924
퀸메이커,드라마,[18],2023-04-14,7.3,48,4.3931,139280
허식당,드라마,"[18, 10765]",2025-03-24,8.1,11,4.4127,285872
보건교사 안은영,드라마,"[10765, 18]",2020-09-25,7.28,125,3.9098,87313
훈남정음,드라마,"[18, 35]",2018-05-23,6.1,7,5.2116,79076
검사내전,드라마,[18],2019-12-16,6.722,18,3.9223,95231
부탁해요 캡틴,드라마,"[18, 35]",2012-01-04,5.9,4,3.4232,45225
성균관 스캔들,드라마,"[35, 18]",2010-08-30,6.6,42,4.2655,34510
Tobot Galaxy Detectives,드라마,"[10762, 16]",2021-09-07,6,2,3.8874,132997
연인,드라마,[18],2006-11-08,5,2,4.0404,14052
모두 다 쿵따리,드라마,[],2019-07-16,5.5,2,3.7479,91125
사랑에 미치다,드라마,[18],2007-02-03,6,1,3.4374,70404
스타일,드라마,"[18, 35]",2009-08-01,2.5,3,2.9348,31371
신의,드라마,"[18, 10765]",2012-08-13,7.2,49,3.5622,44821
나쁜 남자,드라마,[18],2010-05-26,5.893,14,3.5097,32784
지구마불 세계여행,예능,"[10764, 99]",2023-03-04,0,0,4.6726,219465
불한당,드라마,[18],2008-01-02,5.5,2,3.8582,74997
조작,드라마,[18],2017-07-24,7,16,3.6037,72764
라이벌,드라마,[18],2002-08-03,0,0,3.377,28161
신기생뎐,드라마,"[18, 10749]",2011-01-23,4,1,3.2495,46578
올인,드라마,"[10759, 18]",2003-01-15,6.308,13,4.1676,14351
황금신부,드라마,"[18, 10751, 10749]",2007-06-23,8,3,3.3722,18376
출생의 비밀,드라마,"[18, 10749]",2013-04-27,5,2,3.4337,59603
그대 웃어요,드라마,"[35, 18, 10749]",2009-09-26,7.3,5,4.4743,32824
최강야구,예능,[10764],2022-06-06,5,2,4.4568,203552
정글밥,예능,[10764],2024-08-13,9,1,3.6548,261487
퍼스트레이디,드라마,[18],2025-09-24,6.4,5,3.9929,299124
수상한 가정부,드라마,"[9648, 10751]",2013-09-23,5,3,4.13,62609
도깨비 10주년 여행,예능,[10764],2026-07-04,6.9,5,3.316,325828
더 인플루언서,예능,[10764],2024-08-06,6.559,17,2.9908,243149
초인가족 2017,드라마,"[18, 35]",2017-02-20,5,3,3.4512,70117
날아라 개천용,드라마,[18],2020-10-30,6.5,11,3.7207,112322
시골에 간 도시 Z,예능,[10764],2024-09-08,6.5,2,3.3029,270873
끝내주는 해결사,드라마,"[18, 80]",2024-01-31,6.6,13,3.305,222425
시크릿 쥬쥬 베스트 프렌즈,드라마,"[16, 10762, 10759, 10765]",2022-10-14,10,1,3.474,214744
모던파머,드라마,"[35, 10751, 18]",2014-10-18,6.967,15,3.6671,61613
해피투게더,드라마,[18],1999-06-16,8.3,3,3.7532,35034
너의 밤이 되어줄게,드라마,"[18, 35]",2021-11-07,6.8,13,3.2389,134071
경우의 수,드라마,[18],2020-09-25,5.5,11,3.2977,108146
오랫동안 당신을 기다렸습니다,드라마,"[9648, 18, 80]",2023-07-26,6.3,7,3.3189,211217
남남,드라마,"[18, 35]",2023-07-17,7.2,29,4.0917,214891
외과의사 봉달희,드라마,[18],2007-01-17,5.7,3,3.1517,36989
너를 사랑한 시간,드라마,"[18, 10749]",2015-06-27,5.2,12,3.4886,62925
도도솔솔라라솔,드라마,"[35, 18]",2020-10-07,6.7,45,3.4318,106465
유혹,드라마,"[18, 10749]",2014-07-14,6.667,3,3.536,62610
마음의 소리,드라마,[16],2016-07-19,2,1,5.3813,126647
테이크 원,드라마,[99],2022-10-14,6.1,7,2.6809,210267
안녕? 나야!,드라마,"[18, 10765, 35]",2021-02-17,7.4,93,3.6895,116045
웬만해선 그들을 막을 수 없다,드라마,[],2000-12-18,9,2,4.508,114490
SBS 연예대상,예능,[10764],2007-12-28,6.5,2,3.437,76084
원티드,드라마,"[10759, 80, 18, 9648]",2016-06-22,6.3,14,4.0415,66634
체크인 한양,드라마,"[35, 18]",2024-12-21,8,12,3.795,251444
봄날,드라마,[18],2005-01-08,4,1,3.0727,14444
나는 신이다: 신이 배신한 사람들,드라마,"[99, 80]",2023-03-03,7.7,35,2.676,218476
드림,드라마,"[18, 10749]",2009-07-27,6,2,3.118,30735
러브스토리 인 하버드,드라마,[18],2004-11-22,7.667,9,3.0789,4744
영웅호걸,예능,[10764],2010-07-18,9,1,3.185,39406
결혼해YOU,드라마,"[18, 35]",2024-11-16,6.2,5,3.535,243155
대환장 기안장,예능,[10764],2025-04-08,8,10,3.1201,256355
패션왕,드라마,[18],2012-03-19,6,10,3.2967,45025
덩치 서바이벌-먹찌빠,예능,[10764],2023-10-08,0,0,4.4806,236680
자식방생프로젝트 합숙 맞선,예능,[10764],2026-01-01,0,0,8.4574,309828
개와 늑대의 시간,드라마,[10759],2007-07-18,7.1,15,3.1522,1199
가석방 심사관 이한신,드라마,"[18, 80, 9648]",2024-11-18,9.2,4,2.8315,236437
아기공룡 둘리,드라마,"[16, 10759, 10762, 10751]",2009-01-08,0,0,3.1632,87371
출동! 유후 구조대,드라마,"[16, 10762]",2019-03-15,6.6,5,3.177,87848
남이 될 수 있을까,드라마,[18],2023-01-18,7.5,11,3.5528,213655
고딩엄빠,예능,[10764],2022-03-06,0,0,2.9179,194491
꼬모와 장난감,드라마,"[16, 10762]",2023-08-09,0,0,2.6759,290196
내 남자의 여자,드라마,[18],2007-04-02,7,3,4.5845,7810
나 혼자만 레벨업,드라마,"[10759, 10765]",,0,0,3.4098,295389
천만번 사랑해,드라마,[18],2009-08-29,6.6,5,3.5441,38849
시티홀,드라마,"[18, 35]",2009-04-29,7.5,4,3.111,31229
마이 온리 러브송,드라마,[18],2017-07-01,8.1,127,3.2111,70372
신세계로부터,예능,"[10764, 35]",2021-11-20,6.429,7,3.2894,134906
행복배틀,드라마,"[18, 9648]",2023-05-31,5,17,3.4643,214996
불야성,드라마,[18],2016-11-21,6.944,18,3.557,68410
남과여,드라마,[18],2023-12-26,7.3,4,3.1519,230779
유리화,드라마,[18],2004-12-01,5.667,3,3.0826,3332
품위있는 그녀,드라마,"[18, 10751]",2017-06-16,6.25,18,3.6481,71497
그녀로 말할 것 같으면,드라마,"[18, 9648]",2018-07-14,5,4,2.9672,80843
타짜,드라마,"[10759, 18]",2008-09-16,6,1,3.1286,46547
파리의 연인,드라마,[18],2004-06-12,6.2,5,3.9933,13997
바람이 분다,드라마,[18],2019-05-27,6.2,9,2.9678,89317
브라보 마이 라이프,드라마,"[35, 18, 10751]",2017-10-21,7.5,4,4.4525,74597
함부로 대해줘,드라마,"[18, 35]",2024-05-13,6.2,5,2.6244,233099
마이 런웨이,드라마,"[35, 18]",2016-12-30,7.337,95,2.6512,69850
이혼숙려캠프,예능,[10764],2024-08-15,10,1,3.9563,262400
돈의 화신,드라마,"[80, 18]",2013-02-02,6,2,3.0817,48590
파란만장 미스김 10억 만들기,드라마,"[18, 35]",2004-04-07,6,2,2.8042,37422
신인가수 조정석,예능,[10764],2024-08-30,9.3,3,3.4422,248123
마지막 춤은 나와 함께,드라마,"[18, 35]",2004-10-23,6,3,2.8857,5551
싸인,드라마,"[80, 9648, 18]",2011-01-05,6.4,7,3.2794,42019
검사 프린세스,드라마,[18],2010-03-31,6.3,13,3.0954,32614
엄마 까투리,드라마,"[10762, 16]",2016-08-29,2,1,3.1157,71310
별을 따다줘,드라마,"[18, 35]",2010-01-04,6,4,2.9651,42219
이욱정 PD의 부처님 밥상,드라마,[99],2026-05-24,10,1,3.1968,324014
스타의 연인,드라마,[18],2008-12-10,8.5,2,2.7306,41792
대박,드라마,[18],2016-03-28,4.8,17,3.3706,65860
다음생은 없으니까,드라마,"[35, 18]",2025-11-10,7,5,3.4805,294731
"다시, 플라이",드라마,[18],2021-11-13,3.7,9,2.6167,135685
드라마의 제왕,드라마,"[35, 18]",2012-11-05,6.5,4,3.2033,48469
모태솔로 애프터서비스,예능,[10764],2026-08-01,8.3,3,2.5303,330176
"웃어요, 엄마",드라마,[18],2010-11-06,6,2,2.9491,59865
옷장전쟁,예능,[10764],2025-08-04,10,1,4.0939,297304
짜장면 랩소디,예능,"[10764, 99]",2024-02-08,8,1,2.2445,245047
내게 거짓말을 해봐,드라마,"[35, 18]",2011-05-09,7.5,41,2.7684,39261
생존왕,예능,[10764],2024-10-07,0,0,2.65,273710
이상한 과자 가게 전천당,드라마,"[10765, 18]",,0,0,2.6855,220072
청춘의 덫,드라마,[],1999-01-27,5.2,8,2.7999,23976
나는 생존자다,드라마,"[99, 10768]",2025-08-15,8.2,15,2.5927,290682
별을 쏘다,드라마,[18],2002-11-20,6,1,2.5251,35731
달콤한 나의 도시,드라마,"[18, 35]",2008-06-06,5.667,3,2.1425,44071
결혼의 여신,드라마,"[35, 18, 10751]",2013-06-29,1.333,3,3.4065,58127
시크릿 부티크,드라마,[18],2019-09-18,7.5,4,2.8125,93096
펀치,드라마,[18],2014-12-15,8.1,14,3.3069,61799
명랑소녀 성공기,드라마,[18],2002-03-13,7.8,4,2.9947,36368
태어난 김에 세계일주,예능,[10764],2022-12-11,7,5,3.305,216150
귓속말,드라마,"[80, 18]",2017-03-27,6.9,9,3.2285,69974
수학 없는 수학여행,예능,[10764],2023-03-09,6.3,3,2.6167,217771
K-POP 더 비기닝: SMTOWN 30,드라마,[99],2025-01-28,0,0,2.3426,283501
완벽한 이웃을 만나는 법,드라마,[18],2007-07-25,3,1,2.4921,46566
산부인과,드라마,[18],2010-02-03,7.7,3,2.2968,47273
마이더스,드라마,[18],2011-02-22,5.7,3,2.9436,39040
인간시장,드라마,[18],2004-03-08,8,1,2.7286,122213
좋아하면 울리는 짝!짝!짝!,예능,[10764],2022-12-09,6.8,4,2.5986,215912
불량커플,드라마,"[35, 18]",2007-06-02,6,2,2.4815,38853
은실이,드라마,[18],1998-11-09,10,1,2.6743,158368
추라이 추라이,예능,[10767],2025-02-26,10,1,3.512,283648
왕의 여자,드라마,"[10768, 18]",2003-10-06,7,1,2.8287,35815
끝에서 두번째 사랑,드라마,"[35, 18]",2016-07-30,7.5,12,2.3056,67180
건빵선생과 별사탕,드라마,[18],2005-04-13,6.7,8,3.129,36742
아니 근데 진짜!,예능,"[10767, 35]",2026-02-02,0,0,2.6463,313075
천사의 유혹,드라마,[18],2009-10-12,4.7,3,2.4997,40419
굿캐스팅,드라마,"[35, 10759]",2020-04-27,7.2,13,2.9479,99497
따뜻한 말 한마디,드라마,"[18, 10749]",2013-12-02,5.3,3,2.8268,63624
TV유치원: 세상의 모든 똥,드라마,[10762],2021-10-27,0,0,2.222,275701
애인 있어요,드라마,[18],2015-08-22,4.3,15,3.9065,63692
엄마가 바람났다,드라마,"[18, 10751, 10766]",2020-05-04,3,1,2.7504,102843
그린로즈,드라마,[18],2005-03-19,7,2,2.1302,14057
나도 엄마야,드라마,"[10751, 18]",2018-05-28,6,3,4.1069,79875
먹보와 털보,예능,[10764],2021-12-11,6.6,9,2.6951,134958
오늘도 지송합니다,드라마,"[35, 18]",2024-12-05,7.5,4,2.863,274878
야왕,드라마,[18],2013-01-14,6.8,6,2.7752,46594
최고다! 호기심딱지,드라마,[10762],2014-03-26,0,0,2.8104,103905
안녕 자두야,드라마,"[16, 10762]",2011-07-18,0,0,2.7776,155208
머털도사,드라마,"[16, 10765]",2012-08-29,10,1,2.4902,99908
아름다운 날들,드라마,[18],2001-03-14,7.2,4,3.0091,14175
코미디 로얄,예능,"[10764, 35]",2023-11-28,6,2,2.558,238046
강심장VS,예능,[10767],2023-12-05,0,0,2.2737,240972
태양속으로,드라마,"[35, 18]",2003-01-11,4,1,2.3591,36165
미스터트롯,예능,[10764],2020-01-02,0,0,2.9621,97210
냉면 랩소디,드라마,[99],2021-08-20,4.7,3,2.0492,132850
화신: 마음을 지배하는 자,드라마,"[35, 10751]",2013-02-19,0,0,3.9285,47090
이동욱은 토크가 하고 싶어서,예능,"[10767, 10764]",2019-12-04,8.7,3,2.4126,95510
리틀 포레스트,예능,"[10764, 10762, 10751]",2019-08-12,10,1,2.032,92286
토지,드라마,[18],2004-11-27,0,0,2.5243,128285
기분 좋은 날,드라마,"[10751, 18]",2014-04-26,5.5,4,2.6194,77704
미스터 Q,드라마,[],1998-05-20,4,7,2.3807,153958
페르소나: 설리,드라마,"[18, 99]",2023-11-13,6.286,14,1.9212,246170
8월에 내리는 눈,드라마,"[18, 10749]",2007-06-15,4,1,2.1318,62651
때려,드라마,[18],2003-10-08,5,2,2.4725,35177
폼나게 살거야,드라마,"[18, 35, 10751]",2011-09-17,4,1,2.3768,40537
귀엽거나 미치거나,드라마,"[35, 18]",2005-02-28,0,0,2.2765,25028
게임의 여왕,드라마,[18],2006-11-25,4,1,2.574,37396
다시 갈 지도,예능,[10764],2022-03-17,0,0,4.8668,195390
내 마음 반짝반짝,드라마,"[18, 10751, 10749]",2015-01-17,4.2,2,2.4459,64206
라바 인 마스,드라마,"[16, 35, 10762]",2024-01-13,7,1,2.8854,253635
장도바리바리,예능,"[10764, 35]",2025-06-28,9,2,3.0447,293368
나는 전설이다,드라마,[18],2010-08-02,5.8,3,2.2732,33701
비정규직 아이돌,드라마,[18],2017-11-27,6.4,11,2.7315,75552
햇빛 쏟아지다,드라마,[18],2004-02-11,4.5,2,2.1439,35972
천국보다 낯선,드라마,[18],2006-07-31,5,1,2.0755,37023
태양을 삼켜라,드라마,"[10759, 18]",2009-07-09,5.1,10,2.5452,45624
여인의 향기,드라마,"[35, 18]",2011-07-23,8.048,94,2.0753,40028
싱글 와이프,드라마,"[35, 18]",2017-08-23,4.042,12,1.9213,73097
샐러리맨 초한지,드라마,"[35, 18]",2012-01-02,7.9,5,2.996,42524
뽀로로 동화나라,드라마,"[16, 10762]",2020-08-24,1,1,1.8434,111563
내 마음을 뺏어봐,드라마,[18],1998-03-25,6,1,2.4083,23510
0교시는 인싸타임,드라마,[35],2024-11-10,7.6,4,1.9522,276418
순수의 시대,드라마,[18],2002-07-03,1.1,7,2.6563,16601
김치의 나라,드라마,[99],2023-09-10,10,1,1.8365,234739
칼잡이 오수정,드라마,"[35, 18, 10749]",2007-07-28,7,2,2.3652,8418
의문의 일승,드라마,[18],2017-11-27,6.3,5,2.5191,74830
손대면 핫플! 동네멋집,예능,[10764],2023-09-06,0,0,2.1602,227399
쯔양몇끼,예능,[10764],2026-05-30,0,0,2.1259,323120
네가 빠진 세계,드라마,[18],2022-10-20,2.4,10,2.029,203954
개와 늑대의 시간,예능,[10764],2025-08-05,0,0,2.372,297561
불꽃,드라마,[18],2000-02-02,4.6,9,2.7887,153792
사이렌: 불의 섬,예능,[10764],2023-05-30,7.534,29,2.2398,226907
크리스마스에 눈이 올까요?,드라마,[18],2009-12-02,6,4,2.3653,31931
솔로동창회 학연,예능,[10764],2023-12-05,10,1,1.8954,240971
천년지애,드라마,"[18, 10765]",2003-03-22,2.6,8,2.2284,35710
케냐 간 세끼,예능,[10764],2025-11-25,8.2,4,7.1415,304068
백만장자와 결혼하기,드라마,[18],2005-11-26,5.5,2,2.2781,6684
뉴-올드보이 박찬욱,드라마,[99],2025-10-08,8,1,3.0979,301888
알 유 넥스트?,예능,[10764],2023-06-30,0,0,2.1418,228247
가는정 오는정 이민정,예능,[10764],2025-05-16,10,1,2.18,291691
삼겹살 랩소디,드라마,[99],2020-12-20,7.3,6,1.6837,115947
소금인형,드라마,[18],2007-01-12,0,0,1.6718,28050
눈꽃,드라마,[18],2006-11-20,6.786,7,2.3377,18491
백스피릿,예능,[10767],2021-10-01,6.5,4,2.0293,114171
류학생 어남선,예능,[10764],2025-05-17,10,1,1.896,291232
코리아 넘버원,예능,"[10764, 35]",2022-11-25,6.529,17,1.6744,213471
품위있는 여군의 삽질로맨스,드라마,[18],2018-07-20,5,1,2.1739,260808
섬마을 선생님,드라마,"[18, 80]",2004-06-02,0,0,2.0895,206946
술의 나라,드라마,[18],2003-04-09,0,0,2.2082,5223
TV유치원: 뿌지직 똥탐정,드라마,[10762],2023-03-29,0,0,2.2688,259097
신의 저울,드라마,[18],2008-08-29,6.5,2,1.9538,75900
백종원의 푸드트럭,예능,[10764],2017-07-21,5.5,2,2.0137,74113
솔로지옥 리유니언,예능,[10764],2026-02-14,7.6,11,1.6786,313995
불타는 청춘,예능,[10764],2015-03-27,0,0,2.3351,97714
야구여왕,예능,[10764],2025-11-25,0,0,3.576,306645
SBS 지식나눔콘서트 아이러브인,예능,[10767],2012-01-29,0,0,2.0334,300174
보이스 코리아,예능,[10764],2012-02-10,8,1,1.927,103959
형사,드라마,"[18, 35]",2003-11-07,0,0,11.9519,303590
스마일 어게인,드라마,"[18, 10749, 35]",2006-05-17,6,3,2.0485,5208
관계자 외 출입금지,예능,[10764],2023-06-01,0,0,2.2064,217705
불량가족,드라마,[18],2006-03-22,8.3,6,1.7409,17480
천하제빵: 베이크 유어 드림,예능,[10764],2026-02-01,0,0,3.587,312915
또봇: 대도시의 영웅들,드라마,"[16, 10762]",2023-02-24,5,1,1.5462,221088
슈퍼리치 이방인,예능,[10764],2024-05-07,4.8,4,1.9639,245754
Ed & Ryu: 열두바다,예능,"[99, 10764]",2026-03-22,0,0,1.425,318761
사랑하는 사람아,드라마,"[18, 10751]",2007-01-15,3,1,1.8107,223533
띠띠뽀 띠띠뽀,드라마,"[10762, 16, 10765]",2018-01-01,7,3,1.5991,87858
대물,드라마,[18],2010-10-06,7.7,3,2.0573,40401
레인코트 킬러: 유영철을 추격하다,드라마,[99],2021-10-22,6.628,39,1.9075,134902
토마토,드라마,[18],1999-04-21,7,2,1.7097,155991
형수님은 열아홉,드라마,[18],2004-07-28,5,1,2.1137,870
우리들의 초콜릿 순간,드라마,[18],2025-02-11,5,2,1.6151,283992
심장이 뛴다,예능,[10764],2013-10-08,0,0,1.7614,196765
스타킹,예능,[10764],2007-01-13,0,0,2.0389,131064
썸남썸녀,예능,[10764],2014-09-06,5,1,2.1428,261842
쉬는 부부,예능,"[10764, 10767]",2023-06-19,0,0,1.3871,229069
고스트,드라마,"[18, 10765]",1999-07-12,0,0,2.1424,154590
우리 마을 똥강아지,예능,[10764],2025-03-01,0,0,1.5438,285584
날아오르다,드라마,[18],2007-08-24,2,1,1.9499,84125
"형,수다",예능,"[80, 10767]",2025-04-04,0,0,1.4823,293503
우리들의 발라드,예능,[10764],2025-09-23,10,1,2.2245,301379
무무X차차 우발라디오,예능,"[10764, 10767]",2026-01-06,0,0,1.4988,310275
시크릿 쥬쥬 별의 보석,드라마,"[16, 10762, 10765, 10759]",2023-11-03,0,0,1.3778,277967
당신이 혹하는 사이,예능,"[10767, 10764]",2021-04-28,0,0,1.973,124410
최후의 인류,예능,[10764],2026-06-04,0,0,1.7835,324651
내 아이의 사생활,예능,"[10764, 10751]",2024-09-07,10,1,1.5783,270753
골드미스가 간다,예능,[10764],2008-10-12,0,0,1.5964,131014
떼루아,드라마,[18],2008-12-01,4,1,1.5795,105494
혼자가 아니야,드라마,[18],2004-10-11,0,0,1.6336,129584
피아노,드라마,[18],2001-11-21,7.3,3,2.1221,12046
당일배송 우리집,예능,[10764],2025-12-16,0,0,6.6363,308481
살롱드돌: 너 참 말 많다,예능,"[10764, 10767]",2025-07-25,10,1,1.2245,296799
매직,드라마,"[18, 10749]",2004-08-28,3,1,1.3178,61021
폼나게 먹자,예능,[10764],2018-09-07,10,1,1.7404,82221
루루공주,드라마,[18],2005-07-27,3,1,1.8281,1833
나의 판타스틱한 장례식,드라마,[18],2015-09-26,6,1,1.5363,100387
어디로 튈지 몰라,예능,[10764],2025-09-21,0,0,1.3404,301216
"찐친 이상 출발, 딱 한 번 간다면",드라마,[],2022-10-27,2,1,1.4327,213289
힐링캠프,예능,[10767],2011-07-18,9,1,1.3171,58569
마이턴,예능,[10764],2025-08-07,0,0,2.2186,297724
치킨 랩소디,드라마,[99],2024-05-30,0,0,1.4123,253265
만학도 지씨,예능,"[10764, 10767]",2026-03-30,0,0,1.7077,318064
이혼숙려캠프: 새로고침,예능,[10764],2024-04-04,0,0,1.2377,251080
추블리네가 떴다,예능,[10764],2017-08-26,0,0,1.4727,74260
라이프 오브 사만다,드라마,[99],2019-11-24,0,0,1.43,98151
하노이 신부,드라마,[18],2005-09-19,6,2,1.7669,91351
좀비가 되어버린 나의 딸,드라마,"[16, 35, 10765]",2022-04-03,6,1,1.2141,197953
주먹쥐고 뱃고동,예능,[10764],2017-04-15,0,0,1.8193,197478
TV유치원: 꾹이랑 부릉부릉 씽씽,드라마,[10762],2024-09-25,0,0,1.3359,315445
아름다운 그녀,드라마,[18],1997-04-09,6,1,1.5321,118279
백종원의 레미제라블,예능,[10764],2024-11-30,6.5,2,1.7119,278497
쫑알쫑알 똘똘이,드라마,"[16, 10762]",2019-07-27,0,0,1.7425,154930
셰프와 사냥꾼,예능,[10764],2026-01-08,0,0,5.0007,310353
더 리슨,예능,[10764],2021-09-27,0,0,1.4866,135094
동미새: 동호회에 미친 새내기,예능,"[10764, 10767]",2025-02-24,0,0,1.6965,283646
태어난 김에 음악일주,예능,[10764],2024-08-18,0,0,1.3497,261329
그 여자 사람잡네,드라마,[18],2002-04-27,0,0,1.4256,129649
입 터지는 실험실,예능,"[10767, 35]",2025-10-25,0,0,1.1527,303981
인기가요 ON THE GO,예능,[10764],2026-04-26,0,0,1.2173,321522
사랑과 야망,드라마,[18],2006-02-04,0,0,1.2326,129544
그 여자,드라마,[18],2005-12-09,0,0,1.181,219254
브레드와 윌크의 세계여행,드라마,"[16, 10762]",2022-11-03,10,1,2.4453,216893
그 여름의 태풍,드라마,[18],2005-05-28,0,0,1.3968,36946
NEW 엉뚱발랄 콩순이와 친구들,드라마,"[16, 10762]",2024-09-27,0,0,1.4102,293817
고래와 나,드라마,[99],2023-11-18,0,0,1.332,239813
무장해제,예능,[10767],2023-08-22,0,0,1.2049,233161
정,드라마,[],2002-08-28,0,0,1.41,29451
강심장 리그,예능,"[10767, 10764]",2023-05-23,0,0,1.1667,227054
TV유치원: 쏙쏙 속담편지,드라마,[10762],2022-04-18,0,0,1.2289,286923
내 방 안내서,예능,[10764],2017-10-05,0,0,1.4768,308082
워맨스가 필요해,예능,"[10764, 10767]",2021-09-30,0,0,1.4098,135302
반찬의 나라,드라마,[99],2023-10-08,8.8,2,1.3549,233881
마루는 강쥐,드라마,"[16, 35]",2025-11-21,0,0,0.9926,309778
뷰티 앤 더 비스트,예능,[10764],2021-03-21,0,0,1.2766,121394
TV유치원: 삐뽀삐뽀 안전경찰,드라마,[10762],2022-05-03,0,0,1.2117,259250
한우 랩소디,드라마,[99],2021-12-09,8,2,1.1307,153631
푸바오와 할부지,예능,[10764],2023-11-23,0,0,1.3713,240149
시크릿 쥬쥬 별의 여신,드라마,[],2019-04-07,0,0,1.2815,132615
최강로드 식포일러,예능,[10764],2026-04-21,0,0,1.084,320581
TV생물도감,드라마,"[10751, 10762, 99]",2023-05-15,0,0,0.9376,251903
남자가 사랑할 때,드라마,[18],2004-09-30,6,1,1.1845,222565
야인시대,드라마,"[18, 10759]",2002-07-29,6,1,1.4305,92669
반짝반짝 달님이,드라마,"[16, 10762]",2021-04-08,0,0,1.2644,212307
내가 만난 사이코패스,예능,[10764],2026-07-12,0,0,0.9029,325859
피지컬: 웰컴 투 몽골,예능,[10764],2025-12-24,10,1,1.4759,309113
내사랑 못난이,드라마,[18],2006-08-11,0,0,1.1062,129545
장길산,드라마,[18],2004-05-17,0,0,1.3282,129585
그리스 로마 신화 - 올림포스의 별,드라마,[10762],2021-12-01,0,0,1.3613,212738
와! 진짜? 세상에 이런 일이,예능,[10764],2024-10-17,0,0,1.0689,274544
소주 랩소디,드라마,[99],2025-01-23,0,0,0.9906,281794
시월의 어느 멋진 날에,드라마,[18],2014-02-01,0,0,1.0433,197630
"지구를 위한 작은 발걸음, 우리가 간다",드라마,[99],2025-08-01,0,0,1.1872,297367
써클 하우스,예능,[10767],2022-02-24,0,0,1.1373,158463
명탐정 피트,드라마,"[16, 10762]",2014-09-05,0,0,1.4923,239427
더 코리안 셰프,드라마,[99],2026-02-12,0,0,0.9485,313846
정답누설 퀴즈쇼: 오늘 배송,예능,[10764],2020-08-04,0,0,1.0849,134574
빅픽처패밀리,예능,[10764],2018-09-25,0,0,1.429,232714
옆집 남편들 - 녹색 아버지회,예능,[10764],2023-10-25,0,0,1.1516,238049
유니버스 리그,예능,[10764],2024-11-22,10,1,1.078,277908
피닉스맨,드라마,[16],2025-12-27,0,0,0.6355,309285
나도야 간다,드라마,[18],2006-05-19,0,0,1.1505,301241
곽준빈의 세계 기사식당,예능,[10764],2023-07-09,0,0,1.141,230392
공생의 법칙,예능,[10764],2022-01-06,0,0,1.3147,154886
토닥토닥 꼬모,드라마,"[10762, 16]",2015-11-17,10,1,1.0878,236212
공양간의 셰프들,드라마,[99],2026-02-13,0,0,1.1893,313905
터닝메카드 갓,드라마,"[16, 10762]",2025-04-12,8,1,1.3733,288805
현무카세,예능,[10767],2024-07-11,0,0,1.1139,258977
극한투어,예능,[10764],2024-09-22,0,0,1.1405,272192
완전한 사랑,드라마,[18],2003-10-04,0,0,1.1961,128334
돌아와요 아저씨,드라마,[],,0,0,0.9664,313968
차박로드,예능,[10767],2026-06-09,0,0,0.9163,325249
처음 만나는 삼국유사,예능,"[10762, 16, 10767]",2025-04-17,0,0,0.8609,315404
핑크퐁 공룡 유치원,드라마,"[16, 10762]",2024-07-04,0,0,0.8389,275908
꾸러기 탐구생활,예능,"[10764, 10762]",2010-01-13,0,0,1.943,283790
법륜로드: 스님과 손님,예능,[10764],2026-05-19,0,0,1.4058,322724
연애는 직진,예능,[10764],2022-08-03,0,0,0.9066,207385
핑크퐁과 호기: 새 친구 니니모,드라마,"[10762, 16]",2024-09-21,9,1,1.0083,263293
1997 세계최강 아키라키드,드라마,[99],2026-01-25,0,0,0.9248,312366
골 때리는 녀석들 - 레전드 한일전,예능,[10764],2025-12-03,0,0,5.3426,307439
국민 참견 재판,드라마,[],2024-02-22,0,0,1.0347,247107
땡큐,예능,"[10764, 10767]",2013-03-01,0,0,1.0312,300161
18초,예능,[10764],2015-08-11,0,0,1.0069,300296
괴물,드라마,[18],2014-03-30,4,1,1.217,252047
현역가왕,예능,[10764],2023-11-28,0,0,1.1074,240515
너에게 닿기를,예능,[10764],2024-12-12,0,0,0.9712,279392
생활의 달인,드라마,[99],2005-04-25,10,1,0.9114,66042
뜻밖의 미스터리 클럽,예능,[10767],2017-01-28,0,0,0.9066,305617
과몰입 인생사,예능,"[99, 10767]",2023-12-28,0,0,0.9766,233794
레소피,예능,[10764],2022-07-13,0,0,0.8239,279286
서장훈의 이웃집 백만장자,예능,[10767],2025-04-09,0,0,1.139,288558
썸남썸녀,예능,[10764],2015-04-28,0,0,1.5548,215007
반짝반짝,드라마,"[16, 10762]",2022-06-01,2,1,0.8187,204091
한 번쯤 이혼할 결심,예능,"[10764, 10767]",2024-01-14,0,0,1.1532,243654
독신천하,드라마,[18],2006-09-25,4,1,0.9335,208260
처음 만나는 인물 한국사,예능,"[10762, 10767]",2024-06-20,0,0,0.8528,315408
꼬미마녀 라라,드라마,[16],2023-03-13,0,0,0.7861,221986
다시 만난 세계 : 쩌미문,드라마,"[18, 10765]",2022-07-29,2,1,0.935,207083
매직아이,예능,[10767],2014-07-08,0,0,0.7674,204118
핑크퐁 슈퍼구조대,드라마,"[16, 10762]",2022-11-30,0,0,0.8527,283784
전설의 빅피쉬,예능,[10764],2019-04-05,0,0,1.0785,134516
텔레비전에 그게 나왔으면,예능,[10764],2020-07-27,0,0,1.1449,111399
사장님이 보고있다,예능,[10764],2016-02-06,0,0,1.5369,300453
영재발굴단: 인피니티,예능,"[10764, 99]",2026-04-02,0,0,0.9698,318424
식재료 중심 - 격조식당,예능,[10764],2019-05-10,0,0,0.8346,134481
영재 발굴단,예능,[10764],2015-03-25,0,0,0.867,135107
최후의 권력,드라마,[99],2013-11-16,0,0,0.8466,290758
크롱크롱 우주대소동,드라마,"[16, 10762]",2020-04-24,0,0,0.8481,146197
티시태시와 춤추고 노래해요!,드라마,"[16, 10762]",2025-09-03,0,0,1.6279,318336
갱단과의 전쟁,드라마,[99],2025-11-30,0,0,0.8273,307057
타요의 공룡 어드벤처,드라마,"[16, 10762]",2019-09-05,0,0,0.8718,146341
일병 김원훈: 보직의 세계,예능,[10764],2026-02-02,7.333,3,0.7336,313031
글로벌 붕어빵,예능,[10764],2009-02-21,0,0,1.9057,299657
똘똘이 그림일기 동요,드라마,"[16, 10762]",2021-12-08,0,0,0.7256,155020
유명가수에겐 히트곡이 필요해,예능,[10764],2026-02-28,0,0,0.7419,315402
별의별토크: 보고보고보고서,예능,[10767],2025-10-23,0,0,0.8261,303741
워킹맘,드라마,[18],2008-01-01,0,0,0.8974,129541
궁금한 건 못참는 주니토니 이야기,드라마,"[10762, 16]",2023-05-17,0,0,2.9905,258014
남겨진 미래 남극,드라마,[99],2011-05-15,0,0,0.7566,215400
넥스트 샘 올트먼,드라마,[99],2025-11-09,0,0,0.7279,305538
골 때리는 외박,예능,"[10764, 10767]",2022-05-04,0,0,0.97,201276
꼬모는 궁금해,드라마,"[16, 10762]",2018-09-22,2,1,0.9723,208761
사운드 오브 뮤직: 음악의 탄생,드라마,[99],2019-10-06,0,0,0.7672,305606
전설의 리그,예능,[10764],2025-01-29,0,0,0.7702,294937
슈퍼트론,드라마,"[16, 10762]",2023-08-10,0,0,0.7385,232322
주먹쥐고 주방장,예능,[10764],2014-09-09,0,0,1.082,300200
"설날 특집, 낭만 여행 떠나보면 알 거야",예능,[10764],2023-01-21,0,0,0.7714,218754
주먹쥐고 소림사,예능,[10764],2015-10-17,0,0,1.1639,197638
잔망루피,드라마,"[16, 10762]",2025-11-01,9.5,2,0.6251,304581
룸메이트,드라마,[18],2025-04-29,0,0,0.667,291435
요즘 가족: 조카면 족하다?,예능,[10764],2019-02-05,0,0,0.6229,297973
AI 챔피언: 미래를 코딩하다,드라마,[99],2025-11-24,0,0,0.6609,306569
씬스틸러-드라마 전쟁,예능,[10764],2016-12-05,0,0,2.0828,69849
이상한 동물원,드라마,[99],2026-01-18,0,0,0.9851,311757
핑크퐁 뮤지컬 동물 동화,드라마,"[16, 10762]",2023-05-17,0,0,0.7789,283788
옐언니TV,예능,"[10762, 10764]",2025-12-20,0,0,0.5673,308791
사파리 버스 타요,드라마,"[16, 10762]",2022-06-06,0,0,0.5992,306489
2025 SBS 가요대전 Summer,드라마,[],2025-08-09,0,0,0.5947,313498
고쇼,예능,[10767],2012-04-06,0,0,0.6579,46325
기안이쎄오,예능,[10764],2024-12-05,0,0,0.7347,279864
베베핀 댄스타임,드라마,"[16, 10762]",2024-11-03,0,0,0.6014,275909
다이아몬드의 눈물,드라마,[18],2005-09-23,0,0,0.7476,204179
카비온,드라마,[16],2023-09-02,10,1,0.8307,233438
세기의 대결 AI vs 인간,드라마,[99],2021-01-29,0,0,0.7242,130866
베일드 뮤지션,예능,[10764],2025-11-12,0,0,0.724,305445
인싸가족,드라마,"[10762, 35]",2020-06-20,0,0,1.1683,308790
SBS 아트멘터리 당신과 예술 사이: 예술가의 대화법,드라마,[99],2025-03-02,0,0,0.4895,294939
프로젝트 K - 독립투사 발굴기,드라마,[99],2025-08-15,0,0,0.5029,298542
핑크퐁과 체조해요,드라마,"[16, 10762]",2016-01-01,0,0,0.7741,260691
자연으로 돌아간 반달가슴곰,드라마,[99],2002-02-11,0,0,1.5621,295579
웃찾사,드라마,[35],2003-04-20,0,0,0.6767,68047
최후의 제국,드라마,[99],2012-11-18,0,0,0.5465,130997
꼬마히어로 슈퍼잭,드라마,[],2020-08-24,0,0,0.6688,132597
버섯도리TV 버섯벤저스,드라마,[35],2021-02-11,0,0,0.4685,308788
사랑은 기적이 필요해,드라마,"[35, 18]",2005-10-12,0,0,0.5651,230114
핑크퐁 오싹오싹 명작동화,드라마,"[16, 10762]",2024-06-14,0,0,0.5972,296272
방과 후 초능력: 친한 친구 민쩌미,드라마,[10762],2023-04-19,0,0,2.9801,260254
딩동댕 유치원 - 볼록 탐정과 댕슨,드라마,[10762],2023-04-11,0,0,0.6656,272672
강치 아일랜드,드라마,"[16, 10762]",2025-11-05,0,0,0.5406,304942
내 마음이 몽글몽글 - 몽글상담소,드라마,[99],2026-03-08,0,0,0.8398,316081
총몇명,드라마,[],2021-12-16,0,0,0.5386,154934
지식채널e,드라마,[99],2005-09-05,0,0,0.482,111716
괴물의 시간,드라마,[99],2025-11-01,0,0,0.4636,304600
어른 김장하,드라마,[99],2022-12-31,0,0,0.6614,229850
섬총각 영웅,예능,[10764],2025-08-26,0,0,1.037,299230
슈뻘맨TV,예능,"[10762, 10764]",2021-09-09,0,0,0.4975,308792
출동! 중장비 사우루스,드라마,"[16, 10762]",2022-05-03,0,0,0.7066,260200
타요의 씽씽극장,드라마,"[16, 10762]",2013-08-30,0,0,0.4576,98712
TV유치원: 꼬야랑 할거야,드라마,[10762],2017-01-01,0,0,0.5198,254728
꽃보다 여자,드라마,[18],2005-04-22,0,0,0.5889,307997
뚜식이,드라마,[16],2020-03-26,0,0,0.9848,313662
에그박사,드라마,[10762],2019-01-01,0,0,0.4634,154384
핑크퐁 생활습관동요,드라마,"[16, 10762]",2025-04-01,0,0,0.5562,287928
슈뻘맨의 무한도전,예능,"[10762, 10764]",2024-09-10,0,0,0.6254,321605
나를 향한 빅퀘스천,드라마,[99],2017-11-12,0,0,1.4326,295586
뽀로로 공룡월드,드라마,[],2017-11-21,0,0,0.4942,129837
최후의 툰드라,드라마,[],2010-11-14,0,0,0.4697,196029
TV유치원: 지니와 한글놀이,드라마,[10762],2019-06-03,0,0,0.3745,259553
무확행,예능,[10764],2018-09-13,2,1,0.4284,219250
내일은 미스터트롯 2023 설특집,드라마,[],2023-01-23,0,0,0.4283,218902
맨 인 블랙박스,예능,[10764],2016-08-23,0,0,0.4621,128981
안전초코 핫초코,드라마,[10762],2024-04-24,0,0,0.4333,260726
B:MY BOYZ,예능,[10764],2025-06-21,0,0,0.5206,294382
이제 혼자다,예능,[10764],2024-07-09,0,0,0.4564,258835
딩동댕 유치원 - 에그박사와 지구별 자연 탐험대,드라마,[10762],2024-02-26,0,0,0.412,258320
콩순이의 율동교실,드라마,"[16, 10762]",2016-09-08,0,0,0.7791,295183
무명전설,예능,[10764],2026-02-25,0,0,0.4324,315073
아름다웠던 나의 우리에게,드라마,[],2019-05-16,2.5,2,0.385,265169
요리조리 맛있는 수업,예능,"[10762, 10764]",2017-02-27,0,0,0.5164,283786
뽀로로와 루피의 모험,드라마,"[16, 10762]",2020-09-26,0,0,0.5077,146193
키즈 펫 도감,드라마,[10762],2025-05-09,0,0,0.4922,304586
소맥거핀 일상만화,드라마,"[10751, 16, 35]",2025-12-18,0,0,0.5103,308780
베베핀 플레이 타임,드라마,"[16, 10762]",2024-03-18,0,0,0.5451,257225
꽃놀이패,예능,[10764],2016-09-05,0,0,0.4719,154771
미쳤대도 여자야구,드라마,[99],2026-01-04,0,0,0.4246,310023
"잘 먹고 잘 사는 법, 식사하셨어요?",예능,"[99, 10764]",2014-04-26,0,0,2.1679,301659
최화정 김호영의 보고싶었어,예능,"[10764, 10767]",2025-03-08,0,0,0.4705,286023
엉뚱 남매 공작소,드라마,[10762],2018-05-28,0,0,0.4786,259661
세이브 더 게임,드라마,[99],2025-12-29,0,0,0.5667,309405
뽀로로 병원놀이 동화,드라마,"[16, 10762]",2022-01-01,0,0,0.4289,294422
멍키 시티,드라마,[99],2022-05-14,0,0,0.3824,201997
뽀로로 레인저스 메들리,드라마,"[16, 10762]",2025-12-23,0,0,0.5963,309036
뽀롱뽀롱 상어 비밀작전,드라마,"[16, 10762]",2020-06-30,0,0,0.4329,139261
샘 해밍턴의 페이스北,예능,[10764],2019-12-06,0,0,0.4109,134418
뽀로로와 몬스터 놀이공원,드라마,"[16, 10762]",2024-01-01,0,0,0.478,302236
끝사랑,예능,[10764],2024-08-15,0,0,0.4665,261641
일지매,드라마,[],2009-05-05,0,0,0.4161,236513
아기상어 인기 동요,드라마,"[16, 10762]",2023-09-23,0,0,0.599,259534
비트윈,드라마,[],2021-11-26,3,1,0.4639,256389
무지무지 차차차,드라마,"[16, 10762]",2024-01-06,0,0,0.4579,259012
내가 알던 내가 아냐,드라마,[99],2021-11-30,0,0,0.3891,146125
청춘의국,드라마,[],2023-09-13,0,0,0.4161,234728
뽀로로 슈퍼슈퍼 쇼,드라마,"[16, 10762]",2024-04-01,0,0,0.452,307694
영민씨와 대단한 친구들,드라마,[99],2025-09-30,0,0,0.446,314036
꼬모의 감정나라,드라마,"[10762, 16]",2020-02-10,0,0,0.4831,258138
Liteul Poleseuteu,예능,[10764],2019-08-19,0,0,0.337,251640
신비아파트:고스트무서워,드라마,[],2021-04-16,2,1,0.5987,155520
오은영 스테이,예능,[10764],2025-06-23,10,1,0.3459,294559
뽀로로 병원놀이 동요,드라마,"[16, 10762]",2022-01-01,0,0,0.4058,294421
아기상어 요리 놀이,드라마,"[16, 10762]",2024-03-25,0,0,0.4644,286201
시크릿 쥬쥬 별의 여신,드라마,"[16, 10762]",2019-03-29,0,0,0.5174,259467
정브르 호주 스페셜,드라마,[10762],2022-07-19,0,0,0.3483,312367
빨간내복야코,드라마,"[10751, 16, 35]",2025-08-07,0,0,0.4592,302106
지니키즈: 직업 프린세스,드라마,"[16, 10762]",2018-05-18,0,0,0.3663,328893
최후의 툰드라,드라마,[99],2010-11-14,0,0,0.4231,131006
오빠시대,드라마,[],2023-10-06,0,0,0.2736,236566
된다! 뭐든!,드라마,"[16, 35]",2021-01-08,0,0,0.3787,122321
소맥거핀: 찰칵! 세계여행,드라마,"[16, 10751, 10759]",2025-11-09,0,0,0.3075,318288
뽀로로 마법사,드라마,"[16, 10762]",2018-10-24,0,0,0.4054,129833
아기상어 오늘 기분이 어때?,드라마,"[16, 10762]",2024-05-10,0,0,0.3592,294821
다이노 뽀로로,드라마,"[16, 10762]",2022-06-16,0,0,0.4054,272585
"최후의 바다, 태평양",드라마,[99],2011-11-13,0,0,0.3232,295587
스브스뉴스,드라마,[],2025-09-18,0,0,0.3358,312165
"학전, 그리고 뒷것 김민기",드라마,[99],2024-04-21,0,0,0.4029,252415
일지매,드라마,[],,0,0,0.3861,286949
몸바의 바디벤처,드라마,"[16, 10762]",2023-01-01,0,0,0.3191,259011
꼬모와 감정표현,드라마,"[10762, 16]",2020-02-10,0,0,0.2837,258137
베이비 주,드라마,[],2020-01-17,2,1,0.2664,206791
"딩동댕 유치원 - 와우, 이렇게 반짝일 수가!",드라마,[10762],2024-02-27,0,0,0.3322,271396
아따맘마 리마스터,드라마,[],2024-01-01,0,0,0.2713,298497
뮤지컬 레스큐 타요,드라마,"[16, 10762]",2023-06-01,0,0,0.3281,309034
바다 탐험대 옥토넛 캐릭터 그리기,드라마,[10762],2020-08-06,0,0,0.2713,254730
스타 애정촌,예능,[10764],2011-09-13,0,0,0.2836,300189
뽀로로 특별판: 공룡 뼈가 살아났다!,드라마,"[16, 10762]",2023-04-28,0,0,0.3281,259371
시크릿 쥬쥬 별의 보석,드라마,"[10762, 16]",2024-05-31,0,1,0.4468,255812
